bj-pays,das,decks,don,hitSplitAces,peek,reSplitAces,sas,ss17,surr,csm_theoretical,csm_empiric,cut_theoretical,cut_empiric,csm_error,cut_card_error,abs_error_sum
1.2,False,6,10-11,False,False,False,3,True,2-10,2.1168,-1.9326,2.1368,-1.9696,0.1842,0.1672,0.3514
1.2,False,6,9-11,False,False,True,3,True,2-10,1.9794,-1.8043,1.9994,-1.826,0.1751,0.1734,0.34850000000000003
1.5,False,6,Any,False,False,True,3,True,2-10,0.5304,-0.3556,0.5504,-0.3773,0.1748,0.1731,0.3479
1.5,True,6,10-11,False,False,True,3,True,2-10,0.5851,-0.4119,0.6051,-0.4323,0.1732,0.1728,0.346
1.5,False,6,10-11,True,False,True,2,True,2-10,0.6122,-0.438,0.6322,-0.4617,0.1741,0.1704,0.34450000000000003
1.2,False,6,Any,False,False,False,4,True,2-10,1.9382,-1.7659,1.9582,-1.7872,0.1723,0.171,0.34330000000000005
1.2,False,6,10-11,False,False,True,3,True,2-10,2.0636,-1.8872,2.0836,-1.9172,0.1763,0.1664,0.3427
1.5,False,6,10-11,True,False,False,3,True,2-10,0.585,-0.4097,0.605,-0.4376,0.1753,0.1674,0.3427
1.2,False,6,Any,False,False,True,2,True,2-10,1.9705,-1.7935,1.9905,-1.825,0.177,0.1655,0.3425
1.5,True,6,Any,False,False,True,3,True,2-10,0.3934,-0.2167,0.4134,-0.2485,0.1767,0.1649,0.3416
1.2,True,6,9-11,False,False,False,3,True,2-10,1.9023,-1.7306,1.9224,-1.7534,0.1718,0.1689,0.3407
1.5,False,6,9-11,False,False,False,3,True,2-10,0.673,-0.4948,0.693,-0.5307,0.1782,0.1623,0.3405
1.2,True,6,9-11,False,False,False,2,True,2-10,1.9452,-1.7682,1.9652,-1.8021,0.177,0.1631,0.34009999999999996
1.2,False,6,10-11,False,False,True,2,True,2-10,2.144,-1.9738,2.164,-1.9945,0.1701,0.1695,0.3396
1.2,False,6,Any,True,False,True,3,True,2-10,1.7256,-1.5522,1.7456,-1.5798,0.1734,0.1658,0.3392
1.5,True,6,10-11,False,False,True,4,True,2-10,0.5674,-0.3904,0.5874,-0.4252,0.177,0.1622,0.3392
1.5,True,6,Any,False,False,True,4,True,2-10,0.3753,-0.2042,0.3953,-0.2276,0.1711,0.1677,0.3388
1.2,False,6,10-11,False,False,False,2,True,2-10,2.144,-1.9719,2.164,-1.9973,0.172,0.1667,0.3387
1.5,True,6,Any,False,False,True,2,True,2-10,0.4904,-0.315,0.5104,-0.3474,0.1754,0.163,0.33840000000000003
1.2,True,6,10-11,False,False,False,4,True,2-10,1.9903,-1.8174,2.0103,-1.8446,0.1728,0.1656,0.33840000000000003
1.5,False,6,10-11,False,False,False,4,True,2-10,0.752,-0.5784,0.772,-0.6076,0.1736,0.1644,0.33799999999999997
1.5,True,6,Any,True,False,True,2,True,2-10,0.3114,-0.1389,0.3314,-0.1663,0.1725,0.1651,0.3376
1.2,True,6,Any,False,False,True,3,True,2-10,1.7531,-1.5805,1.7731,-1.6082,0.1726,0.1649,0.3375
1.2,True,6,10-11,False,False,False,3,True,2-10,1.9981,-1.8279,2.0181,-1.8512,0.1702,0.1669,0.33709999999999996
1.2,True,6,10-11,False,False,True,2,True,2-10,2.0395,-1.868,2.0595,-1.894,0.1715,0.1655,0.337
1.5,False,6,10-11,False,False,True,4,True,2-10,0.6888,-0.518,0.7088,-0.5427,0.1708,0.1661,0.3369
1.5,False,6,9-11,False,False,False,2,True,2-10,0.7001,-0.5334,0.7201,-0.5504,0.1667,0.1697,0.3364
1.2,True,6,9-11,True,False,False,4,True,2-10,1.7222,-1.549,1.7422,-1.5797,0.1732,0.1625,0.3357
1.2,True,6,10-11,True,False,False,2,True,2-10,1.8674,-1.6946,1.8874,-1.7251,0.1728,0.1622,0.335
1.2,True,6,9-11,False,False,True,2,True,2-10,1.9452,-1.7737,1.9652,-1.8029,0.1715,0.1623,0.3338
1.2,True,6,Any,False,False,True,2,True,2-10,1.8501,-1.6742,1.8701,-1.7124,0.1759,0.1577,0.3336
1.5,False,6,Any,False,False,True,4,True,2-10,0.5153,-0.3416,0.5353,-0.3754,0.1737,0.1599,0.3336
1.5,False,6,10-11,True,False,False,4,True,2-10,0.5799,-0.4104,0.5999,-0.4368,0.1695,0.163,0.3325
1.2,False,6,10-11,True,False,False,3,True,2-10,1.9447,-1.7738,1.9647,-1.8032,0.1709,0.1615,0.33240000000000003
1.2,True,6,10-11,False,False,False,2,True,2-10,2.0395,-1.8718,2.0595,-1.8949,0.1677,0.1646,0.3323
1.5,True,6,9-11,False,False,True,4,True,2-10,0.4714,-0.3011,0.4914,-0.3295,0.1703,0.1619,0.3322
1.5,False,6,Any,False,False,True,2,True,2-10,0.6108,-0.4409,0.6308,-0.4685,0.1699,0.1623,0.3322
1.5,False,6,Any,True,False,False,3,True,2-10,0.4116,-0.2437,0.4316,-0.2672,0.1678,0.1643,0.3321
1.2,True,6,9-11,False,False,True,4,True,2-10,1.8311,-1.663,1.8511,-1.6872,0.168,0.1639,0.3319
1.2,False,6,9-11,True,False,False,2,True,2-10,1.8877,-1.7203,1.9077,-1.7433,0.1674,0.1644,0.3318
1.5,True,6,Any,True,False,False,3,True,2-10,0.2677,-0.0969,0.2877,-0.1268,0.1708,0.1609,0.3317
1.5,False,6,10-11,False,False,False,2,True,2-10,0.7843,-0.6163,0.8043,-0.6409,0.168,0.1634,0.33140000000000003
1.2,True,6,10-11,True,False,False,4,True,2-10,1.8181,-1.6515,1.8381,-1.6736,0.1667,0.1646,0.3313
1.2,False,2,10-11,False,False,False,4,True,2-10,1.9651,-1.7949,2.0281,-1.8671,0.1702,0.161,0.3312
1.5,True,6,10-11,True,False,False,2,True,2-10,0.5077,-0.333,0.5277,-0.3712,0.1746,0.1565,0.3311
1.2,True,2,10-11,False,False,False,3,True,2-10,1.8508,-1.6834,1.9138,-1.7502,0.1674,0.1636,0.33099999999999996
1.5,False,6,Any,True,False,False,2,True,2-10,0.4387,-0.2691,0.4587,-0.2974,0.1696,0.1613,0.33089999999999997
1.2,False,6,10-11,True,False,True,3,True,2-10,1.8991,-1.729,1.9191,-1.7587,0.1701,0.1604,0.3305
1.2,False,6,10-11,True,False,True,4,True,2-10,1.8858,-1.7189,1.9058,-1.7424,0.1669,0.1634,0.3303
1.5,True,6,Any,True,False,True,3,True,2-10,0.2211,-0.0575,0.2411,-0.0746,0.1636,0.1665,0.3301
1.2,False,2,10-11,False,False,True,4,True,2-10,1.9147,-1.748,1.9777,-1.816,0.1668,0.1617,0.3285
1.5,True,6,Any,True,False,True,4,True,2-10,0.2046,-0.0362,0.2246,-0.0647,0.1684,0.1599,0.3283
1.5,False,6,9-11,False,False,True,3,True,2-10,0.6197,-0.4563,0.6397,-0.4749,0.1634,0.1648,0.3282
1.2,True,2,Any,False,False,True,3,True,2-10,1.579,-1.4106,1.642,-1.4833,0.1684,0.1587,0.3271
1.5,False,6,9-11,True,False,False,2,True,2-10,0.528,-0.3636,0.548,-0.3853,0.1644,0.1627,0.3271
1.5,False,6,9-11,True,False,True,4,True,2-10,0.4419,-0.2799,0.4619,-0.2972,0.1621,0.1648,0.32689999999999997
1.2,True,2,Any,False,False,False,2,True,2-10,1.661,-1.4917,1.724,-1.5667,0.1693,0.1573,0.3266
1.5,False,2,10-11,False,False,False,2,True,2-10,0.6178,-0.4522,0.6808,-0.52,0.1656,0.1608,0.3264
1.5,False,6,Any,True,False,True,3,True,2-10,0.3659,-0.1977,0.3859,-0.2279,0.1683,0.158,0.32630000000000003
1.2,True,2,10-11,True,False,False,4,True,2-10,1.6912,-1.5215,1.7542,-1.5979,0.1697,0.1564,0.3261
1.2,False,2,Any,False,False,True,2,True,2-10,1.7848,-1.6177,1.8478,-1.6893,0.1671,0.1585,0.3256
1.2,True,2,9-11,False,False,False,3,True,2-10,1.7353,-1.5655,1.7983,-1.6428,0.1698,0.1556,0.3254
1.5,True,6,10-11,True,False,False,4,True,2-10,0.4585,-0.2926,0.4785,-0.319,0.1659,0.1595,0.3254
1.5,True,6,9-11,True,False,True,2,True,2-10,0.4134,-0.2471,0.4334,-0.275,0.1663,0.1584,0.3247
1.2,True,2,9-11,False,False,False,2,True,2-10,1.7723,-1.6012,1.8353,-1.6817,0.1711,0.1536,0.3247
1.5,False,2,9-11,False,False,False,4,True,2-10,0.4896,-0.3196,0.5526,-0.3979,0.17,0.1547,0.3247
1.5,True,6,9-11,True,False,True,3,True,2-10,0.3249,-0.1591,0.3449,-0.1863,0.1658,0.1586,0.3244
1.2,False,2,10-11,True,False,False,2,True,2-10,1.8368,-1.6694,1.8998,-1.743,0.1674,0.1568,0.3242
1.5,False,6,9-11,True,False,True,2,True,2-10,0.528,-0.3642,0.548,-0.3881,0.1638,0.1599,0.3237
1.2,False,2,Any,False,False,False,2,True,2-10,1.7848,-1.6153,1.8478,-1.694,0.1695,0.1538,0.32330000000000003
1.2,True,2,9-11,True,False,False,2,True,2-10,1.6178,-1.4532,1.6808,-1.5221,0.1646,0.1587,0.32330000000000003
1.2,True,2,10-11,True,False,False,2,True,2-10,1.7317,-1.5696,1.7947,-1.634,0.1621,0.1607,0.3228
1.2,False,2,9-11,True,False,True,2,True,2-10,1.7348,-1.5707,1.7978,-1.6392,0.1641,0.1586,0.3227
1.2,True,2,10-11,True,False,False,3,True,2-10,1.6963,-1.5293,1.7593,-1.6036,0.167,0.1557,0.3227
1.2,True,2,Any,True,False,False,4,True,2-10,1.4551,-1.2886,1.5181,-1.3619,0.1665,0.1562,0.3227
1.2,False,2,10-11,False,False,False,3,True,2-10,1.9684,-1.804,2.0314,-1.8733,0.1645,0.1582,0.3227
1.5,False,2,10-11,True,False,False,3,True,2-10,0.4405,-0.2759,0.5035,-0.3455,0.1646,0.158,0.3226
1.2,True,2,9-11,False,False,True,3,True,2-10,1.6912,-1.528,1.7542,-1.5948,0.1632,0.1594,0.3226
1.2,True,2,9-11,True,False,True,3,True,2-10,1.5438,-1.3808,1.6068,-1.4473,0.163,0.1595,0.3225
1.5,True,2,10-11,False,False,True,2,True,2-10,0.5127,-0.3469,0.5757,-0.4191,0.1658,0.1566,0.3224
1.5,False,6,10-11,True,False,True,4,True,2-10,0.5261,-0.3602,0.5461,-0.3898,0.1659,0.1563,0.3222
1.5,True,2,10-11,False,False,True,4,True,2-10,0.4218,-0.2526,0.4848,-0.3327,0.1692,0.1521,0.32130000000000003
1.2,True,2,9-11,True,False,False,3,True,2-10,1.5809,-1.4107,1.6439,-1.4928,0.1702,0.1511,0.32130000000000003
1.5,True,2,Any,False,False,False,2,True,2-10,0.2875,-0.123,0.3505,-0.1939,0.1645,0.1566,0.3211
1.5,False,2,10-11,False,False,False,3,True,2-10,0.5949,-0.4279,0.6579,-0.5042,0.167,0.1537,0.3207
1.5,True,2,9-11,False,False,True,2,True,2-10,0.3988,-0.2309,0.4618,-0.309,0.1678,0.1527,0.3205
1.5,True,2,10-11,False,False,False,3,True,2-10,0.4773,-0.3094,0.5403,-0.3877,0.1679,0.1526,0.3205
1.2,True,2,10-11,False,False,True,4,True,2-10,1.7953,-1.6302,1.8583,-1.7033,0.1652,0.155,0.32020000000000004
1.5,True,2,9-11,False,False,True,4,True,2-10,0.3061,-0.14,0.3691,-0.215,0.1661,0.1541,0.3202
1.5,False,2,9-11,False,False,True,2,True,2-10,0.5158,-0.3498,0.5788,-0.4252,0.166,0.1536,0.3196
1.2,False,2,Any,False,False,False,4,True,2-10,1.7587,-1.5967,1.8217,-1.6641,0.1619,0.1576,0.3195
1.2,True,2,Any,False,False,False,3,True,2-10,1.6231,-1.4593,1.6861,-1.5305,0.1638,0.1556,0.3194
1.5,False,2,10-11,False,False,True,2,True,2-10,0.6178,-0.4514,0.6808,-0.5281,0.1664,0.1527,0.3191
1.5,True,2,9-11,True,False,False,4,True,2-10,0.202,-0.0377,0.265,-0.1106,0.1643,0.1544,0.3187
1.2,False,2,Any,True,False,True,2,True,2-10,1.6303,-1.4683,1.6933,-1.5368,0.162,0.1566,0.3186
1.5,False,2,Any,True,False,False,4,True,2-10,0.2307,-0.066,0.2937,-0.1405,0.1647,0.1532,0.3179
1.2,False,2,9-11,True,False,False,4,True,2-10,1.7087,-1.5453,1.7717,-1.6173,0.1634,0.1544,0.31779999999999997
1.5,False,2,Any,False,False,False,2,True,2-10,0.4113,-0.2413,0.4743,-0.3267,0.17,0.1477,0.3177
1.5,False,2,10-11,True,False,True,4,True,2-10,0.3951,-0.2331,0.4581,-0.3026,0.162,0.1555,0.3175
1.2,True,2,10-11,True,False,True,4,True,2-10,1.6491,-1.4892,1.7122,-1.555,0.16,0.1572,0.31720000000000004
1.2,False,2,10-11,True,False,True,3,True,2-10,1.7769,-1.6116,1.8399,-1.6881,0.1654,0.1518,0.3172
1.2,True,2,Any,True,False,False,2,True,2-10,1.4985,-1.3348,1.5615,-1.4082,0.1637,0.1533,0.317
1.2,False,2,10-11,True,False,True,2,True,2-10,1.8368,-1.6738,1.8998,-1.7459,0.163,0.1539,0.3169
1.2,False,2,Any,True,False,False,4,True,2-10,1.6042,-1.4388,1.6672,-1.5157,0.1654,0.1515,0.31689999999999996
1.2,False,6,Any,False,False,True,3,False,2-10,2.09,-1.9298,2.11,-1.9534,0.1602,0.1566,0.31679999999999997
1.2,False,2,Any,False,False,True,4,True,2-10,1.7083,-1.5473,1.7713,-1.6156,0.161,0.1557,0.3167
1.2,True,6,10-11,False,False,True,3,False,2-10,2.1505,-1.9951,2.1705,-2.01,0.1554,0.1605,0.3159
1.2,False,2,9-11,True,False,False,2,True,2-10,1.7348,-1.5739,1.7978,-1.6429,0.161,0.1549,0.3159
1.2,False,2,9-11,True,False,True,4,True,2-10,1.6666,-1.4974,1.7296,-1.5829,0.1692,0.1467,0.31589999999999996
1.2,True,6,10-11,False,False,True,2,False,2-10,2.2449,-2.0846,2.2649,-2.1095,0.1603,0.1555,0.31579999999999997
1.2,True,2,10-11,True,False,True,3,True,2-10,1.6593,-1.4965,1.7223,-1.5693,0.1628,0.153,0.31579999999999997
1.2,True,6,Any,False,False,False,2,False,2-10,2.0471,-1.8851,2.0671,-1.9138,0.1621,0.1534,0.3155
1.5,True,2,Any,False,False,False,3,True,2-10,0.2496,-0.0792,0.3126,-0.1677,0.1704,0.1449,0.3153
1.5,True,2,10-11,True,False,True,2,True,2-10,0.3582,-0.1936,0.4212,-0.2707,0.1646,0.1506,0.31520000000000004
1.5,False,2,9-11,True,False,False,3,True,2-10,0.3385,-0.1759,0.4015,-0.2491,0.1626,0.1524,0.315
1.5,True,2,9-11,False,False,False,4,True,2-10,0.3565,-0.1908,0.4195,-0.2702,0.1657,0.1493,0.31499999999999995
1.2,True,6,Any,False,False,True,3,False,2-10,1.9504,-1.7845,1.9704,-1.8214,0.1659,0.149,0.31489999999999996
1.5,False,2,Any,True,False,False,2,True,2-10,0.2569,-0.0964,0.3199,-0.1655,0.1605,0.1543,0.31479999999999997
1.5,False,2,9-11,True,False,True,2,True,2-10,0.3613,-0.1947,0.4243,-0.2764,0.1667,0.1479,0.3146
1.5,True,2,10-11,True,False,False,2,True,2-10,0.3582,-0.1957,0.4212,-0.2692,0.1625,0.152,0.3145
1.5,False,2,Any,False,False,True,2,True,2-10,0.4113,-0.2451,0.4743,-0.3269,0.1662,0.1475,0.3137
1.5,False,2,9-11,True,False,True,4,True,2-10,0.2931,-0.1298,0.3561,-0.2062,0.1633,0.1499,0.31320000000000003
1.5,False,6,9-11,False,False,True,4,False,2-10,0.8137,-0.649,0.8337,-0.6854,0.1647,0.1483,0.313
1.5,True,2,Any,True,False,False,3,True,2-10,0.0871,0.0793,0.1501,-0.0038,0.1664,0.1463,0.3127
1.2,True,6,10-11,False,False,True,4,False,2-10,2.1328,-1.9719,2.1528,-2.0014,0.1609,0.1514,0.3123
1.2,False,2,Any,True,False,False,3,True,2-10,1.6075,-1.4461,1.6705,-1.5197,0.1614,0.1508,0.3122
1.5,False,2,10-11,True,False,True,2,True,2-10,0.4633,-0.3016,0.5263,-0.3764,0.1617,0.1499,0.3116
1.5,False,2,Any,True,False,False,3,True,2-10,0.234,-0.0737,0.297,-0.1458,0.1603,0.1512,0.3115
1.2,False,6,9-11,False,False,True,4,False,2-10,2.1734,-2.0146,2.1934,-2.041,0.1588,0.1524,0.31120000000000003
1.2,True,6,9-11,False,False,True,4,False,2-10,2.0383,-1.8774,2.0583,-1.908,0.1609,0.1502,0.3111
1.2,False,2,Any,True,False,True,3,True,2-10,1.5705,-1.4075,1.6335,-1.4857,0.163,0.1478,0.31079999999999997
1.5,False,2,Any,False,False,False,4,True,2-10,0.3852,-0.2198,0.4482,-0.303,0.1653,0.1452,0.3105
1.5,True,6,Any,False,False,False,4,False,2-10,0.6355,-0.4764,0.6555,-0.5042,0.1591,0.1512,0.3103
1.5,False,6,10-11,False,False,False,4,False,2-10,0.9595,-0.8032,0.9795,-0.8259,0.1564,0.1536,0.31
1.5,False,6,9-11,False,False,False,2,False,2-10,0.9086,-0.7516,0.9286,-0.7765,0.157,0.1521,0.30910000000000004
1.5,False,6,10-11,False,False,True,2,False,2-10,0.9915,-0.8357,1.0115,-0.8583,0.1558,0.1532,0.309
1.5,False,6,Any,False,False,False,3,False,2-10,0.7833,-0.6229,0.8033,-0.6552,0.1604,0.1481,0.3085
1.2,False,6,Any,False,False,False,2,False,2-10,2.1698,-2.0112,2.1898,-2.0407,0.1587,0.1491,0.3078
1.2,False,6,10-11,False,False,True,2,False,2-10,2.3512,-2.1942,2.3712,-2.2206,0.157,0.1506,0.3076
1.2,True,6,9-11,False,False,False,2,False,2-10,2.152,-1.9933,2.172,-2.0231,0.1587,0.1489,0.3076
1.5,False,2,10-11,False,False,False,4,True,2-10,0.5916,-0.4327,0.6546,-0.5062,0.159,0.1484,0.3074
1.5,True,6,9-11,False,False,False,4,False,2-10,0.7414,-0.5869,0.7614,-0.6089,0.1546,0.1525,0.3071
1.5,True,2,9-11,True,False,False,3,True,2-10,0.2074,-0.0481,0.2703,-0.1226,0.1592,0.1477,0.3069
1.2,False,6,9-11,False,False,True,2,False,2-10,2.2683,-2.1117,2.2883,-2.1383,0.1566,0.15,0.3066
1.5,True,2,Any,True,False,True,3,True,2-10,0.0492,0.1135,0.1122,0.0315,0.1627,0.1437,0.3064
1.5,True,2,9-11,True,False,True,2,True,2-10,0.2443,-0.0845,0.3073,-0.1609,0.1598,0.1464,0.3062
1.2,False,6,10-11,False,False,True,3,False,2-10,2.2713,-2.116,2.2913,-2.1407,0.1553,0.1507,0.306
1.5,False,2,9-11,True,False,False,4,True,2-10,0.3352,-0.1778,0.3982,-0.2497,0.1574,0.1485,0.3059
1.5,True,6,Any,False,False,False,3,False,2-10,0.6437,-0.4864,0.6637,-0.5151,0.1573,0.1485,0.30579999999999996
1.5,True,2,Any,True,False,True,2,True,2-10,0.125,0.0317,0.188,-0.039,0.1567,0.149,0.30569999999999997
1.5,False,6,Any,False,False,True,3,False,2-10,0.7303,-0.5772,0.7503,-0.598,0.1531,0.1523,0.3054
1.5,False,6,10-11,False,False,False,2,False,2-10,0.9915,-0.8381,1.0115,-0.8596,0.1534,0.1519,0.3053
1.2,True,6,10-11,False,False,False,2,False,2-10,2.2449,-2.0901,2.2649,-2.115,0.1548,0.1499,0.30469999999999997
1.5,True,6,9-11,False,False,True,2,False,2-10,0.7923,-0.6391,0.8123,-0.6614,0.1532,0.1509,0.30410000000000004
1.5,True,6,10-11,True,False,False,4,False,2-10,0.6661,-0.5089,0.6861,-0.5398,0.1573,0.1463,0.3036
1.2,False,6,10-11,False,False,False,4,False,2-10,2.3192,-2.1608,2.3392,-2.1943,0.1584,0.1449,0.3033
1.2,False,2,10-11,False,False,True,2,False,2-10,2.1926,-2.0383,2.2556,-2.1066,0.1543,0.149,0.3033
1.5,True,6,Any,False,False,True,4,False,2-10,0.5726,-0.4154,0.5926,-0.4467,0.1572,0.1459,0.30310000000000004
1.2,True,6,9-11,False,False,True,3,False,2-10,2.0562,-1.902,2.0762,-1.9273,0.1541,0.1489,0.303
1.2,True,6,Any,True,False,True,4,False,2-10,1.7631,-1.6079,1.7831,-1.6362,0.1553,0.1469,0.3022
1.5,True,6,9-11,False,False,True,3,False,2-10,0.6965,-0.5437,0.7165,-0.5673,0.1528,0.1491,0.3019
1.5,False,6,Any,True,False,False,2,False,2-10,0.6403,-0.4827,0.6603,-0.5162,0.1576,0.1441,0.30169999999999997
1.5,False,6,Any,True,False,True,2,False,2-10,0.6403,-0.4866,0.6603,-0.5123,0.1537,0.148,0.30169999999999997
1.5,False,6,9-11,True,False,True,3,False,2-10,0.6665,-0.5139,0.6865,-0.5383,0.1526,0.1482,0.3008
1.5,False,6,10-11,True,False,False,4,False,2-10,0.7897,-0.6352,0.8097,-0.6634,0.1545,0.1463,0.3008
1.5,True,6,10-11,True,False,True,3,False,2-10,0.6286,-0.4745,0.6486,-0.5018,0.1541,0.1467,0.30079999999999996
1.2,False,2,9-11,True,False,False,4,False,2-10,1.9131,-1.7553,1.9761,-1.8334,0.1578,0.1428,0.3006
1.2,False,6,9-11,True,False,True,4,False,2-10,2.013,-1.8601,2.033,-1.8853,0.1529,0.1477,0.3006
1.2,True,2,9-11,False,False,True,2,False,2-10,1.9733,-1.8194,2.0363,-1.8896,0.1539,0.1467,0.3006
1.5,False,6,Any,True,False,True,3,False,2-10,0.5681,-0.4099,0.5881,-0.4458,0.1581,0.1422,0.3003
1.5,True,6,10-11,True,False,False,3,False,2-10,0.6739,-0.5211,0.6939,-0.5465,0.1528,0.1474,0.3002
1.2,True,6,10-11,True,False,False,4,False,2-10,2.0258,-1.8727,2.0458,-1.8991,0.1531,0.1467,0.2998
1.2,False,6,Any,True,False,False,3,False,2-10,1.9731,-1.8223,1.9931,-1.8441,0.1508,0.149,0.29979999999999996
1.2,False,6,10-11,True,False,True,4,False,2-10,2.096,-1.9441,2.116,-1.9682,0.1519,0.1478,0.29969999999999997
1.2,True,2,9-11,True,False,False,2,False,2-10,1.8205,-1.6648,1.8835,-1.7399,0.1558,0.1437,0.2995
1.2,False,2,9-11,False,False,True,4,False,2-10,2.0158,-1.858,2.0787,-1.9372,0.1577,0.1416,0.2993
1.2,False,6,Any,True,False,False,4,False,2-10,1.968,-1.818,1.988,-1.8387,0.15,0.1493,0.2993
1.5,True,6,Any,True,False,False,4,False,2-10,0.458,-0.3035,0.478,-0.3332,0.1545,0.1448,0.2993
1.2,True,2,9-11,False,False,False,4,False,2-10,1.9311,-1.7743,1.9941,-1.8519,0.1568,0.1422,0.299
1.2,False,6,Any,True,False,False,2,False,2-10,2.0,-1.8433,2.02,-1.8782,0.1567,0.1418,0.2985
1.5,False,6,Any,True,False,False,4,False,2-10,0.6083,-0.4526,0.6283,-0.4858,0.1557,0.1425,0.2982
1.2,False,2,10-11,False,False,True,3,False,2-10,2.126,-1.9716,2.189,-2.0454,0.1544,0.1436,0.29800000000000004
1.2,False,6,10-11,True,False,True,2,False,2-10,2.1814,-2.0318,2.2014,-2.0529,0.1496,0.1484,0.29800000000000004
1.2,True,6,9-11,True,False,False,3,False,2-10,1.9393,-1.7893,1.9593,-1.8114,0.15,0.1479,0.2979
1.2,False,6,9-11,True,False,False,4,False,2-10,2.0664,-1.9121,2.0864,-1.9434,0.1543,0.143,0.2973
1.2,False,6,Any,True,False,True,4,False,2-10,1.9146,-1.7601,1.9346,-1.792,0.1545,0.1426,0.29710000000000003
1.5,True,2,10-11,False,False,True,2,False,2-10,0.7124,-0.5571,0.7753,-0.6335,0.1552,0.1419,0.29710000000000003
1.2,True,2,Any,False,False,True,4,False,2-10,1.7586,-1.6048,1.8216,-1.6786,0.1538,0.143,0.29679999999999995
1.2,False,1,10-11,False,False,True,3,True,2-10,1.7137,-1.5558,1.8267,-1.6885,0.158,0.1382,0.2962
1.2,True,2,10-11,False,False,False,2,False,2-10,2.0859,-1.9312,2.1488,-2.0075,0.1547,0.1414,0.29610000000000003
1.2,False,1,10-11,False,False,False,3,True,2-10,1.7432,-1.5862,1.8562,-1.7172,0.157,0.139,0.29600000000000004
1.2,False,2,10-11,True,False,True,2,False,2-10,2.0398,-1.8896,2.1028,-1.9575,0.1502,0.1453,0.2955
1.2,True,6,9-11,True,False,False,4,False,2-10,1.9313,-1.7778,1.9513,-1.8093,0.1535,0.142,0.2955
1.5,False,2,10-11,False,False,True,3,False,2-10,0.7525,-0.5955,0.8155,-0.6774,0.157,0.1381,0.29510000000000003
1.2,False,2,10-11,False,False,False,2,False,2-10,2.1926,-2.0419,2.2556,-2.1115,0.1507,0.1441,0.2948
1.5,True,6,10-11,True,False,True,2,False,2-10,0.7154,-0.5651,0.7354,-0.591,0.1503,0.1444,0.29469999999999996
1.2,True,6,10-11,True,False,False,3,False,2-10,2.0336,-1.8873,2.0536,-1.9053,0.1463,0.1483,0.2946
1.2,False,6,Any,True,False,True,3,False,2-10,1.9278,-1.7757,1.9478,-1.8054,0.1521,0.1424,0.2945
1.2,True,6,9-11,True,False,False,2,False,2-10,1.9822,-1.8334,2.0021,-1.8563,0.1487,0.1458,0.2945
1.5,True,2,10-11,False,False,True,4,False,2-10,0.6217,-0.4688,0.6847,-0.5431,0.1529,0.1415,0.2944
1.5,False,2,9-11,False,False,True,2,False,2-10,0.7184,-0.5575,0.7814,-0.6477,0.1608,0.1336,0.2944
1.2,False,1,10-11,False,False,False,4,True,2-10,1.7422,-1.5831,1.8552,-1.7205,0.1591,0.1347,0.29379999999999995
1.2,False,2,10-11,True,False,True,3,False,2-10,1.9802,-1.8276,2.0432,-1.9023,0.1526,0.141,0.29359999999999997
1.5,True,6,Any,True,False,False,2,False,2-10,0.51,-0.3595,0.53,-0.3869,0.1505,0.143,0.2935
1.5,False,2,10-11,True,False,True,4,False,2-10,0.5985,-0.4477,0.6614,-0.5187,0.1507,0.1427,0.2934
1.5,False,6,Any,True,False,True,4,False,2-10,0.5549,-0.404,0.5749,-0.433,0.1509,0.1419,0.2928
1.5,False,2,9-11,True,False,False,2,False,2-10,0.5655,-0.4126,0.6286,-0.4891,0.1529,0.1395,0.2924
1.5,False,2,9-11,True,False,True,2,False,2-10,0.5655,-0.4151,0.6286,-0.4866,0.1504,0.1419,0.2923
1.2,False,2,Any,False,False,True,3,False,2-10,1.9117,-1.7554,1.9747,-1.839,0.1563,0.1357,0.292
1.2,True,2,Any,False,False,False,2,False,2-10,1.8523,-1.6941,1.9153,-1.7816,0.1582,0.1337,0.29190000000000005
1.2,True,2,10-11,True,False,True,2,False,2-10,1.933,-1.7878,1.996,-1.8495,0.1452,0.1465,0.29169999999999996
1.2,True,2,9-11,True,False,True,2,False,2-10,1.8205,-1.6658,1.8835,-1.7469,0.1547,0.1366,0.2913
1.2,False,2,10-11,False,False,False,3,False,2-10,2.1699,-2.0189,2.2329,-2.0929,0.151,0.14,0.29100000000000004
1.5,True,2,9-11,False,False,False,4,False,2-10,0.5576,-0.4021,0.6206,-0.4853,0.1555,0.1353,0.2908
1.2,False,2,10-11,False,False,True,4,False,2-10,2.1165,-1.9699,2.1795,-2.0354,0.1466,0.1441,0.2907
1.2,True,2,9-11,True,False,True,3,False,2-10,1.7467,-1.5966,1.8097,-1.6692,0.1501,0.1405,0.2906
1.2,True,2,9-11,False,False,True,3,False,2-10,1.8925,-1.7396,1.9555,-1.8178,0.1529,0.1377,0.29059999999999997
1.2,False,1,10-11,True,False,True,3,True,2-10,1.5905,-1.4345,1.7035,-1.5691,0.156,0.1344,0.2904
1.5,False,2,Any,False,False,False,2,False,2-10,0.6048,-0.452,0.6678,-0.5302,0.1527,0.1376,0.2903
1.2,False,2,9-11,True,False,True,2,False,2-10,1.939,-1.7914,2.0021,-1.8595,0.1477,0.1426,0.2903
1.2,True,2,9-11,False,False,False,3,False,2-10,1.9364,-1.7849,1.9994,-1.8606,0.1515,0.1387,0.2902
1.5,True,2,9-11,True,False,False,2,False,2-10,0.447,-0.2939,0.51,-0.373,0.1531,0.137,0.2901
1.5,True,2,10-11,True,False,False,3,False,2-10,0.5241,-0.3718,0.5871,-0.4496,0.1524,0.1376,0.29000000000000004
1.5,False,2,9-11,False,False,False,2,False,2-10,0.7184,-0.5652,0.7814,-0.6448,0.1532,0.1366,0.2898
1.5,True,2,10-11,False,False,True,3,False,2-10,0.633,-0.48,0.696,-0.5592,0.153,0.1368,0.2898
1.5,False,2,Any,True,False,False,2,False,2-10,0.452,-0.2979,0.515,-0.3792,0.154,0.1357,0.28969999999999996
1.2,True,1,10-11,True,False,True,4,True,2-10,1.4737,-1.3182,1.5868,-1.4532,0.1556,0.1335,0.2891
1.2,False,2,10-11,True,False,True,4,False,2-10,1.972,-1.8251,2.0349,-1.8927,0.1469,0.1422,0.2891
1.5,False,2,9-11,False,False,True,4,False,2-10,0.6422,-0.4917,0.7053,-0.5667,0.1505,0.1385,0.28900000000000003
1.5,True,6,Any,True,False,False,3,False,2-10,0.4662,-0.3173,0.4862,-0.3462,0.1489,0.14,0.28890000000000005
1.2,True,2,10-11,False,False,False,4,False,2-10,2.0454,-1.8943,2.1084,-1.9704,0.151,0.1379,0.2889
1.2,False,2,9-11,False,False,False,2,False,2-10,2.0919,-1.9432,2.1549,-2.0147,0.1486,0.1402,0.2888
1.5,False,2,9-11,True,False,False,3,False,2-10,0.5429,-0.3866,0.6059,-0.4736,0.1563,0.1323,0.28859999999999997
1.2,False,2,Any,True,False,False,4,False,2-10,1.7995,-1.65,1.8625,-1.7236,0.1496,0.1389,0.2885
1.2,False,1,10-11,True,False,False,3,True,2-10,1.6146,-1.4645,1.7276,-1.5894,0.1501,0.1382,0.2883
1.5,False,6,9-11,True,False,True,2,False,2-10,0.7387,-0.5909,0.7587,-0.6182,0.1478,0.1405,0.2883
1.2,True,1,10-11,False,False,True,3,True,2-10,1.6,-1.446,1.713,-1.5787,0.154,0.1343,0.2883
1.2,False,2,Any,True,False,True,3,False,2-10,1.7659,-1.6118,1.8289,-1.6949,0.1541,0.134,0.2881
1.2,True,2,10-11,False,False,False,3,False,2-10,2.0504,-1.8998,2.1134,-1.9763,0.1507,0.1371,0.2878
1.2,False,1,9-11,True,False,False,2,True,2-10,1.4981,-1.3449,1.6111,-1.4766,0.1532,0.1345,0.2877
1.2,False,2,Any,False,False,False,2,False,2-10,1.9783,-1.8283,2.0413,-1.9039,0.15,0.1374,0.2874
1.2,False,1,9-11,True,False,True,3,True,2-10,1.4585,-1.3075,1.5715,-1.4351,0.1509,0.1364,0.2873
1.2,True,1,10-11,True,False,True,3,True,2-10,1.4768,-1.326,1.5898,-1.4533,0.1508,0.1365,0.2873
1.2,False,2,9-11,True,False,True,3,False,2-10,1.8795,-1.7344,1.9425,-1.8003,0.1451,0.1422,0.2873
1.2,True,1,10-11,False,False,False,4,True,2-10,1.6279,-1.4709,1.7409,-1.6109,0.1569,0.13,0.28690000000000004
1.5,False,2,10-11,False,False,False,4,False,2-10,0.7932,-0.6456,0.8562,-0.717,0.1476,0.1392,0.2868
1.2,True,2,Any,True,False,False,2,False,2-10,1.6908,-1.5414,1.7538,-1.6163,0.1494,0.1374,0.2868
1.2,True,1,10-11,False,False,True,2,True,2-10,1.6543,-1.5044,1.7673,-1.6308,0.15,0.1365,0.2865
1.5,False,2,Any,False,False,True,2,False,2-10,0.6048,-0.4521,0.6678,-0.534,0.1526,0.1338,0.2864
1.5,True,2,9-11,False,False,True,3,False,2-10,0.519,-0.3652,0.582,-0.4493,0.1537,0.1326,0.2863
1.5,False,2,9-11,False,False,False,4,False,2-10,0.6924,-0.5419,0.7554,-0.62,0.1505,0.1355,0.28600000000000003
1.2,True,2,10-11,True,False,True,4,False,2-10,1.8506,-1.7034,1.9136,-1.775,0.1472,0.1387,0.2859
1.2,True,2,9-11,False,False,True,4,False,2-10,1.8809,-1.7329,1.9439,-1.8061,0.148,0.1378,0.2858
1.5,True,2,Any,False,False,True,4,False,2-10,0.3851,-0.2313,0.4481,-0.3163,0.1538,0.1318,0.28559999999999997
1.2,False,1,10-11,False,False,True,2,True,2-10,1.7588,-1.6068,1.8718,-1.7382,0.1519,0.1336,0.2855
1.2,False,1,Any,False,False,False,2,True,2-10,1.4908,-1.3347,1.6038,-1.4745,0.1561,0.1293,0.2854
1.5,False,2,Any,True,False,True,4,False,2-10,0.3841,-0.2361,0.4471,-0.31,0.1481,0.1372,0.2853
1.5,True,2,9-11,False,False,True,4,False,2-10,0.5074,-0.3542,0.5704,-0.4383,0.1532,0.1321,0.2853
1.5,True,2,Any,True,False,True,3,False,2-10,0.2415,-0.0855,0.3045,-0.1755,0.156,0.129,0.28500000000000003
1.2,True,1,9-11,True,False,False,2,True,2-10,1.3792,-1.2269,1.4922,-1.3595,0.1522,0.1326,0.2848
1.2,False,2,Any,False,False,True,4,False,2-10,1.9022,-1.7508,1.9652,-1.8317,0.1514,0.1334,0.2848
1.2,True,1,10-11,True,False,False,3,True,2-10,1.5008,-1.3493,1.6138,-1.4809,0.1515,0.1329,0.2844
1.2,True,2,9-11,True,False,True,4,False,2-10,1.7364,-1.5894,1.7994,-1.6622,0.147,0.1371,0.2841
1.5,True,2,9-11,False,False,False,3,False,2-10,0.5629,-0.4116,0.6259,-0.4932,0.1513,0.1327,0.28400000000000003
1.2,True,1,Any,False,False,True,2,True,2-10,1.3634,-1.2023,1.4764,-1.3536,0.1611,0.1229,0.284
1.5,True,2,10-11,True,False,True,2,False,2-10,0.5595,-0.4113,0.6225,-0.4869,0.1483,0.1356,0.2839
1.5,False,2,Any,False,False,True,3,False,2-10,0.5382,-0.3827,0.6012,-0.4729,0.1555,0.1283,0.2838
1.2,False,1,Any,True,False,False,4,True,2-10,1.3456,-1.1906,1.4586,-1.33,0.1551,0.1286,0.28369999999999995
1.2,False,1,9-11,True,False,False,3,True,2-10,1.4825,-1.3286,1.5955,-1.4659,0.1539,0.1296,0.2835
1.2,False,2,Any,True,False,True,2,False,2-10,1.8255,-1.6755,1.8885,-1.755,0.1499,0.1335,0.2834
1.5,False,2,10-11,True,False,True,2,False,2-10,0.6663,-0.5176,0.7293,-0.5946,0.1486,0.1347,0.2833
1.5,False,2,10-11,False,False,True,4,False,2-10,0.743,-0.5929,0.806,-0.6732,0.1501,0.1328,0.28290000000000004
1.2,True,2,Any,True,False,False,3,False,2-10,1.6528,-1.5026,1.7158,-1.5834,0.1502,0.1325,0.2827
1.2,True,1,9-11,False,False,False,4,True,2-10,1.4798,-1.3269,1.5928,-1.4638,0.1529,0.129,0.28190000000000004
1.5,False,1,9-11,False,False,True,4,True,2-10,0.1841,-0.0264,0.2971,-0.1731,0.1577,0.1239,0.2816
1.2,False,1,10-11,False,False,True,4,True,2-10,1.7109,-1.5614,1.8239,-1.6918,0.1495,0.1321,0.28159999999999996
1.2,True,1,9-11,False,False,False,3,True,2-10,1.4815,-1.3277,1.5945,-1.4668,0.1538,0.1276,0.2814
1.5,True,2,10-11,False,False,False,3,False,2-10,0.6769,-0.5285,0.7399,-0.6074,0.1484,0.1326,0.281
1.5,False,1,10-11,True,False,True,2,True,2-10,0.2354,-0.0849,0.3484,-0.218,0.1505,0.1304,0.2809
1.2,True,1,10-11,True,False,True,2,True,2-10,1.5257,-1.3725,1.6387,-1.5111,0.1532,0.1276,0.2808
1.5,False,1,9-11,True,False,True,2,True,2-10,0.1033,0.0486,0.2163,-0.0876,0.1519,0.1287,0.2806
1.2,False,1,10-11,True,False,False,4,True,2-10,1.6136,-1.4653,1.7266,-1.5944,0.1483,0.1322,0.28049999999999997
1.5,True,1,10-11,False,False,False,2,True,2-10,0.2596,-0.1103,0.3725,-0.2415,0.1493,0.131,0.2803
1.5,True,1,9-11,True,False,True,2,True,2-10,-0.0156,0.1705,0.0974,0.0279,0.1549,0.1253,0.2802
1.2,True,1,9-11,False,False,False,2,True,2-10,1.5078,-1.3625,1.6208,-1.4862,0.1453,0.1345,0.27980000000000005
1.2,False,1,Any,True,False,False,2,True,2-10,1.3622,-1.2056,1.4752,-1.352,0.1566,0.1232,0.2798
1.5,False,1,9-11,True,False,False,4,True,2-10,0.0868,0.0697,0.1998,-0.0766,0.1565,0.1232,0.2797
1.5,True,2,Any,True,False,False,4,False,2-10,0.2738,-0.1257,0.3368,-0.2057,0.1481,0.1311,0.2792
1.5,True,2,Any,False,False,False,4,False,2-10,0.4353,-0.2849,0.4983,-0.3697,0.1504,0.1286,0.279
1.5,False,1,10-11,False,False,False,2,True,2-10,0.364,-0.2104,0.477,-0.3516,0.1535,0.1254,0.27890000000000004
1.2,True,1,Any,False,False,False,2,True,2-10,1.3634,-1.2085,1.4764,-1.353,0.155,0.1234,0.2784
1.2,False,2,Any,True,False,True,4,False,2-10,1.7576,-1.6124,1.8207,-1.6876,0.1452,0.1331,0.2783
1.5,True,1,10-11,True,False,False,2,True,2-10,0.1309,0.0226,0.2439,-0.1193,0.1536,0.1246,0.2782
1.5,False,1,10-11,False,False,True,2,True,2-10,0.364,-0.2108,0.477,-0.3525,0.1531,0.1245,0.2776
1.2,True,1,9-11,True,False,True,2,True,2-10,1.3792,-1.2314,1.4922,-1.3624,0.1477,0.1298,0.27749999999999997
1.5,False,1,10-11,True,False,True,3,True,2-10,0.1957,-0.0425,0.3087,-0.1851,0.1533,0.1236,0.2769
1.5,True,2,9-11,True,False,True,4,False,2-10,0.3629,-0.2186,0.4259,-0.2935,0.1443,0.1323,0.2766
1.5,False,1,9-11,True,False,True,4,True,2-10,0.0613,0.0874,0.1743,-0.0466,0.1486,0.1276,0.2762
1.2,True,1,Any,False,False,True,3,True,2-10,1.3069,-1.1485,1.4199,-1.3021,0.1584,0.1178,0.2762
1.5,True,2,Any,True,False,True,4,False,2-10,0.231,-0.0866,0.294,-0.1624,0.1443,0.1315,0.27580000000000005
1.2,False,1,Any,False,False,True,3,True,2-10,1.4458,-1.2946,1.5588,-1.4348,0.1512,0.124,0.2752
1.5,False,1,9-11,True,False,True,3,True,2-10,0.0637,0.0842,0.1767,-0.0499,0.1479,0.1268,0.2747
1.2,False,1,Any,False,False,False,4,True,2-10,1.4742,-1.3243,1.5872,-1.4626,0.1499,0.1247,0.2746
1.5,True,1,9-11,False,False,False,3,True,2-10,0.0867,0.0625,0.1997,-0.0745,0.1492,0.1252,0.2744
1.5,True,1,9-11,False,False,False,4,True,2-10,0.085,0.0692,0.198,-0.078,0.1542,0.12,0.2742
1.5,True,2,9-11,True,False,True,2,False,2-10,0.447,-0.3074,0.51,-0.3754,0.1396,0.1346,0.2742
1.5,False,1,9-11,True,False,False,3,True,2-10,0.0877,0.0621,0.2008,-0.0771,0.1499,0.1237,0.2736
1.2,True,1,9-11,False,False,True,4,True,2-10,1.4485,-1.3017,1.5615,-1.4347,0.1468,0.1267,0.2735
1.2,True,1,Any,False,False,False,3,True,2-10,1.3363,-1.1859,1.4493,-1.3263,0.1504,0.123,0.2734
1.2,False,1,Any,True,False,True,2,True,2-10,1.3622,-1.2122,1.4752,-1.3519,0.15,0.1233,0.2733
1.5,True,1,9-11,True,False,False,2,True,2-10,-0.0156,0.1669,0.0974,0.0246,0.1513,0.1219,0.2732
1.5,True,1,10-11,True,False,True,4,True,2-10,0.079,0.0697,0.192,-0.0676,0.1487,0.1244,0.2731
1.2,True,1,Any,False,False,True,4,True,2-10,1.3033,-1.1461,1.4163,-1.301,0.1572,0.1153,0.2725
1.2,False,1,Any,True,False,True,3,True,2-10,1.3225,-1.1718,1.4356,-1.3148,0.1507,0.1207,0.2714
1.2,True,1,Any,True,False,False,4,True,2-10,1.1963,-1.0445,1.3093,-1.1901,0.1518,0.1192,0.271
1.5,False,1,Any,False,False,False,2,True,2-10,0.096,0.0584,0.209,-0.0936,0.1544,0.1155,0.26990000000000003
1.5,False,1,Any,True,False,True,4,True,2-10,-0.0746,0.2279,0.0384,0.0781,0.1533,0.1165,0.2698
1.2,True,1,9-11,True,False,False,4,True,2-10,1.3512,-1.2055,1.4642,-1.3419,0.1457,0.1223,0.268
1.5,True,1,Any,False,False,False,4,True,2-10,-0.0602,0.2205,0.0529,0.0546,0.1603,0.1075,0.2678
1.2,True,1,Any,True,False,False,2,True,2-10,1.2251,-1.0726,1.3381,-1.2232,0.1525,0.1149,0.26739999999999997
1.5,False,1,Any,True,False,True,3,True,2-10,-0.0722,0.2249,0.0408,0.0733,0.1527,0.1141,0.2668
1.2,True,1,Any,True,False,True,3,True,2-10,1.1734,-1.0263,1.2864,-1.1669,0.1471,0.1195,0.2666
1.5,True,1,Any,True,False,True,2,True,2-10,-0.1696,0.3192,-0.0566,0.1731,0.1496,0.1165,0.2661
1.5,False,1,Any,False,False,True,4,True,2-10,0.0482,0.106,0.1612,-0.051,0.1542,0.1101,0.2643
1.5,True,1,Any,True,False,False,4,True,2-10,-0.1984,0.3509,-0.0854,0.196,0.1525,0.1105,0.263
1.5,False,1,Any,False,False,False,3,True,2-10,0.0804,0.0702,0.1935,-0.0816,0.1506,0.1119,0.2625
1.2,True,1,10-11,False,False,False,4,False,2-10,1.8166,-1.6743,1.9296,-1.8102,0.1423,0.1194,0.26170000000000004
1.5,True,1,Any,False,False,False,3,True,2-10,-0.0584,0.2091,0.0546,0.0554,0.1507,0.11,0.2607
1.5,True,1,Any,False,False,True,4,True,2-10,-0.0915,0.2434,0.0215,0.0872,0.1519,0.1088,0.2607
1.5,False,1,Any,True,False,False,3,True,2-10,-0.0482,0.1959,0.0648,0.0478,0.1477,0.1126,0.2603
1.2,False,1,10-11,True,False,False,2,False,2-10,1.8217,-1.676,1.9347,-1.8232,0.1457,0.1115,0.2572
1.2,True,1,10-11,False,False,True,4,False,2-10,1.7854,-1.6434,1.8984,-1.7837,0.1419,0.1147,0.2566
1.2,False,1,10-11,True,False,True,2,False,2-10,1.8217,-1.6824,1.9347,-1.8178,0.1393,0.1169,0.2562
1.2,False,1,10-11,False,False,False,3,False,2-10,1.9339,-1.7948,2.0469,-1.9299,0.1391,0.117,0.2561
1.2,False,1,9-11,False,False,False,2,False,2-10,1.8187,-1.678,1.9317,-1.8165,0.1407,0.1152,0.2559
1.5,False,1,10-11,True,False,True,3,False,2-10,0.3874,-0.2481,0.5004,-0.3842,0.1393,0.1162,0.2555
1.2,False,1,10-11,False,False,False,4,False,2-10,1.9329,-1.7967,2.0459,-1.9271,0.1362,0.1189,0.2551
1.2,True,1,10-11,False,False,True,2,False,2-10,1.8432,-1.7021,1.9562,-1.8431,0.1412,0.1131,0.25429999999999997
1.2,False,1,9-11,False,False,False,4,False,2-10,1.8022,-1.6597,1.9152,-1.8036,0.1425,0.1116,0.2541
1.2,False,1,10-11,True,False,False,3,False,2-10,1.8062,-1.6725,1.9192,-1.7989,0.1337,0.1203,0.254
1.2,False,1,10-11,True,False,True,3,False,2-10,1.7822,-1.6451,1.8952,-1.7795,0.137,0.1157,0.25270000000000004
1.5,True,1,10-11,False,False,False,2,False,2-10,0.4484,-0.2999,0.5614,-0.4577,0.1486,0.1037,0.2523
1.2,True,1,9-11,True,False,True,2,False,2-10,1.5704,-1.4315,1.6834,-1.5711,0.1389,0.1123,0.2512
1.5,False,1,10-11,False,False,False,3,False,2-10,0.5391,-0.3943,0.6521,-0.547,0.1449,0.1051,0.25
1.5,False,1,10-11,False,False,True,4,False,2-10,0.5069,-0.3626,0.6199,-0.5144,0.1443,0.1055,0.24980000000000002
1.5,False,1,9-11,True,False,False,3,False,2-10,0.2807,-0.1413,0.3937,-0.2835,0.1394,0.1103,0.24969999999999998
1.5,False,1,10-11,True,False,False,3,False,2-10,0.4114,-0.2676,0.5244,-0.4189,0.1439,0.1055,0.2494
1.2,False,1,9-11,False,False,True,4,False,2-10,1.771,-1.634,1.884,-1.7716,0.137,0.1123,0.24930000000000002
1.2,True,1,9-11,True,False,False,2,False,2-10,1.5704,-1.4318,1.6834,-1.5731,0.1386,0.1103,0.2489
1.5,False,1,9-11,True,False,True,2,False,2-10,0.2962,-0.151,0.4092,-0.3065,0.1452,0.1027,0.2479
1.2,True,1,Any,False,False,True,3,False,2-10,1.4867,-1.3439,1.5997,-1.495,0.1428,0.1047,0.2475
1.5,False,1,9-11,False,False,False,2,False,2-10,0.4239,-0.2807,0.5369,-0.4327,0.1432,0.1042,0.2474
1.5,False,1,9-11,False,False,True,3,False,2-10,0.379,-0.237,0.492,-0.387,0.1421,0.105,0.2471
1.2,False,1,Any,True,False,False,2,False,2-10,1.5453,-1.4086,1.6583,-1.5488,0.1368,0.1095,0.24630000000000002
1.5,True,1,9-11,True,False,False,2,False,2-10,0.1757,-0.0377,0.2887,-0.1808,0.138,0.1078,0.24580000000000002
1.2,False,1,10-11,False,False,True,4,False,2-10,1.9017,-1.766,2.0147,-1.9047,0.1356,0.11,0.24559999999999998
1.5,True,1,9-11,True,False,False,3,False,2-10,0.1493,-0.0072,0.2623,-0.1589,0.1421,0.1035,0.24559999999999998
1.5,False,1,9-11,False,False,True,4,False,2-10,0.3762,-0.2355,0.4892,-0.3846,0.1406,0.1046,0.2452
1.2,False,1,Any,True,False,False,3,False,2-10,1.5298,-1.3948,1.6428,-1.5329,0.1351,0.11,0.24509999999999998
1.5,False,1,10-11,False,False,False,4,False,2-10,0.5382,-0.3963,0.6512,-0.5484,0.1419,0.1027,0.24459999999999998
1.5,False,1,10-11,True,False,True,4,False,2-10,0.385,-0.2489,0.498,-0.3897,0.1361,0.1083,0.2444
1.5,False,1,9-11,True,False,False,4,False,2-10,0.2797,-0.1384,0.3927,-0.29,0.1413,0.1028,0.2441
1.5,False,1,9-11,False,False,False,3,False,2-10,0.4084,-0.269,0.5214,-0.4167,0.1394,0.1047,0.24409999999999998
1.2,True,1,9-11,False,False,True,4,False,2-10,1.6388,-1.4987,1.7518,-1.6482,0.1401,0.1037,0.24380000000000002
1.5,True,1,10-11,False,False,False,3,False,2-10,0.4235,-0.2833,0.5365,-0.4335,0.1402,0.1029,0.24309999999999998
1.5,False,1,Any,True,False,True,3,False,2-10,0.111,0.0319,0.224,-0.1249,0.1429,0.0991,0.242
1.5,True,1,9-11,False,False,False,2,False,2-10,0.3034,-0.1669,0.4164,-0.3109,0.1365,0.1054,0.2419
1.5,True,1,10-11,False,False,True,4,False,2-10,0.3906,-0.2534,0.5036,-0.3991,0.1372,0.1045,0.24169999999999997
1.5,False,1,Any,False,False,False,4,False,2-10,0.2618,-0.1207,0.3748,-0.2746,0.1411,0.1002,0.24130000000000001
1.2,True,1,10-11,True,False,True,3,False,2-10,1.6665,-1.5337,1.7795,-1.6711,0.1328,0.1084,0.2412
1.2,False,1,Any,False,False,False,3,False,2-10,1.6575,-1.5213,1.7705,-1.6661,0.1363,0.1045,0.24080000000000001
1.5,True,1,9-11,True,False,True,3,False,2-10,0.1253,0.0127,0.2383,-0.1358,0.1379,0.1025,0.2404
1.2,False,1,Any,False,False,False,2,False,2-10,1.673,-1.5326,1.786,-1.6872,0.1404,0.0989,0.2393
1.2,True,1,Any,True,False,False,2,False,2-10,1.4056,-1.2708,1.5186,-1.4141,0.1347,0.1045,0.23919999999999997
1.2,True,1,Any,True,False,True,4,False,2-10,1.3505,-1.2135,1.4635,-1.3619,0.137,0.1016,0.2386
1.5,True,1,10-11,False,False,False,4,False,2-10,0.4219,-0.2873,0.5349,-0.4311,0.1346,0.1038,0.2384
1.5,False,1,Any,True,False,True,4,False,2-10,0.1086,0.0294,0.2216,-0.1214,0.138,0.1003,0.2383
1.2,True,1,Any,True,False,True,2,False,2-10,1.4056,-1.2686,1.5186,-1.4173,0.137,0.1013,0.2383
1.5,False,1,Any,False,False,True,4,False,2-10,0.2305,-0.0958,0.3435,-0.2419,0.1347,0.1016,0.23629999999999998
1.5,True,1,9-11,False,False,True,3,False,2-10,0.2476,-0.1105,0.3606,-0.2616,0.1371,0.099,0.2361
1.5,True,1,Any,True,False,True,4,False,2-10,-0.0443,0.1846,0.0687,0.0255,0.1403,0.0942,0.23450000000000001
1.2,False,1,Any,False,False,False,4,False,2-10,1.6566,-1.523,1.7696,-1.6687,0.1336,0.1009,0.2345
1.5,False,1,Any,True,False,True,2,False,2-10,0.1506,-0.0157,0.2636,-0.1645,0.1349,0.0991,0.23399999999999999
1.5,False,1,Any,False,False,False,3,False,2-10,0.2628,-0.1253,0.3758,-0.2792,0.1374,0.0965,0.2339
1.2,False,1,Any,True,False,True,2,False,2-10,1.5453,-1.4108,1.6583,-1.5593,0.1346,0.0991,0.2337
1.2,True,1,Any,False,False,False,4,False,2-10,1.5144,-1.3803,1.6274,-1.5279,0.1341,0.0995,0.2336
1.5,True,1,Any,False,False,False,2,False,2-10,0.1486,-0.0073,0.2616,-0.1723,0.1413,0.0893,0.23060000000000003
1.5,True,1,Any,False,False,True,4,False,2-10,0.0884,0.0535,0.2014,-0.1135,0.1419,0.0879,0.2298
1.5,False,1,Any,False,False,False,2,False,2-10,0.2782,-0.1432,0.3912,-0.3006,0.1351,0.0907,0.2258
1.5,True,1,Any,False,False,False,3,False,2-10,0.1214,0.0096,0.2344,-0.1424,0.131,0.0919,0.2229
1.5,True,1,Any,True,False,True,3,False,2-10,-0.0411,0.1757,0.0719,0.0151,0.1346,0.087,0.2216
1.5,True,1,Any,True,False,False,2,False,2-10,0.0108,0.1229,0.1238,-0.0376,0.1337,0.0862,0.2199
1.5,True,1,Any,False,True,True,4,False,yes,-0.0237,0.012,0.0893,-0.1145,-0.0117,-0.0252,0.0369
1.5,True,1,Any,False,True,False,3,True,yes,-0.1644,0.1542,-0.0514,0.0268,-0.0102,-0.0247,0.0349
1.5,True,1,Any,True,True,False,3,True,yes,-0.3055,0.2932,-0.1925,0.1742,-0.0123,-0.0183,0.030600000000000002
1.2,False,2,10-11,False,True,True,3,False,no,2.084,-2.0767,2.147,-2.1248,0.0073,0.0221,0.029400000000000003
1.5,True,1,Any,False,True,False,3,False,yes,0.0103,-0.0099,0.1232,-0.1517,0.0003,-0.0285,0.028800000000000003
1.5,True,1,Any,True,True,True,4,False,yes,-0.1586,0.152,-0.0456,0.0239,-0.0066,-0.0217,0.0283
1.5,False,1,Any,False,True,False,2,False,yes,0.1695,-0.1733,0.2825,-0.3064,-0.0039,-0.024,0.0279
1.5,True,1,Any,False,True,False,2,True,yes,-0.1365,0.1321,-0.0235,0.0001,-0.0044,-0.0234,0.027800000000000002
1.5,True,1,Any,False,True,True,3,False,yes,-0.02,0.0215,0.093,-0.1192,0.0015,-0.0262,0.027700000000000002
1.2,True,1,10-11,True,True,False,4,False,no,1.6134,-1.6028,1.7264,-1.7097,0.0106,0.0166,0.027200000000000002
1.2,False,2,10-11,False,True,False,2,True,no,1.9424,-1.938,2.0054,-1.983,0.0044,0.0225,0.0269
1.2,False,1,10-11,True,True,True,2,True,no,1.5457,-1.5499,1.6587,-1.6362,-0.0042,0.0226,0.026799999999999997
1.2,False,2,10-11,True,True,False,4,False,no,1.9692,-1.961,2.0322,-2.014,0.0082,0.0183,0.026500000000000003
1.5,True,1,Any,False,False,True,3,True,no,-0.0643,0.0552,0.0487,-0.0659,-0.009,-0.0172,0.0262
1.5,True,1,10-11,True,True,False,3,True,yes,-0.0027,-0.0083,0.1103,-0.1252,-0.011,-0.0149,0.0259
1.5,True,1,Any,True,True,True,2,True,yes,-0.2776,0.268,-0.1646,0.1483,-0.0096,-0.0163,0.0259
1.5,False,1,9-11,False,True,False,2,False,yes,0.3151,-0.3214,0.4281,-0.4475,-0.0063,-0.0194,0.0257
1.5,True,1,9-11,False,True,False,3,True,yes,-0.0193,0.0159,0.0937,-0.1159,-0.0034,-0.0222,0.0256
1.2,True,1,Any,False,True,True,3,False,yes,1.3747,-1.3784,1.4877,-1.5093,-0.0036,-0.0216,0.0252
1.5,False,1,Any,False,True,True,4,False,yes,0.1203,-0.124,0.2333,-0.2546,-0.0038,-0.0213,0.0251
1.5,False,1,Any,False,True,False,4,True,yes,-0.025,0.0211,0.088,-0.1089,-0.0039,-0.0208,0.0247
1.5,False,1,Any,True,True,False,4,True,yes,-0.1564,0.15,-0.0434,0.0251,-0.0064,-0.0182,0.0246
1.2,True,1,9-11,True,True,True,3,False,no,1.4438,-1.4363,1.5568,-1.5397,0.0075,0.0171,0.0246
1.5,True,1,Any,True,False,False,4,True,no,-0.1748,0.1641,-0.0618,0.0479,-0.0107,-0.0139,0.024599999999999997
1.2,True,1,10-11,True,True,True,2,True,no,1.4398,-1.4415,1.5528,-1.5299,-0.0016,0.0229,0.0245
1.5,False,1,Any,True,False,True,2,False,no,0.1906,-0.1953,0.3036,-0.3232,-0.0046,-0.0196,0.0242
1.5,True,1,Any,False,False,True,3,False,no,0.132,-0.1344,0.245,-0.2665,-0.0024,-0.0215,0.023899999999999998
1.5,False,1,Any,False,True,True,2,False,yes,0.1695,-0.1772,0.2825,-0.2986,-0.0077,-0.0161,0.0238
1.5,True,1,Any,False,True,False,4,True,yes,-0.1662,0.1571,-0.0532,0.0386,-0.0091,-0.0146,0.0237
1.5,False,1,Any,False,True,False,3,True,yes,-0.0239,0.0162,0.0891,-0.1049,-0.0077,-0.0159,0.023600000000000003
1.5,True,1,10-11,True,True,True,4,False,yes,0.1543,-0.1624,0.2673,-0.2829,-0.0081,-0.0155,0.0236
1.5,False,1,Any,True,True,True,2,False,yes,0.0394,-0.0419,0.1524,-0.1733,-0.0026,-0.0209,0.0235
1.5,True,1,Any,True,True,False,2,False,yes,-0.1021,0.0999,0.0109,-0.0322,-0.0021,-0.0213,0.0234
1.2,True,1,9-11,True,True,True,4,False,yes,1.4026,-1.4103,1.5156,-1.531,-0.0078,-0.0155,0.0233
1.5,False,1,9-11,True,True,False,2,True,yes,-0.0031,-0.0082,0.1099,-0.1217,-0.0114,-0.0118,0.0232
1.5,True,1,Any,True,False,True,4,True,no,-0.201,0.1921,-0.088,0.0737,-0.0089,-0.0143,0.0232
1.5,True,1,Any,True,False,False,4,False,no,0.0219,-0.0265,0.1349,-0.1534,-0.0046,-0.0185,0.0231
1.5,True,1,Any,True,False,False,2,True,no,-0.146,0.1361,-0.033,0.0202,-0.0099,-0.0128,0.0227
1.2,False,1,9-11,False,True,True,2,False,no,1.7479,-1.7413,1.8609,-1.8449,0.0066,0.016,0.022600000000000002
1.2,True,1,10-11,True,True,True,3,True,no,1.3893,-1.3853,1.5023,-1.4838,0.004,0.0185,0.0225
1.5,True,1,9-11,False,True,True,3,True,yes,-0.0497,0.0411,0.0633,-0.0772,-0.0086,-0.0139,0.0225
1.5,True,1,10-11,True,True,False,2,False,yes,0.2079,-0.2131,0.3209,-0.338,-0.0052,-0.0171,0.0223
1.2,True,1,10-11,True,False,True,2,True,no,1.5493,-1.5569,1.6623,-1.6476,-0.0076,0.0147,0.0223
1.2,False,1,10-11,True,True,True,4,False,no,1.7053,-1.6974,1.8183,-1.804,0.0079,0.0143,0.0222
1.5,False,1,9-11,True,True,False,3,True,yes,-0.0194,0.0151,0.0936,-0.1114,-0.0043,-0.0179,0.022199999999999998
1.5,False,2,Any,False,True,True,4,True,yes,0.2303,-0.2377,0.2933,-0.3079,-0.0073,-0.0146,0.0219
1.5,True,1,Any,False,True,False,2,False,yes,0.0382,-0.0388,0.1512,-0.1723,-0.0007,-0.0211,0.0218
1.5,True,2,9-11,False,True,True,4,True,yes,0.2,-0.2105,0.263,-0.2743,-0.0105,-0.0113,0.0218
1.5,True,1,Any,True,False,False,3,False,no,0.0236,-0.0262,0.1366,-0.1558,-0.0026,-0.0192,0.0218
1.5,True,1,Any,False,False,True,4,False,no,0.1284,-0.134,0.2414,-0.2578,-0.0055,-0.0163,0.0218
1.5,True,1,Any,True,False,True,2,False,no,0.0509,-0.0485,0.1639,-0.1833,0.0023,-0.0194,0.0217
1.5,False,1,10-11,False,True,False,2,False,yes,0.4458,-0.4393,0.5588,-0.5738,0.0066,-0.015,0.0216
1.5,True,1,9-11,False,True,True,4,True,yes,-0.0533,0.0489,0.0597,-0.0768,-0.0044,-0.0171,0.021500000000000002
1.5,False,1,Any,True,True,True,3,True,yes,-0.1801,0.1708,-0.0671,0.055,-0.0093,-0.0121,0.0214
1.5,True,1,10-11,False,True,True,3,False,yes,0.2821,-0.288,0.3951,-0.4106,-0.0059,-0.0155,0.0214
1.5,True,2,9-11,True,False,False,2,True,no,0.2996,-0.3129,0.3626,-0.3706,-0.0133,-0.008,0.0213
1.2,False,2,10-11,True,True,True,3,False,no,1.9337,-1.9277,1.9967,-1.9815,0.006,0.0152,0.0212
1.2,False,1,9-11,True,True,False,2,True,no,1.4137,-1.4098,1.5267,-1.5097,0.0039,0.017,0.020900000000000002
1.2,True,2,Any,False,True,True,3,False,no,1.7265,-1.7239,1.7895,-1.7714,0.0026,0.0181,0.020700000000000003
1.2,False,2,Any,True,True,False,3,True,no,1.5518,-1.5448,1.6148,-1.6013,0.0071,0.0136,0.0207
1.5,True,1,Any,False,False,False,2,False,no,0.1887,-0.1834,0.3017,-0.317,0.0053,-0.0153,0.0206
1.5,True,1,9-11,False,True,True,2,True,yes,0.0079,-0.0132,0.1209,-0.1362,-0.0053,-0.0153,0.0206
1.5,True,2,9-11,True,False,False,4,True,no,0.2573,-0.2637,0.3203,-0.3344,-0.0064,-0.0141,0.0205
1.2,False,1,9-11,True,True,True,3,False,no,1.5771,-1.5661,1.6901,-1.6806,0.011,0.0094,0.0204
1.2,False,1,10-11,False,True,True,3,True,no,1.6305,-1.6261,1.7435,-1.7277,0.0044,0.0158,0.020200000000000003
1.5,True,6,Any,True,False,False,4,True,no,0.3382,-0.3468,0.3582,-0.3699,-0.0086,-0.0116,0.0202
1.5,False,6,9-11,True,False,True,4,False,no,0.748,-0.7572,0.768,-0.779,-0.0092,-0.0109,0.0201
1.2,True,1,10-11,True,True,False,4,True,no,1.4124,-1.4156,1.5254,-1.5086,-0.0032,0.0168,0.02
1.2,True,1,9-11,True,True,False,4,True,no,1.2643,-1.2613,1.3773,-1.3605,0.0031,0.0168,0.019899999999999998
1.2,True,2,10-11,True,True,False,4,False,no,1.8461,-1.8412,1.9091,-1.8943,0.0049,0.0148,0.019700000000000002
1.2,False,1,10-11,False,True,False,3,True,no,1.6609,-1.6585,1.7739,-1.7565,0.0024,0.0173,0.0197
1.2,False,1,10-11,True,True,True,3,True,no,1.5047,-1.5016,1.6177,-1.6011,0.003,0.0166,0.0196
1.5,True,1,9-11,True,True,False,4,False,yes,0.034,-0.0417,0.147,-0.1588,-0.0077,-0.0118,0.0195
1.2,False,1,10-11,False,False,False,3,True,no,1.7668,-1.7728,1.8798,-1.8663,-0.006,0.0135,0.0195
1.5,True,1,10-11,True,True,True,2,False,yes,0.2079,-0.2136,0.3209,-0.3347,-0.0057,-0.0138,0.0195
1.5,False,1,9-11,True,True,True,4,True,yes,-0.0467,0.0372,0.0663,-0.0761,-0.0095,-0.0099,0.0194
1.2,True,2,Any,False,True,False,4,False,yes,1.7012,-1.7071,1.7642,-1.7778,-0.0059,-0.0135,0.0194
1.5,True,1,10-11,False,True,False,2,True,yes,0.1544,-0.1591,0.2674,-0.282,-0.0047,-0.0146,0.0193
1.2,False,1,Any,True,True,False,2,False,yes,1.4341,-1.4391,1.5471,-1.5614,-0.005,-0.0142,0.019200000000000002
1.2,True,1,9-11,True,True,True,3,True,no,1.2413,-1.2463,1.3543,-1.3401,-0.005,0.0142,0.019200000000000002
1.2,False,1,10-11,True,False,True,2,True,no,1.6538,-1.6567,1.7668,-1.7505,-0.003,0.0162,0.0192
1.2,False,1,10-11,False,True,False,4,False,no,1.8616,-1.8564,1.9746,-1.9607,0.0052,0.0139,0.0191
1.5,False,2,Any,False,True,True,3,True,yes,0.2405,-0.2474,0.3035,-0.3156,-0.0069,-0.0121,0.019
1.2,True,1,Any,False,True,True,4,True,yes,1.1963,-1.2043,1.3093,-1.3203,-0.008,-0.011,0.019
1.5,True,1,10-11,False,True,False,3,True,yes,0.1287,-0.134,0.2417,-0.2554,-0.0053,-0.0137,0.019
1.5,True,2,10-11,True,True,False,3,False,no,0.4779,-0.4713,0.5409,-0.5286,0.0066,0.0123,0.0189
1.5,True,1,9-11,True,True,True,3,True,yes,-0.1755,0.1681,-0.0625,0.0511,-0.0074,-0.0115,0.0189
1.2,True,2,10-11,True,True,False,2,False,no,1.8877,-1.8837,1.9507,-1.9358,0.004,0.0149,0.0189
1.5,False,1,Any,True,True,True,3,False,yes,-0.0014,-0.0007,0.1116,-0.1284,-0.0021,-0.0168,0.0189
1.2,False,1,10-11,False,True,True,2,False,yes,1.8406,-1.8501,1.9536,-1.9629,-0.0095,-0.0093,0.018799999999999997
1.5,False,1,9-11,True,True,False,2,False,yes,0.185,-0.1937,0.298,-0.308,-0.0087,-0.01,0.0187
1.5,True,1,10-11,True,True,True,3,True,yes,-0.0275,0.0193,0.0855,-0.0958,-0.0083,-0.0104,0.0187
1.2,True,1,9-11,False,True,True,4,False,yes,1.5267,-1.5313,1.6397,-1.6538,-0.0046,-0.0141,0.0187
1.2,False,1,10-11,True,True,False,2,False,no,1.7485,-1.7442,1.8615,-1.8471,0.0043,0.0144,0.0187
1.2,False,2,10-11,True,True,True,4,True,no,1.7104,-1.7106,1.7733,-1.755,-0.0002,0.0184,0.0186
1.2,True,1,Any,False,True,False,3,True,yes,1.2303,-1.2365,1.3433,-1.3557,-0.0061,-0.0124,0.0185
1.2,True,6,10-11,True,False,False,4,True,no,1.8969,-1.9028,1.9169,-1.9294,-0.0059,-0.0125,0.0184
1.2,True,1,9-11,True,True,False,3,True,no,1.2661,-1.2611,1.3791,-1.3658,0.005,0.0133,0.0183
1.5,False,1,10-11,False,True,True,3,False,yes,0.3996,-0.4022,0.5126,-0.5281,-0.0027,-0.0155,0.0182
1.2,False,1,10-11,True,True,True,4,True,no,1.5022,-1.5037,1.6152,-1.5986,-0.0016,0.0165,0.0181
1.5,False,6,10-11,True,False,True,2,True,no,0.6909,-0.6947,0.7109,-0.7252,-0.0038,-0.0143,0.0181
1.2,True,1,9-11,True,False,True,2,True,no,1.4028,-1.4079,1.5158,-1.5029,-0.0051,0.0129,0.018000000000000002
1.5,True,2,Any,False,False,False,4,False,no,0.5063,-0.5003,0.5693,-0.5812,0.0061,-0.0119,0.018000000000000002
1.2,True,2,10-11,True,True,True,2,True,no,1.6757,-1.6795,1.7387,-1.7245,-0.0038,0.0142,0.018000000000000002
1.2,False,2,10-11,True,True,False,2,False,no,1.996,-1.9953,2.059,-2.0417,0.0007,0.0173,0.018
1.2,True,1,10-11,False,True,False,2,False,no,1.7708,-1.766,1.8838,-1.8706,0.0048,0.0131,0.0179
1.5,False,1,9-11,False,True,False,2,True,yes,0.1283,-0.1334,0.2413,-0.2541,-0.0051,-0.0128,0.0179
1.5,True,1,10-11,False,True,True,3,True,yes,0.0983,-0.1056,0.2113,-0.2218,-0.0073,-0.0105,0.0178
1.5,True,1,9-11,False,True,False,2,False,yes,0.1929,-0.1944,0.3059,-0.3222,-0.0015,-0.0162,0.0177
1.5,False,1,10-11,False,True,True,4,False,yes,0.3967,-0.3951,0.5097,-0.5258,0.0016,-0.0161,0.0177
1.2,False,6,10-11,True,False,True,4,True,no,1.9646,-1.9734,1.9846,-1.9932,-0.0089,-0.0087,0.017599999999999998
1.5,True,2,9-11,True,True,False,4,False,yes,0.2921,-0.2915,0.3551,-0.372,0.0007,-0.0169,0.017599999999999998
1.5,True,1,Any,True,True,False,3,False,no,-0.092,0.098,0.021,-0.0325,0.006,-0.0115,0.0175
1.5,True,1,Any,False,True,False,2,False,no,0.0762,-0.0733,0.1892,-0.2037,0.0029,-0.0146,0.0175
1.2,False,2,Any,True,True,True,3,False,no,1.7194,-1.7139,1.7824,-1.7705,0.0056,0.0119,0.0175
1.2,True,1,Any,True,True,False,2,False,no,1.3307,-1.3233,1.4437,-1.4337,0.0074,0.0101,0.0175
1.5,True,1,9-11,True,True,False,2,True,yes,-0.1235,0.1171,-0.0106,-0.0006,-0.0064,-0.0111,0.0175
1.2,False,1,9-11,True,True,False,2,False,no,1.6178,-1.6147,1.7308,-1.7164,0.0031,0.0144,0.017499999999999998
1.5,True,2,9-11,True,True,True,4,True,yes,0.0489,-0.0554,0.1119,-0.1228,-0.0065,-0.0109,0.0174
1.2,False,2,9-11,True,True,False,2,True,no,1.6802,-1.678,1.7432,-1.7281,0.0023,0.0151,0.0174
1.2,False,2,9-11,False,True,False,2,True,no,1.8404,-1.8392,1.9034,-1.8872,0.0012,0.0162,0.0174
1.2,False,2,Any,False,True,True,4,True,no,1.655,-1.6586,1.718,-1.7042,-0.0036,0.0138,0.0174
1.5,True,1,Any,True,False,True,3,False,no,-0.001,0.0022,0.112,-0.1281,0.0012,-0.0161,0.0173
1.5,False,2,Any,True,True,False,3,True,yes,0.1272,-0.1241,0.1902,-0.2044,0.0031,-0.0142,0.0173
1.2,False,2,10-11,False,False,False,2,False,no,2.2636,-2.2557,2.3266,-2.3173,0.0079,0.0093,0.0172
1.2,True,1,9-11,False,True,False,3,True,no,1.3975,-1.3938,1.5105,-1.4971,0.0037,0.0134,0.0171
1.2,True,2,10-11,True,True,True,4,True,yes,1.5381,-1.5461,1.6011,-1.61,-0.008,-0.0089,0.0169
1.5,True,1,9-11,True,True,False,2,False,yes,0.0628,-0.064,0.1758,-0.1915,-0.0012,-0.0157,0.0169
1.2,False,1,10-11,False,True,True,2,False,no,1.8786,-1.8713,1.9916,-1.982,0.0073,0.0096,0.0169
1.2,False,1,9-11,False,True,True,4,False,yes,1.6607,-1.6673,1.7737,-1.7839,-0.0066,-0.0102,0.016800000000000002
1.2,False,1,10-11,False,False,True,3,True,no,1.7373,-1.7405,1.8503,-1.8368,-0.0031,0.0136,0.0167
1.5,True,2,Any,True,False,False,4,True,no,0.1369,-0.144,0.1999,-0.2094,-0.0071,-0.0095,0.0166
1.2,True,6,9-11,True,False,False,4,True,no,1.8009,-1.8086,1.8209,-1.8298,-0.0077,-0.0089,0.0166
1.5,True,1,9-11,True,True,True,2,False,yes,0.0628,-0.0643,0.1758,-0.1908,-0.0015,-0.015,0.0165
1.2,False,1,9-11,False,True,False,4,False,no,1.7309,-1.728,1.8439,-1.8304,0.0029,0.0135,0.016399999999999998
1.5,True,2,Any,True,True,False,4,True,yes,-0.0271,0.0246,0.0359,-0.0498,-0.0025,-0.0139,0.016399999999999998
1.2,False,1,Any,False,True,False,3,True,no,1.3929,-1.3974,1.5059,-1.494,-0.0044,0.0119,0.016300000000000002
1.2,True,1,10-11,True,False,True,3,True,no,1.5004,-1.5095,1.6134,-1.6063,-0.0091,0.0071,0.0162
1.2,True,2,10-11,False,True,True,2,False,no,2.0455,-2.0458,2.1085,-2.0927,-0.0003,0.0158,0.016100000000000003
1.5,False,1,9-11,False,True,False,3,True,yes,0.112,-0.1162,0.225,-0.2368,-0.0043,-0.0118,0.0161
1.5,False,1,Any,True,False,True,2,True,no,-0.009,0.0034,0.104,-0.1145,-0.0056,-0.0105,0.0161
1.2,True,1,10-11,False,True,True,3,False,no,1.7148,-1.7094,1.8278,-1.8174,0.0054,0.0105,0.0159
1.2,False,6,9-11,True,False,False,2,True,no,1.9664,-1.9728,1.9864,-1.9959,-0.0064,-0.0095,0.0159
1.2,False,1,Any,False,True,True,3,True,no,1.3625,-1.3686,1.4755,-1.4658,-0.0061,0.0097,0.0158
1.5,False,1,Any,True,False,True,3,True,no,-0.0486,0.0493,0.0644,-0.0795,0.0007,-0.0151,0.0158
1.2,False,1,9-11,True,True,False,3,True,no,1.3974,-1.3958,1.5104,-1.4962,0.0016,0.0142,0.0158
1.2,False,1,10-11,True,False,False,3,False,no,1.8463,-1.8506,1.9593,-1.9478,-0.0043,0.0115,0.0158
1.2,True,2,9-11,True,True,False,4,True,no,1.5179,-1.5174,1.5809,-1.5658,0.0006,0.0151,0.015700000000000002
1.5,True,1,10-11,True,True,True,3,False,yes,0.1575,-0.1646,0.2705,-0.2789,-0.0072,-0.0085,0.0157
1.5,True,2,Any,False,False,False,3,True,no,0.3049,-0.306,0.3679,-0.3825,-0.0011,-0.0146,0.0157
1.2,True,1,Any,True,False,False,3,True,no,1.2217,-1.234,1.3347,-1.338,-0.0123,-0.0034,0.0157
1.5,False,1,Any,True,False,True,4,True,no,-0.051,0.0446,0.062,-0.0713,-0.0064,-0.0093,0.0157
1.2,True,2,10-11,True,True,False,2,True,no,1.6757,-1.6805,1.7387,-1.7278,-0.0048,0.0109,0.0157
1.5,False,2,10-11,True,True,False,3,True,no,0.3848,-0.3819,0.4478,-0.4351,0.0029,0.0127,0.0156
1.5,True,6,10-11,True,False,True,4,False,no,0.7074,-0.7191,0.7274,-0.7313,-0.0117,-0.0039,0.0156
1.2,True,1,9-11,True,True,True,2,True,no,1.2933,-1.2997,1.4063,-1.3973,-0.0065,0.009,0.0155
1.5,False,2,Any,False,True,False,2,True,no,0.3625,-0.3706,0.4255,-0.418,-0.0081,0.0074,0.0155
1.2,True,2,10-11,True,True,True,4,False,no,1.8019,-1.8052,1.8649,-1.8528,-0.0033,0.0121,0.0154
1.2,False,2,10-11,False,True,True,3,True,no,1.8716,-1.868,1.9346,-1.9229,0.0036,0.0118,0.0154
1.5,True,1,Any,False,True,False,4,False,no,0.0464,-0.0379,0.1595,-0.1661,0.0086,-0.0067,0.015300000000000001
1.2,False,1,9-11,True,True,True,2,True,yes,1.3916,-1.4015,1.5046,-1.4993,-0.0099,0.0054,0.015300000000000001
1.2,False,1,Any,True,False,True,2,True,no,1.3858,-1.3953,1.4988,-1.5046,-0.0095,-0.0058,0.0153
1.2,True,2,10-11,False,False,True,4,False,no,2.0661,-2.0593,2.1292,-2.1208,0.0069,0.0084,0.0153
1.2,False,2,10-11,False,False,False,3,False,no,2.2409,-2.241,2.3039,-2.2887,-0.0,0.0153,0.0153
1.2,True,2,Any,True,True,False,4,False,no,1.6009,-1.6018,1.6639,-1.6497,-0.001,0.0142,0.015200000000000002
1.5,True,1,9-11,True,True,True,4,False,yes,0.0078,-0.0039,0.1208,-0.1322,0.0038,-0.0114,0.0152
1.2,True,1,10-11,True,False,False,3,True,no,1.5245,-1.5371,1.6375,-1.6349,-0.0126,0.0026,0.0152
1.5,False,6,Any,True,False,True,3,True,no,0.4447,-0.4491,0.4647,-0.4754,-0.0044,-0.0107,0.015099999999999999
1.5,False,1,Any,True,False,False,2,False,no,0.1906,-0.1892,0.3036,-0.3172,0.0015,-0.0136,0.015099999999999999
1.2,True,1,Any,True,False,True,3,False,no,1.3938,-1.4019,1.5068,-1.5137,-0.0081,-0.0069,0.015
1.2,False,1,9-11,False,False,False,4,True,no,1.6338,-1.6285,1.7468,-1.7371,0.0053,0.0097,0.015
1.5,True,2,Any,False,True,False,3,False,yes,0.3334,-0.3298,0.3964,-0.4078,0.0036,-0.0114,0.015
1.5,False,1,9-11,True,True,False,4,False,yes,0.168,-0.1704,0.281,-0.2936,-0.0024,-0.0126,0.015
1.5,True,2,Any,True,False,False,3,False,no,0.3503,-0.3565,0.4133,-0.4221,-0.0062,-0.0088,0.015
1.2,True,1,10-11,False,True,True,2,False,no,1.7708,-1.7644,1.8838,-1.8753,0.0064,0.0085,0.0149
1.5,True,1,9-11,False,False,False,4,False,no,0.3154,-0.3233,0.4284,-0.4354,-0.0079,-0.007,0.0149
1.2,False,2,9-11,True,True,True,2,False,no,1.8953,-1.8921,1.9583,-1.9466,0.0032,0.0117,0.0149
1.2,True,2,Any,True,False,True,4,True,no,1.4674,-1.4784,1.5304,-1.5343,-0.011,-0.0039,0.0149
1.5,False,1,9-11,True,True,True,2,False,no,0.223,-0.2182,0.336,-0.326,0.0048,0.01,0.0148
1.5,True,1,10-11,False,True,False,3,False,yes,0.3123,-0.318,0.4253,-0.4344,-0.0057,-0.0091,0.0148
1.2,True,6,9-11,True,True,False,2,False,no,1.9594,-1.9644,1.9794,-1.9696,-0.005,0.0098,0.0148
1.2,True,1,10-11,False,False,True,2,False,no,1.8833,-1.883,1.9963,-1.9816,0.0002,0.0146,0.0148
1.2,False,2,9-11,True,True,False,3,False,no,1.872,-1.8727,1.935,-1.9209,-0.0007,0.0141,0.014799999999999999
1.5,True,1,9-11,True,True,True,3,False,yes,0.011,-0.0123,0.124,-0.1374,-0.0013,-0.0134,0.014700000000000001
1.5,False,1,9-11,True,False,False,4,False,no,0.3198,-0.3251,0.4328,-0.4422,-0.0053,-0.0094,0.014700000000000001
1.2,False,2,10-11,False,True,True,2,True,yes,1.8913,-1.8986,1.9543,-1.9469,-0.0073,0.0074,0.014700000000000001
1.5,True,6,Any,True,False,True,4,True,no,0.2834,-0.2943,0.3034,-0.3071,-0.0109,-0.0038,0.0147
1.5,False,6,Any,True,True,False,4,True,yes,0.2949,-0.2996,0.3149,-0.3247,-0.0048,-0.0098,0.014599999999999998
1.2,False,2,9-11,False,False,False,2,False,no,2.1629,-2.1665,2.2258,-2.2149,-0.0036,0.011,0.014599999999999998
1.5,False,1,10-11,False,True,True,3,False,no,0.4376,-0.4273,0.5506,-0.5463,0.0102,0.0043,0.0145
1.5,False,1,Any,False,True,False,4,True,no,-0.0029,0.0092,0.1101,-0.1183,0.0063,-0.0082,0.0145
1.2,False,1,Any,False,True,True,2,True,yes,1.3872,-1.3938,1.5002,-1.5079,-0.0067,-0.0077,0.0144
1.5,True,2,9-11,True,True,True,4,False,yes,0.2479,-0.2457,0.3109,-0.323,0.0023,-0.0121,0.0144
1.5,True,1,10-11,True,True,False,3,False,no,0.2202,-0.216,0.3332,-0.3231,0.0042,0.0102,0.0144
1.5,False,6,10-11,True,True,False,2,True,yes,0.5023,-0.5143,0.5223,-0.5245,-0.0121,-0.0023,0.0144
1.2,True,1,9-11,False,True,True,4,True,yes,1.3415,-1.3461,1.4545,-1.4642,-0.0047,-0.0097,0.0144
1.5,False,1,10-11,True,True,False,4,False,yes,0.2987,-0.2965,0.4117,-0.4237,0.0022,-0.012,0.0142
1.5,True,2,9-11,False,True,False,4,True,yes,0.2535,-0.2602,0.3165,-0.324,-0.0067,-0.0075,0.0142
1.2,False,1,10-11,False,True,False,4,False,yes,1.8236,-1.8294,1.9366,-1.945,-0.0058,-0.0084,0.014199999999999999
1.2,False,2,10-11,True,True,False,2,True,no,1.7822,-1.7856,1.8452,-1.8345,-0.0035,0.0107,0.014199999999999999
1.5,True,2,10-11,True,True,False,2,False,no,0.5142,-0.5086,0.5772,-0.5687,0.0056,0.0085,0.014100000000000001
1.5,False,1,9-11,False,True,True,2,False,yes,0.3151,-0.3217,0.4281,-0.4356,-0.0066,-0.0075,0.0141
1.5,True,1,10-11,False,False,False,3,True,no,0.2583,-0.2659,0.3713,-0.3778,-0.0076,-0.0065,0.0141
1.5,False,1,9-11,True,True,False,2,True,no,0.0189,-0.0134,0.1319,-0.1234,0.0055,0.0086,0.0141
1.5,True,1,Any,False,False,False,4,True,no,-0.0365,0.0377,0.0765,-0.0892,0.0012,-0.0128,0.014
1.2,False,1,Any,True,True,False,4,True,no,1.2604,-1.2524,1.3734,-1.3674,0.008,0.006,0.014
1.2,True,1,10-11,True,True,True,4,True,yes,1.3641,-1.3744,1.4771,-1.4734,-0.0103,0.0037,0.014
1.5,True,2,Any,False,True,True,3,True,yes,0.1,-0.0977,0.163,-0.1747,0.0023,-0.0117,0.014
1.2,False,6,9-11,True,True,False,2,False,no,2.0772,-2.0639,2.0972,-2.0965,0.0133,0.0007,0.013999999999999999
1.2,True,2,9-11,False,True,True,3,True,no,1.6369,-1.6318,1.6999,-1.6909,0.005,0.009,0.013999999999999999
1.2,False,2,9-11,False,False,True,4,True,no,1.868,-1.8762,1.931,-1.9254,-0.0082,0.0057,0.013900000000000001
1.2,False,2,10-11,True,True,False,4,True,no,1.7547,-1.754,1.8177,-1.8047,0.0008,0.0131,0.013900000000000001
1.2,True,2,Any,True,True,True,2,False,no,1.6454,-1.6429,1.7084,-1.6971,0.0025,0.0114,0.013900000000000001
1.2,True,2,10-11,True,True,True,4,True,no,1.5893,-1.5844,1.6523,-1.6432,0.0048,0.0091,0.0139
1.2,False,2,Any,True,True,True,2,False,no,1.7817,-1.7804,1.8447,-1.8321,0.0013,0.0126,0.0139
1.5,True,2,10-11,False,True,False,4,True,yes,0.3692,-0.3763,0.4322,-0.4389,-0.0071,-0.0067,0.0138
1.2,True,2,10-11,True,True,True,3,False,no,1.8124,-1.8099,1.8754,-1.8641,0.0025,0.0113,0.0138
1.5,False,2,Any,False,False,True,4,False,no,0.5997,-0.6058,0.6627,-0.6704,-0.0061,-0.0077,0.0138
1.5,True,2,Any,True,True,False,4,False,yes,0.1612,-0.1545,0.2242,-0.2313,0.0067,-0.0071,0.0138
1.5,True,2,9-11,True,True,True,3,False,yes,0.2587,-0.254,0.3217,-0.3307,0.0047,-0.009,0.0137
1.2,False,2,10-11,False,True,False,2,False,no,2.1539,-2.1483,2.2169,-2.2087,0.0056,0.0081,0.0137
1.5,False,2,9-11,False,True,False,2,False,no,0.6796,-0.6698,0.7426,-0.7388,0.0099,0.0038,0.0137
1.5,False,1,Any,True,False,False,3,False,no,0.1751,-0.182,0.2881,-0.295,-0.0069,-0.0068,0.0137
1.5,False,6,Any,True,False,True,2,True,no,0.5174,-0.5266,0.5374,-0.5421,-0.0091,-0.0046,0.0137
1.5,False,2,Any,True,False,True,3,True,no,0.2522,-0.2587,0.3152,-0.3224,-0.0065,-0.0072,0.0137
1.2,False,1,9-11,False,True,True,4,False,no,1.6987,-1.6925,1.8117,-1.8043,0.0062,0.0074,0.013600000000000001
1.5,False,1,10-11,True,True,False,3,False,no,0.3377,-0.3324,0.4507,-0.4424,0.0053,0.0083,0.013600000000000001
1.5,False,6,10-11,True,False,False,4,True,no,0.6586,-0.6642,0.6786,-0.6866,-0.0056,-0.008,0.013600000000000001
1.2,True,2,9-11,True,True,False,4,False,no,1.7318,-1.7374,1.7948,-1.7868,-0.0056,0.008,0.013600000000000001
1.2,True,2,Any,False,True,True,2,False,no,1.8119,-1.807,1.8749,-1.8664,0.005,0.0086,0.013600000000000001
1.5,True,1,Any,False,False,True,2,True,no,-0.0077,0.0033,0.1053,-0.1143,-0.0044,-0.009,0.013399999999999999
1.2,True,1,9-11,True,True,True,2,False,no,1.4956,-1.4914,1.6086,-1.5995,0.0042,0.0091,0.0133
1.5,True,2,10-11,False,True,True,2,True,yes,0.4112,-0.4173,0.4742,-0.4815,-0.006,-0.0073,0.0133
1.5,True,6,Any,False,False,True,3,False,no,0.6854,-0.6776,0.7054,-0.6998,0.0077,0.0056,0.0133
1.5,False,6,9-11,True,False,True,2,True,no,0.6068,-0.6164,0.6268,-0.6304,-0.0096,-0.0037,0.0133
1.2,True,1,10-11,True,False,False,4,True,no,1.5229,-1.528,1.6359,-1.6277,-0.0052,0.0081,0.0133
1.5,False,6,9-11,True,False,False,2,False,no,0.8334,-0.8389,0.8534,-0.8611,-0.0055,-0.0077,0.0132
1.5,False,2,Any,False,True,False,2,False,no,0.5661,-0.5612,0.6291,-0.6207,0.0048,0.0084,0.0132
1.5,False,6,9-11,True,True,False,4,False,yes,0.5962,-0.5889,0.6162,-0.6222,0.0072,-0.006,0.0132
1.2,False,2,9-11,True,False,True,4,True,no,1.7219,-1.7324,1.7849,-1.7822,-0.0105,0.0027,0.0132
1.2,False,6,10-11,True,True,False,4,True,yes,1.828,-1.8208,1.848,-1.8421,0.0072,0.006,0.0132
1.5,True,1,9-11,True,False,True,2,False,no,0.2157,-0.2175,0.3287,-0.3402,-0.0018,-0.0114,0.0132
1.2,True,6,10-11,False,False,False,2,False,no,2.3396,-2.3353,2.3596,-2.3685,0.0043,-0.0089,0.0132
1.5,False,1,9-11,True,True,True,4,True,no,-0.0247,0.0301,0.0883,-0.0959,0.0054,-0.0076,0.013000000000000001
1.5,False,6,Any,True,False,True,3,False,no,0.6628,-0.6674,0.6828,-0.6911,-0.0047,-0.0083,0.013000000000000001
1.5,False,2,Any,True,True,False,4,False,yes,0.3152,-0.3125,0.3782,-0.3885,0.0027,-0.0103,0.013000000000000001
1.5,False,1,9-11,True,False,True,2,True,no,0.1269,-0.1344,0.2399,-0.2454,-0.0075,-0.0055,0.013
1.2,False,6,Any,True,False,True,2,True,no,1.8771,-1.8881,1.8971,-1.8991,-0.011,-0.002,0.013
1.5,False,2,Any,True,False,True,4,False,no,0.4551,-0.4655,0.5181,-0.5208,-0.0104,-0.0026,0.013
1.2,True,6,Any,True,True,True,2,False,yes,1.7586,-1.7661,1.7786,-1.7841,-0.0075,-0.0055,0.013
1.2,False,2,Any,True,True,True,2,True,no,1.5757,-1.5743,1.6387,-1.6271,0.0014,0.0116,0.013
1.2,False,2,10-11,False,True,True,4,True,no,1.8615,-1.8578,1.9244,-1.9153,0.0037,0.0092,0.0129
1.2,True,6,Any,True,False,False,3,True,no,1.7061,-1.7129,1.7261,-1.7322,-0.0067,-0.0061,0.0128
1.2,True,1,10-11,False,False,False,2,False,no,1.8833,-1.8887,1.9963,-1.9889,-0.0054,0.0074,0.0128
1.2,True,1,9-11,False,True,True,3,True,no,1.3671,-1.3637,1.4801,-1.4707,0.0034,0.0094,0.0128
1.5,False,1,10-11,True,True,False,3,False,yes,0.2997,-0.3003,0.4127,-0.4249,-0.0006,-0.0122,0.0128
1.2,True,1,9-11,False,True,False,4,False,no,1.5969,-1.5928,1.7099,-1.7012,0.0041,0.0087,0.012799999999999999
1.5,True,1,10-11,False,True,False,2,True,no,0.1765,-0.1819,0.2895,-0.2821,-0.0054,0.0073,0.0127
1.2,True,1,9-11,False,True,False,3,False,no,1.5987,-1.5953,1.7117,-1.7022,0.0033,0.0094,0.0127
1.5,True,1,10-11,False,True,True,3,False,no,0.3201,-0.3109,0.4331,-0.4366,0.0091,-0.0036,0.0127
1.5,True,2,Any,True,True,False,3,True,no,0.0298,-0.0198,0.0928,-0.0901,0.01,0.0027,0.0127
1.2,True,1,Any,False,False,True,4,True,no,1.3269,-1.333,1.4399,-1.4465,-0.0061,-0.0066,0.0127
1.5,True,6,Any,False,True,True,2,False,yes,0.5837,-0.5817,0.6037,-0.6142,0.0021,-0.0105,0.0126
1.2,False,2,9-11,False,False,True,3,False,no,2.0963,-2.09,2.1593,-2.1529,0.0062,0.0064,0.0126
1.2,False,1,9-11,False,True,False,2,True,no,1.5451,-1.5449,1.6581,-1.6457,0.0002,0.0124,0.0126
1.2,False,1,9-11,True,False,False,2,False,no,1.731,-1.7344,1.844,-1.8349,-0.0034,0.0091,0.0125
1.5,False,1,Any,True,True,False,4,False,no,0.0604,-0.0563,0.1734,-0.1818,0.0041,-0.0084,0.0125
1.2,True,2,10-11,True,True,True,2,False,no,1.8877,-1.8894,1.9507,-1.9399,-0.0017,0.0108,0.0125
1.2,True,1,Any,False,False,True,3,False,no,1.5268,-1.5288,1.6398,-1.6505,-0.0019,-0.0106,0.0125
1.5,True,2,10-11,True,False,False,4,True,no,0.373,-0.3837,0.436,-0.4378,-0.0107,-0.0018,0.012499999999999999
1.2,False,1,Any,False,False,True,3,False,no,1.6682,-1.6707,1.7812,-1.7911,-0.0025,-0.0099,0.012400000000000001
1.5,False,2,10-11,False,True,True,2,False,yes,0.714,-0.7101,0.7771,-0.7855,0.0039,-0.0085,0.012400000000000001
1.5,False,2,Any,False,False,False,2,True,no,0.4666,-0.4592,0.5296,-0.5346,0.0074,-0.005,0.012400000000000001
1.5,True,1,10-11,True,False,True,4,False,no,0.3088,-0.3127,0.4218,-0.4303,-0.0039,-0.0085,0.012400000000000001
1.5,True,6,10-11,False,True,False,3,True,no,0.6065,-0.6028,0.6265,-0.6179,0.0037,0.0087,0.0124
1.5,False,2,Any,False,True,True,3,False,no,0.4962,-0.4948,0.5592,-0.5481,0.0014,0.011,0.0124
1.5,False,1,10-11,False,True,False,3,True,yes,0.244,-0.2472,0.357,-0.3663,-0.0032,-0.0092,0.0124
1.2,True,2,Any,False,True,False,2,True,yes,1.5595,-1.5549,1.6225,-1.6303,0.0046,-0.0078,0.0124
1.2,True,1,Any,True,True,False,4,True,yes,1.0874,-1.0885,1.2004,-1.2117,-0.0011,-0.0112,0.0123
1.5,False,2,10-11,True,True,False,4,True,no,0.3812,-0.3831,0.4442,-0.4337,-0.0018,0.0105,0.0123
1.2,True,2,9-11,True,True,False,2,False,no,1.7752,-1.7684,1.8382,-1.8326,0.0068,0.0055,0.012299999999999998
1.2,True,2,10-11,True,False,False,4,False,no,1.9635,-1.9724,2.0265,-2.0231,-0.0088,0.0034,0.0122
1.5,True,6,9-11,False,True,True,3,False,yes,0.5876,-0.5836,0.6076,-0.6158,0.004,-0.0082,0.0122
1.2,True,2,10-11,True,False,True,2,True,no,1.787,-1.7947,1.85,-1.8455,-0.0077,0.0045,0.012199999999999999
1.5,False,2,9-11,True,True,True,2,False,no,0.5218,-0.5217,0.5848,-0.5727,0.0001,0.0121,0.012199999999999999
1.5,True,2,Any,False,True,False,2,True,no,0.2372,-0.2305,0.3002,-0.2948,0.0067,0.0054,0.0121
1.2,False,1,9-11,True,False,False,3,False,no,1.7156,-1.719,1.8286,-1.8199,-0.0034,0.0087,0.0121
1.5,False,6,Any,False,False,True,2,True,no,0.6896,-0.6954,0.7096,-0.7159,-0.0058,-0.0063,0.0121
1.2,True,1,Any,True,True,True,3,True,no,1.0859,-1.0845,1.1989,-1.1882,0.0014,0.0107,0.0121
1.5,False,2,Any,True,False,True,3,False,no,0.4634,-0.4691,0.5264,-0.5328,-0.0057,-0.0064,0.0121
1.5,False,1,10-11,True,True,True,4,False,yes,0.2725,-0.2718,0.3855,-0.3969,0.0007,-0.0114,0.0121
1.2,False,1,Any,False,True,False,4,True,no,1.3919,-1.3856,1.5049,-1.4989,0.0062,0.0059,0.0121
1.5,True,2,Any,False,True,True,2,False,yes,0.3723,-0.3663,0.4353,-0.4413,0.006,-0.006,0.012
1.5,False,1,9-11,False,False,False,4,True,no,0.239,-0.2432,0.352,-0.3598,-0.0042,-0.0078,0.012
1.2,False,1,10-11,False,True,False,2,True,no,1.6772,-1.6804,1.7902,-1.7813,-0.0032,0.0088,0.012
1.2,True,6,9-11,True,False,True,2,True,no,1.8519,-1.8612,1.8719,-1.8693,-0.0094,0.0026,0.012
1.5,False,2,10-11,True,True,False,3,False,no,0.5992,-0.5945,0.6622,-0.655,0.0047,0.0072,0.0119
1.5,True,2,10-11,True,True,True,4,True,yes,0.1646,-0.1698,0.2276,-0.2342,-0.0052,-0.0066,0.0118
1.5,True,2,9-11,True,False,False,3,False,no,0.4811,-0.4836,0.5441,-0.5533,-0.0025,-0.0092,0.0117
1.2,True,1,9-11,True,True,False,4,False,yes,1.4288,-1.4376,1.5418,-1.5447,-0.0088,-0.0029,0.0117
1.2,False,6,9-11,True,False,False,4,True,no,1.9342,-1.9436,1.9542,-1.9564,-0.0095,-0.0022,0.0117
1.5,False,6,Any,False,True,True,4,True,no,0.4794,-0.4866,0.4995,-0.495,-0.0072,0.0045,0.011699999999999999
1.5,True,2,9-11,True,True,True,4,True,no,0.1001,-0.1049,0.1631,-0.1562,-0.0048,0.0069,0.011699999999999999
1.2,False,1,10-11,False,True,True,4,False,yes,1.7914,-1.7951,1.9044,-1.9123,-0.0037,-0.0079,0.011600000000000001
1.5,False,1,Any,False,True,True,2,False,no,0.2075,-0.2053,0.3205,-0.3299,0.0022,-0.0094,0.011600000000000001
1.2,True,6,9-11,False,True,True,4,False,no,2.0165,-2.0204,2.0365,-2.0288,-0.0039,0.0077,0.0116
1.2,True,6,9-11,True,False,False,3,True,no,1.809,-1.8161,1.829,-1.8334,-0.0072,-0.0044,0.0116
1.2,False,1,Any,True,True,True,4,False,yes,1.3909,-1.3915,1.5039,-1.5149,-0.0006,-0.011,0.0116
1.5,False,1,Any,True,False,False,4,False,no,0.1742,-0.1773,0.2872,-0.2956,-0.0031,-0.0084,0.0115
1.2,False,1,9-11,False,True,True,4,True,no,1.4955,-1.4999,1.6085,-1.6013,-0.0043,0.0072,0.0115
1.2,True,1,9-11,True,False,True,4,True,no,1.3493,-1.3589,1.4623,-1.4604,-0.0096,0.0019,0.0115
1.2,False,2,9-11,True,False,False,3,True,no,1.7673,-1.7782,1.8303,-1.8296,-0.0109,0.0006,0.0115
1.2,False,2,Any,True,False,False,2,True,no,1.6856,-1.6943,1.7486,-1.7459,-0.0087,0.0028,0.0115
1.2,True,1,Any,False,True,False,4,True,yes,1.2285,-1.2368,1.3415,-1.3448,-0.0082,-0.0033,0.0115
1.5,False,1,Any,True,True,True,2,False,no,0.0774,-0.0736,0.1904,-0.1981,0.0037,-0.0077,0.0114
1.2,True,2,Any,True,True,False,2,True,no,1.4424,-1.438,1.5054,-1.4984,0.0044,0.007,0.0114
1.5,False,1,9-11,False,False,False,2,True,no,0.2555,-0.2611,0.3685,-0.3742,-0.0056,-0.0057,0.011300000000000001
1.2,False,6,10-11,True,True,False,3,False,yes,2.0442,-2.0337,2.0642,-2.0635,0.0105,0.0008,0.011300000000000001
1.5,False,6,Any,True,False,False,2,True,no,0.5174,-0.5211,0.5374,-0.545,-0.0037,-0.0076,0.011300000000000001
1.2,False,2,9-11,True,True,True,3,False,no,1.833,-1.832,1.896,-1.8858,0.001,0.0102,0.011200000000000002
1.2,True,1,Any,True,False,False,3,False,no,1.4184,-1.4263,1.5314,-1.5347,-0.0079,-0.0033,0.011200000000000002
1.5,True,2,Any,False,True,False,2,False,no,0.4384,-0.4394,0.5014,-0.5116,-0.001,-0.0102,0.011200000000000002
1.5,True,6,Any,True,False,True,3,True,no,0.2999,-0.3014,0.3199,-0.3294,-0.0016,-0.0096,0.0112
1.2,False,1,Any,True,False,False,4,False,no,1.5689,-1.5743,1.6819,-1.6877,-0.0054,-0.0058,0.0112
1.5,False,2,Any,True,True,True,3,False,yes,0.2797,-0.2817,0.3427,-0.3519,-0.002,-0.0092,0.0112
1.2,True,1,10-11,False,False,True,3,True,no,1.6236,-1.6253,1.7366,-1.7271,-0.0017,0.0095,0.0112
1.5,True,6,Any,True,True,False,4,True,yes,0.1462,-0.143,0.1662,-0.1742,0.0032,-0.008,0.0112
1.5,False,6,9-11,False,True,False,3,False,no,0.8671,-0.8719,0.8871,-0.8808,-0.0047,0.0064,0.0111
1.5,True,2,10-11,True,True,False,4,True,yes,0.209,-0.216,0.272,-0.2761,-0.007,-0.0041,0.0111
1.2,False,6,9-11,True,False,True,4,True,no,1.8804,-1.8844,1.9004,-1.9075,-0.004,-0.0071,0.0111
1.5,False,2,9-11,True,True,False,4,False,yes,0.4288,-0.4286,0.4918,-0.5026,0.0003,-0.0108,0.0111
1.2,False,2,10-11,True,False,False,3,True,no,1.8693,-1.8756,1.9323,-1.9274,-0.0063,0.0048,0.011099999999999999
1.2,False,2,9-11,False,True,False,4,False,no,2.0263,-2.0246,2.0893,-2.0801,0.0018,0.0093,0.011099999999999999
1.2,True,6,10-11,True,False,False,4,False,no,2.1205,-2.1286,2.1405,-2.1434,-0.0081,-0.0029,0.011
1.5,False,2,Any,False,False,True,2,True,no,0.4666,-0.4775,0.5296,-0.5295,-0.0109,0.0001,0.011
1.2,False,1,10-11,False,False,False,2,True,no,1.7824,-1.7863,1.8954,-1.8884,-0.004,0.007,0.011
1.5,True,1,9-11,True,False,False,4,False,no,0.1877,-0.1836,0.3007,-0.3076,0.0041,-0.0069,0.011
1.2,True,2,10-11,False,True,True,4,True,no,1.7404,-1.7443,1.8034,-1.7963,-0.0039,0.0071,0.011
1.5,False,2,10-11,False,True,False,2,False,no,0.7804,-0.7735,0.8434,-0.8392,0.0069,0.0041,0.011
1.2,False,6,10-11,True,True,False,3,True,no,1.9062,-1.9042,1.9262,-1.9172,0.002,0.009,0.011
1.2,True,1,9-11,True,False,False,3,True,no,1.3765,-1.3837,1.4895,-1.4857,-0.0072,0.0038,0.011
1.5,False,1,Any,False,True,True,4,True,no,-0.0352,0.0285,0.0778,-0.0821,-0.0067,-0.0043,0.011
1.5,True,2,9-11,False,True,True,3,False,yes,0.409,-0.4103,0.472,-0.4817,-0.0013,-0.0097,0.011
1.2,True,1,Any,True,False,True,2,True,no,1.2488,-1.2577,1.3618,-1.3638,-0.0089,-0.0021,0.011
1.5,False,6,9-11,True,False,True,2,False,no,0.8334,-0.8392,0.8534,-0.8586,-0.0058,-0.0052,0.011
1.5,False,2,9-11,False,True,False,2,False,yes,0.6133,-0.6182,0.6763,-0.6824,-0.0049,-0.0061,0.011
1.5,False,6,Any,False,True,False,2,False,yes,0.708,-0.7028,0.728,-0.7337,0.0052,-0.0058,0.011
1.2,True,1,10-11,False,True,True,4,False,no,1.7113,-1.7141,1.8243,-1.8162,-0.0028,0.0081,0.0109
1.5,True,6,9-11,False,False,True,4,False,no,0.7732,-0.7688,0.7933,-0.7998,0.0044,-0.0065,0.0109
1.2,True,6,10-11,True,True,True,3,True,yes,1.6641,-1.6566,1.6841,-1.6807,0.0075,0.0034,0.0109
1.5,True,6,10-11,True,False,False,4,False,no,0.7608,-0.7671,0.7808,-0.7854,-0.0063,-0.0046,0.0109
1.2,True,6,10-11,True,True,True,4,False,no,1.9444,-1.9396,1.9644,-1.9583,0.0048,0.0061,0.0109
1.5,False,2,10-11,True,False,True,4,True,no,0.4504,-0.4595,0.5134,-0.5116,-0.0091,0.0018,0.0109
1.5,True,6,10-11,True,True,True,4,False,yes,0.4965,-0.4945,0.5165,-0.5253,0.002,-0.0088,0.0108
1.2,False,2,9-11,False,False,True,2,False,no,2.1629,-2.1563,2.2258,-2.2217,0.0066,0.0042,0.0108
1.5,False,2,9-11,True,True,False,3,True,no,0.2828,-0.2881,0.3458,-0.3403,-0.0053,0.0055,0.0108
1.2,True,1,Any,False,False,False,3,False,no,1.5562,-1.5519,1.6692,-1.6756,0.0043,-0.0064,0.010700000000000001
1.2,False,2,10-11,True,True,True,3,True,no,1.7192,-1.7164,1.7822,-1.7741,0.0027,0.008,0.010700000000000001
1.2,True,2,10-11,True,True,True,3,True,yes,1.5487,-1.5557,1.6117,-1.6155,-0.007,-0.0037,0.010700000000000001
1.5,True,6,10-11,True,True,True,3,False,no,0.6015,-0.5949,0.6215,-0.6174,0.0066,0.0041,0.010700000000000001
1.5,False,2,9-11,True,True,False,4,False,no,0.495,-0.4933,0.558,-0.549,0.0017,0.009,0.0107
1.5,False,6,Any,False,True,True,2,False,yes,0.708,-0.7043,0.728,-0.735,0.0036,-0.007,0.0106
1.5,True,1,Any,False,False,False,3,True,no,-0.0348,0.0353,0.0782,-0.0882,0.0005,-0.0101,0.0106
1.2,False,2,Any,True,True,True,3,False,yes,1.6532,-1.6572,1.7162,-1.7228,-0.004,-0.0066,0.0106
1.2,True,2,10-11,False,True,False,4,False,no,2.0039,-2.0028,2.0669,-2.0575,0.0011,0.0095,0.0106
1.5,False,2,Any,True,False,False,4,True,no,0.286,-0.2957,0.349,-0.3498,-0.0097,-0.0009,0.0106
1.2,True,1,10-11,True,True,False,2,True,yes,1.4178,-1.4219,1.5308,-1.5244,-0.0041,0.0064,0.0105
1.5,True,6,10-11,True,False,False,2,False,no,0.8101,-0.8183,0.83,-0.8279,-0.0083,0.0022,0.0105
1.5,True,6,10-11,True,False,True,2,True,no,0.5865,-0.5839,0.6065,-0.6144,0.0025,-0.008,0.0105
1.2,False,2,9-11,False,True,False,4,True,no,1.813,-1.8112,1.876,-1.8672,0.0017,0.0088,0.0105
1.2,False,1,Any,True,False,True,3,False,no,1.5459,-1.5551,1.6589,-1.6602,-0.0092,-0.0013,0.010499999999999999
1.2,False,2,Any,False,False,False,3,True,no,1.8173,-1.8172,1.8803,-1.8699,0.0001,0.0104,0.010499999999999999
1.5,False,2,10-11,False,False,False,4,True,no,0.6469,-0.6559,0.7099,-0.7084,-0.009,0.0015,0.010499999999999999
1.2,False,6,10-11,False,False,True,3,False,no,2.366,-2.3669,2.386,-2.3764,-0.0009,0.0096,0.010499999999999999
1.2,False,1,Any,False,True,False,3,False,yes,1.5483,-1.5508,1.6613,-1.6692,-0.0025,-0.0079,0.010400000000000001
1.5,True,2,9-11,False,True,False,3,True,yes,0.2591,-0.2611,0.3221,-0.3306,-0.0019,-0.0085,0.010400000000000001
1.2,False,2,Any,True,True,False,3,True,yes,1.5007,-1.5095,1.5637,-1.5621,-0.0088,0.0016,0.010400000000000001
1.5,False,2,10-11,True,True,False,3,False,yes,0.533,-0.539,0.596,-0.6004,-0.006,-0.0044,0.0104
1.5,True,6,Any,True,False,False,2,False,no,0.6047,-0.6138,0.6247,-0.6259,-0.0092,-0.0012,0.0104
1.5,True,6,10-11,True,True,True,3,False,yes,0.5132,-0.5174,0.5332,-0.5395,-0.0042,-0.0062,0.0104
1.2,False,2,10-11,True,True,True,2,True,no,1.7822,-1.7828,1.8452,-1.8354,-0.0006,0.0098,0.0104
1.5,True,2,9-11,True,True,False,4,False,no,0.3583,-0.355,0.4213,-0.4142,0.0033,0.0071,0.0104
1.5,False,1,Any,True,True,False,2,False,no,0.0774,-0.0685,0.1904,-0.189,0.0089,0.0014,0.0103
1.2,True,6,10-11,False,False,True,4,True,no,2.0058,-2.0109,2.0258,-2.0206,-0.0051,0.0052,0.0103
1.5,False,1,10-11,True,False,True,2,True,no,0.259,-0.2656,0.372,-0.3684,-0.0067,0.0036,0.0103
1.5,True,1,Any,False,True,False,3,True,no,-0.1424,0.1482,-0.0294,0.0249,0.0058,-0.0045,0.0103
1.5,False,1,9-11,False,False,True,2,True,no,0.2555,-0.256,0.3685,-0.3783,-0.0005,-0.0098,0.0103
1.2,False,1,10-11,False,False,False,4,False,no,1.973,-1.9752,2.086,-2.078,-0.0022,0.008,0.0102
1.2,False,6,9-11,False,True,True,2,True,yes,1.9583,-1.9668,1.9783,-1.9766,-0.0085,0.0017,0.0102
1.2,False,1,Any,True,True,False,2,True,yes,1.2557,-1.259,1.3687,-1.3758,-0.0032,-0.007,0.0102
1.2,True,1,10-11,False,False,False,3,True,no,1.6531,-1.6571,1.7661,-1.7599,-0.004,0.0062,0.0102
1.5,False,1,10-11,True,True,False,4,False,no,0.3367,-0.3331,0.4497,-0.4432,0.0036,0.0066,0.0102
1.5,False,1,10-11,True,True,False,3,True,yes,0.1126,-0.1169,0.2256,-0.2315,-0.0043,-0.0059,0.0102
1.5,False,1,10-11,True,True,False,2,False,no,0.3537,-0.3499,0.4667,-0.4603,0.0038,0.0064,0.0102
1.2,False,2,9-11,True,True,False,2,False,yes,1.829,-1.8313,1.892,-1.8999,-0.0023,-0.0079,0.0102
1.5,False,1,Any,True,False,False,2,True,no,-0.009,0.0092,0.104,-0.114,0.0002,-0.01,0.0102
1.5,True,2,10-11,False,True,False,2,True,no,0.4624,-0.4647,0.5254,-0.5175,-0.0023,0.0079,0.0102
1.2,False,1,10-11,True,True,False,3,False,no,1.7325,-1.7346,1.8455,-1.8373,-0.002,0.0082,0.0102
1.5,False,2,10-11,True,True,False,4,False,no,0.5957,-0.597,0.6587,-0.6497,-0.0012,0.009,0.010199999999999999
1.2,False,2,9-11,True,False,True,3,True,no,1.7302,-1.7368,1.7932,-1.7897,-0.0066,0.0035,0.0101
1.2,True,1,9-11,False,False,False,4,False,no,1.7102,-1.7177,1.8232,-1.8206,-0.0075,0.0026,0.0101
1.2,False,2,Any,True,False,False,3,True,no,1.6628,-1.6703,1.7258,-1.7232,-0.0075,0.0026,0.0101
1.5,True,2,10-11,False,False,False,4,True,no,0.5275,-0.5347,0.5905,-0.5877,-0.0073,0.0028,0.0101
1.2,False,6,9-11,True,False,False,2,False,no,2.1931,-2.1932,2.2131,-2.2231,-0.0001,-0.01,0.0101
1.2,True,2,9-11,True,True,False,3,True,yes,1.4724,-1.4767,1.5354,-1.5412,-0.0043,-0.0058,0.0101
1.2,True,1,Any,True,True,True,2,False,no,1.3307,-1.33,1.4437,-1.4345,0.0008,0.0092,0.01
1.2,True,2,Any,True,True,True,2,True,yes,1.3913,-1.3887,1.4543,-1.4616,0.0026,-0.0074,0.01
1.5,False,6,Any,False,False,True,4,True,no,0.5941,-0.588,0.6141,-0.618,0.006,-0.004,0.01
1.5,False,1,10-11,True,False,True,4,True,no,0.2169,-0.2242,0.3299,-0.3272,-0.0072,0.0028,0.01
1.2,True,6,10-11,True,False,True,2,False,no,2.1697,-2.1762,2.1897,-2.1934,-0.0064,-0.0036,0.01
1.2,True,2,10-11,True,False,True,3,False,no,1.9317,-1.9354,1.9947,-1.9885,-0.0037,0.0063,0.01
1.5,False,6,9-11,False,True,False,3,True,yes,0.5703,-0.5694,0.5903,-0.5993,0.0009,-0.0091,0.01
1.5,True,2,Any,True,True,False,4,False,no,0.2274,-0.2212,0.2904,-0.2941,0.0062,-0.0038,0.01
1.5,True,6,Any,False,True,False,2,False,yes,0.5837,-0.5856,0.6037,-0.6119,-0.0019,-0.0081,0.01
1.2,False,1,10-11,False,False,True,2,False,no,1.9894,-1.9921,2.1025,-2.0951,-0.0027,0.0073,0.01
1.5,True,2,10-11,False,False,False,4,False,no,0.7428,-0.7365,0.8058,-0.8023,0.0064,0.0035,0.0099
1.2,False,1,10-11,True,True,True,4,False,yes,1.6673,-1.6755,1.7803,-1.7785,-0.0082,0.0017,0.0099
1.5,False,2,Any,False,True,False,3,False,yes,0.4765,-0.4772,0.5395,-0.5487,-0.0007,-0.0092,0.009899999999999999
1.2,True,2,Any,True,False,True,4,False,no,1.6755,-1.6831,1.7385,-1.7407,-0.0076,-0.0023,0.009899999999999999
1.5,True,2,9-11,False,False,True,3,False,no,0.5899,-0.5909,0.653,-0.6619,-0.001,-0.0089,0.009899999999999999
1.5,False,2,9-11,True,True,False,2,True,no,0.3067,-0.2994,0.3697,-0.3671,0.0073,0.0026,0.009899999999999999
1.2,False,1,10-11,False,False,True,2,True,no,1.7824,-1.7838,1.8954,-1.887,-0.0015,0.0084,0.009899999999999999
1.2,True,6,9-11,False,False,False,3,True,no,1.9811,-1.9873,2.0011,-1.9974,-0.0061,0.0037,0.0098
1.2,False,1,10-11,False,False,True,4,False,no,1.9417,-1.9448,2.0547,-2.048,-0.0031,0.0067,0.0098
1.5,True,2,Any,False,False,False,4,True,no,0.2994,-0.3036,0.3624,-0.3568,-0.0042,0.0056,0.0098
1.2,False,6,9-11,False,False,True,4,False,no,2.2681,-2.2659,2.2881,-2.2805,0.0022,0.0076,0.0098
1.2,True,1,10-11,False,False,False,2,True,no,1.6779,-1.6758,1.7909,-1.7833,0.0022,0.0076,0.0098
1.5,True,6,10-11,False,False,True,3,False,no,0.8855,-0.8901,0.9055,-0.9002,-0.0046,0.0052,0.0098
1.5,False,2,10-11,True,True,False,4,False,yes,0.5295,-0.5351,0.5925,-0.5968,-0.0056,-0.0042,0.0098
1.2,False,2,9-11,True,False,True,4,False,no,1.9422,-1.9371,2.0052,-2.0005,0.0051,0.0047,0.0098
1.2,False,2,10-11,True,False,True,4,True,no,1.8239,-1.8305,1.8869,-1.8838,-0.0067,0.0031,0.0098
1.2,True,6,9-11,True,False,False,4,False,no,2.0259,-2.0355,2.0459,-2.0463,-0.0095,-0.0003,0.0098
1.5,True,2,10-11,False,True,False,4,False,no,0.6304,-0.6316,0.6934,-0.6848,-0.0012,0.0086,0.0098
1.5,False,6,10-11,False,False,False,4,False,no,1.0542,-1.0461,1.0742,-1.0726,0.0081,0.0017,0.0098
1.2,True,1,9-11,True,True,True,3,False,yes,1.4058,-1.4109,1.5188,-1.5234,-0.0052,-0.0046,0.0098
1.5,False,2,10-11,False,True,False,4,True,yes,0.4903,-0.4838,0.5533,-0.5565,0.0065,-0.0032,0.0097
1.2,False,2,10-11,False,True,True,2,True,no,1.9424,-1.9393,2.0054,-1.9988,0.0031,0.0066,0.0097
1.5,False,1,10-11,True,True,False,2,True,yes,0.1289,-0.1355,0.2419,-0.2452,-0.0065,-0.0032,0.0097
1.2,False,2,10-11,False,True,False,2,True,yes,1.8913,-1.8965,1.9543,-1.9498,-0.0052,0.0045,0.0097
1.2,False,6,10-11,True,True,False,2,True,no,1.9345,-1.9311,1.9546,-1.9483,0.0035,0.0062,0.0097
1.2,False,2,Any,True,False,True,3,True,no,1.6257,-1.633,1.6887,-1.6912,-0.0073,-0.0024,0.0097
1.2,False,2,Any,False,True,True,3,True,no,1.6652,-1.6637,1.7282,-1.7199,0.0014,0.0083,0.0097
1.5,False,2,9-11,True,True,True,3,False,yes,0.3933,-0.397,0.4563,-0.4623,-0.0037,-0.006,0.0097
1.5,True,2,Any,False,True,False,2,False,yes,0.3723,-0.3724,0.4353,-0.4448,-0.0001,-0.0096,0.009699999999999999
1.2,False,1,9-11,True,False,True,2,True,no,1.5217,-1.5242,1.6347,-1.6276,-0.0025,0.0071,0.009600000000000001
1.5,False,1,10-11,True,False,False,2,True,no,0.259,-0.2641,0.372,-0.3675,-0.0051,0.0045,0.009600000000000001
1.2,False,6,10-11,True,False,False,3,False,no,2.2492,-2.2562,2.2692,-2.2718,-0.007,-0.0026,0.009600000000000001
1.2,False,2,10-11,False,False,True,3,False,no,2.197,-2.1935,2.26,-2.2539,0.0035,0.0061,0.009600000000000001
1.2,True,2,9-11,False,False,False,3,True,no,1.7906,-1.7938,1.8536,-1.8472,-0.0032,0.0064,0.009600000000000001
1.2,True,2,10-11,False,False,True,3,False,no,2.0775,-2.0755,2.1405,-2.1329,0.002,0.0076,0.009600000000000001
1.2,True,6,10-11,False,True,True,3,True,yes,1.8358,-1.8288,1.8558,-1.8532,0.007,0.0026,0.009600000000000001
1.2,True,2,Any,True,True,True,4,True,no,1.3522,-1.3587,1.4152,-1.4122,-0.0065,0.0031,0.0096
1.5,True,2,9-11,True,False,True,4,True,no,0.2152,-0.2241,0.2782,-0.2776,-0.0089,0.0007,0.0096
1.5,False,1,10-11,True,True,True,3,False,no,0.313,-0.3138,0.426,-0.4173,-0.0009,0.0087,0.0096
1.2,True,2,10-11,True,False,True,2,False,no,2.004,-2.0084,2.067,-2.0619,-0.0044,0.0051,0.009500000000000001
1.5,True,6,10-11,False,True,True,3,False,yes,0.6819,-0.675,0.7019,-0.7045,0.0069,-0.0026,0.0095
1.2,True,1,10-11,False,True,True,3,False,yes,1.6768,-1.6812,1.7898,-1.795,-0.0043,-0.0052,0.0095
1.2,True,1,Any,True,False,True,4,False,no,1.3906,-1.3913,1.5036,-1.5124,-0.0007,-0.0088,0.0095
1.2,True,6,10-11,True,False,False,3,True,no,1.9047,-1.9125,1.9247,-1.923,-0.0078,0.0017,0.0095
1.5,True,6,9-11,False,True,False,3,True,no,0.5108,-0.5035,0.5308,-0.5287,0.0073,0.0021,0.0094
1.2,True,2,9-11,False,False,True,4,False,no,1.9519,-1.9456,2.0149,-2.0118,0.0063,0.0031,0.0094
1.5,False,2,10-11,False,True,False,2,False,yes,0.714,-0.7174,0.7771,-0.7831,-0.0033,-0.0061,0.0094
1.2,False,6,Any,True,True,True,4,True,no,1.6695,-1.6668,1.6895,-1.6828,0.0027,0.0067,0.0094
1.2,True,1,10-11,True,True,False,3,False,no,1.615,-1.6122,1.728,-1.7214,0.0028,0.0066,0.0094
1.2,True,1,9-11,False,True,False,2,False,no,1.6257,-1.6182,1.7387,-1.7406,0.0075,-0.0019,0.0094
1.5,True,6,Any,False,True,True,2,True,yes,0.3874,-0.3933,0.4074,-0.4108,-0.006,-0.0034,0.0094
1.2,True,2,9-11,False,True,True,4,False,no,1.8365,-1.8385,1.8995,-1.8921,-0.002,0.0074,0.0094
1.2,True,1,9-11,True,False,False,3,False,no,1.5841,-1.591,1.6971,-1.6945,-0.0068,0.0026,0.009399999999999999
1.2,True,1,9-11,False,False,True,4,True,no,1.4721,-1.4766,1.5851,-1.5802,-0.0045,0.0049,0.009399999999999999
1.5,True,6,Any,False,False,False,3,True,no,0.5255,-0.5194,0.5455,-0.5486,0.0061,-0.0032,0.009300000000000001
1.5,False,6,10-11,False,False,False,3,False,no,1.0593,-1.0553,1.0793,-1.0845,0.0041,-0.0052,0.0093
1.2,True,2,9-11,True,False,True,3,False,no,1.8177,-1.8263,1.8807,-1.88,-0.0086,0.0007,0.0093
1.2,True,1,9-11,False,True,False,2,True,yes,1.4026,-1.4081,1.5156,-1.5194,-0.0055,-0.0038,0.0093
1.5,False,1,9-11,False,False,True,4,False,no,0.4162,-0.4152,0.5292,-0.5375,0.001,-0.0083,0.0093
1.2,False,1,9-11,False,True,False,2,False,no,1.7479,-1.7454,1.8609,-1.8541,0.0025,0.0068,0.0093
1.2,False,6,Any,True,False,True,4,True,no,1.7911,-1.7931,1.8111,-1.8184,-0.002,-0.0073,0.0093
1.5,False,6,Any,True,False,False,3,False,no,0.7081,-0.7102,0.7281,-0.7353,-0.0021,-0.0072,0.0093
1.2,True,1,Any,False,True,True,4,True,no,1.2183,-1.2226,1.3313,-1.3364,-0.0042,-0.0051,0.0093
1.2,True,2,9-11,False,False,True,2,False,no,2.0443,-2.0486,2.1073,-2.1024,-0.0043,0.0049,0.0092
1.2,True,2,Any,False,True,True,2,True,no,1.6107,-1.6111,1.6737,-1.665,-0.0005,0.0087,0.0092
1.5,True,1,Any,True,True,False,4,True,no,-0.2853,0.2806,-0.1723,0.1678,-0.0047,-0.0045,0.0092
1.2,False,6,9-11,True,True,True,3,False,yes,1.9126,-1.9066,1.9326,-1.9357,0.006,-0.0032,0.0092
1.5,False,2,Any,False,True,True,2,False,yes,0.4998,-0.4975,0.5627,-0.5698,0.0022,-0.007,0.0092
1.5,True,2,10-11,False,True,True,3,True,yes,0.3277,-0.3303,0.3907,-0.3973,-0.0026,-0.0066,0.0092
1.2,False,1,10-11,True,True,True,3,True,yes,1.4826,-1.4907,1.5956,-1.5945,-0.0081,0.0011,0.0092
1.5,False,1,Any,False,True,False,2,True,no,0.0144,-0.0162,0.1274,-0.1348,-0.0018,-0.0074,0.0092
1.2,False,1,10-11,True,True,True,3,False,yes,1.6698,-1.673,1.7828,-1.777,-0.0033,0.0058,0.0091
1.5,False,1,Any,True,True,True,4,False,no,0.0341,-0.0317,0.1471,-0.1539,0.0024,-0.0067,0.0091
1.2,True,1,Any,True,True,False,2,True,no,1.1393,-1.1404,1.2523,-1.2443,-0.0011,0.008,0.0091
1.5,True,2,10-11,True,True,True,2,True,yes,0.251,-0.2542,0.314,-0.3199,-0.0032,-0.0059,0.0091
1.2,False,6,9-11,False,True,False,4,True,yes,1.9244,-1.9184,1.9444,-1.9475,0.006,-0.0031,0.0091
1.2,True,6,10-11,False,True,False,3,True,no,1.9662,-1.9625,1.9862,-1.9808,0.0037,0.0054,0.0091
1.5,True,2,9-11,False,False,True,2,False,no,0.6708,-0.6717,0.7338,-0.7421,-0.0008,-0.0083,0.0091
1.2,True,1,9-11,False,False,True,3,True,no,1.4756,-1.4771,1.5886,-1.5809,-0.0014,0.0077,0.0091
1.5,True,6,10-11,True,True,True,2,False,yes,0.6043,-0.6095,0.6243,-0.628,-0.0053,-0.0037,0.009000000000000001
1.2,False,1,9-11,True,True,False,3,True,yes,1.3754,-1.3824,1.4884,-1.4904,-0.007,-0.002,0.009000000000000001
1.5,False,2,10-11,True,False,True,3,False,no,0.6777,-0.681,0.7407,-0.7349,-0.0032,0.0058,0.009
1.5,False,2,Any,False,True,True,2,True,no,0.3625,-0.3698,0.4255,-0.4237,-0.0073,0.0017,0.009
1.2,False,2,10-11,True,True,True,4,False,yes,1.8588,-1.8622,1.9218,-1.9163,-0.0034,0.0056,0.009
1.5,False,1,Any,True,True,False,3,True,no,-0.1333,0.1406,-0.0203,0.0186,0.0073,-0.0017,0.009
1.2,True,2,9-11,False,False,False,2,False,no,2.0443,-2.0521,2.1073,-2.1061,-0.0078,0.0012,0.009
1.2,True,2,9-11,False,True,False,4,False,no,1.8896,-1.8871,1.9526,-1.9461,0.0025,0.0065,0.009
1.2,False,2,9-11,True,True,False,4,True,no,1.6527,-1.6518,1.7158,-1.7077,0.0009,0.0081,0.009
1.5,True,1,10-11,True,False,False,3,True,no,0.1297,-0.1368,0.2427,-0.2445,-0.0071,-0.0018,0.0089
1.5,False,1,10-11,True,False,False,3,False,no,0.4515,-0.4552,0.5645,-0.5697,-0.0037,-0.0052,0.0089
1.2,True,2,Any,True,True,False,3,False,yes,1.5404,-1.5446,1.6034,-1.6081,-0.0042,-0.0047,0.0089
1.2,False,2,9-11,False,True,False,3,True,yes,1.7654,-1.7717,1.8284,-1.831,-0.0063,-0.0026,0.0089
1.5,False,6,9-11,False,True,True,2,False,yes,0.8064,-0.8113,0.8264,-0.8304,-0.0049,-0.004,0.0089
1.5,True,6,Any,False,False,True,2,False,no,0.7821,-0.7849,0.8021,-0.7959,-0.0027,0.0062,0.0089
1.2,True,2,10-11,True,False,True,4,False,no,1.9216,-1.9242,1.9846,-1.9783,-0.0026,0.0063,0.0089
1.5,True,1,10-11,True,False,False,3,False,no,0.3358,-0.3364,0.4488,-0.4571,-0.0006,-0.0083,0.0089
1.2,False,1,Any,True,True,True,4,True,no,1.2342,-1.2321,1.3472,-1.3404,0.0021,0.0068,0.0089
1.5,True,2,10-11,False,True,True,2,True,no,0.4624,-0.4611,0.5254,-0.5178,0.0013,0.0076,0.0089
1.2,False,2,9-11,True,False,True,3,False,no,1.9505,-1.9573,2.0135,-2.0114,-0.0068,0.0021,0.0089
1.5,False,6,9-11,True,True,False,4,True,yes,0.3842,-0.3823,0.4042,-0.4112,0.0019,-0.007,0.0089
1.2,False,2,Any,False,False,True,2,True,no,1.8401,-1.8481,1.9031,-1.9024,-0.008,0.0008,0.0088
1.5,True,6,Any,False,False,True,4,False,no,0.6673,-0.6688,0.6873,-0.6946,-0.0015,-0.0073,0.0088
1.2,False,6,Any,True,True,False,2,True,yes,1.6885,-1.6888,1.7085,-1.717,-0.0003,-0.0085,0.0088
1.5,True,6,9-11,False,False,False,3,True,no,0.6214,-0.6142,0.6414,-0.643,0.0072,-0.0016,0.0088
1.2,True,6,Any,False,True,False,4,False,no,1.9784,-1.9837,1.9984,-1.995,-0.0053,0.0035,0.0088
1.2,False,2,Any,True,False,False,4,True,no,1.6595,-1.6657,1.7225,-1.7251,-0.0062,-0.0026,0.008799999999999999
1.2,True,6,10-11,False,True,True,2,False,yes,2.1412,-2.1425,2.1612,-2.1687,-0.0013,-0.0075,0.008799999999999999
1.5,True,2,10-11,False,True,False,2,False,yes,0.6059,-0.6138,0.6689,-0.6697,-0.0079,-0.0008,0.008700000000000001
1.5,True,2,Any,True,False,False,3,True,no,0.1424,-0.1431,0.2054,-0.2134,-0.0007,-0.008,0.0087
1.2,True,6,9-11,False,True,False,2,True,no,1.9148,-1.9111,1.9348,-1.9298,0.0037,0.005,0.0087
1.2,False,1,10-11,True,True,True,3,False,no,1.7078,-1.7095,1.8208,-1.8139,-0.0018,0.0069,0.0087
1.2,False,2,Any,False,False,True,4,True,no,1.7636,-1.7642,1.8266,-1.8184,-0.0006,0.0081,0.0087
1.5,True,2,Any,True,True,True,3,False,no,0.1933,-0.1887,0.2562,-0.2603,0.0046,-0.0041,0.0087
1.2,False,1,10-11,True,False,True,4,False,no,1.8198,-1.8221,1.9328,-1.9265,-0.0023,0.0063,0.0086
1.2,False,6,9-11,True,False,False,3,True,no,1.9393,-1.9436,1.9593,-1.9637,-0.0042,-0.0044,0.0086
1.5,True,6,10-11,True,False,False,3,True,no,0.545,-0.5475,0.565,-0.5711,-0.0025,-0.0061,0.0086
1.5,False,1,9-11,True,False,False,3,False,no,0.3208,-0.3261,0.4338,-0.4371,-0.0053,-0.0033,0.0086
1.5,False,2,Any,True,True,False,4,False,no,0.3814,-0.3849,0.4444,-0.4394,-0.0035,0.0051,0.0086
1.2,True,2,10-11,False,False,True,2,False,no,2.1568,-2.1626,2.2199,-2.217,-0.0058,0.0028,0.0086
1.5,True,6,10-11,False,True,True,2,True,yes,0.5768,-0.5809,0.5968,-0.6013,-0.0041,-0.0045,0.0086
1.2,True,6,10-11,False,False,False,3,False,no,2.2982,-2.2939,2.3182,-2.3138,0.0043,0.0043,0.0086
1.2,False,1,9-11,False,False,True,3,True,no,1.6053,-1.6113,1.7183,-1.7157,-0.006,0.0026,0.0086
1.5,True,2,10-11,True,True,False,4,False,yes,0.4064,-0.404,0.4694,-0.4756,0.0024,-0.0062,0.0086
1.2,True,1,10-11,False,True,False,2,True,yes,1.5492,-1.5526,1.6622,-1.6674,-0.0034,-0.0052,0.0086
1.2,False,2,9-11,False,True,True,4,False,no,1.9732,-1.9761,2.0362,-2.0306,-0.0029,0.0056,0.0085
1.2,False,2,Any,False,True,False,2,False,yes,1.8733,-1.8797,1.9363,-1.9383,-0.0064,-0.0021,0.0085
1.5,False,2,Any,True,False,False,3,True,no,0.2893,-0.2929,0.3523,-0.3474,-0.0036,0.0049,0.0085
1.2,False,6,9-11,False,True,True,4,True,no,1.9284,-1.9313,1.9484,-1.9427,-0.0028,0.0057,0.0085
1.2,True,1,10-11,True,True,False,4,True,yes,1.3904,-1.3957,1.5034,-1.5003,-0.0054,0.0031,0.0085
1.2,False,1,9-11,True,False,True,3,True,no,1.4821,-1.4848,1.5951,-1.5893,-0.0027,0.0058,0.0085
1.5,False,6,10-11,True,False,False,3,True,no,0.6638,-0.6692,0.6838,-0.6869,-0.0054,-0.0031,0.0085
1.2,True,2,10-11,False,False,False,4,True,no,1.901,-1.8941,1.964,-1.9624,0.0069,0.0016,0.0085
1.2,False,6,10-11,False,True,False,2,False,no,2.3374,-2.3332,2.3574,-2.3531,0.0042,0.0043,0.0085
1.5,True,2,10-11,False,True,True,4,False,yes,0.5111,-0.5154,0.5741,-0.5783,-0.0043,-0.0042,0.0085
1.5,True,1,10-11,True,True,True,2,True,no,0.0451,-0.0437,0.1581,-0.1508,0.0013,0.0072,0.0085
1.2,True,6,Any,True,True,True,4,False,no,1.7351,-1.7304,1.7551,-1.7513,0.0047,0.0038,0.0085
1.2,False,6,10-11,False,True,True,2,False,no,2.3374,-2.3356,2.3574,-2.3507,0.0018,0.0067,0.0085
1.2,True,1,10-11,True,True,True,3,False,yes,1.5522,-1.5562,1.6652,-1.6696,-0.004,-0.0044,0.008400000000000001
1.5,True,1,Any,False,True,True,2,True,no,-0.1144,0.1164,-0.0014,-0.005,0.002,-0.0064,0.008400000000000001
1.2,False,6,10-11,True,True,True,4,True,no,1.843,-1.8385,1.863,-1.8669,0.0045,-0.0039,0.0084
1.2,True,6,9-11,True,True,False,4,True,yes,1.6089,-1.6127,1.6289,-1.6335,-0.0038,-0.0046,0.0084
1.5,True,1,Any,False,True,True,4,True,no,-0.1764,0.1771,-0.0634,0.0556,0.0006,-0.0078,0.0084
1.2,True,1,10-11,True,True,False,2,False,yes,1.6027,-1.6096,1.7157,-1.7171,-0.0069,-0.0015,0.0084
1.5,True,2,9-11,False,False,False,2,False,no,0.6708,-0.6641,0.7338,-0.7321,0.0067,0.0017,0.0084
1.2,True,2,10-11,True,True,False,4,True,yes,1.5825,-1.5883,1.6455,-1.6429,-0.0058,0.0026,0.0084
1.2,False,2,9-11,True,False,False,4,False,no,1.9841,-1.9882,2.0471,-2.0429,-0.0041,0.0042,0.0083
1.5,True,6,Any,False,True,False,4,True,no,0.4062,-0.405,0.4262,-0.4332,0.0013,-0.007,0.0083
1.2,True,2,Any,True,True,False,3,True,yes,1.3521,-1.3561,1.4151,-1.4196,-0.0039,-0.0044,0.0083
1.5,True,2,10-11,True,True,True,3,False,yes,0.3728,-0.3688,0.4358,-0.4401,0.004,-0.0043,0.0083
1.5,False,1,9-11,True,True,True,3,False,no,0.1823,-0.1748,0.2953,-0.2961,0.0075,-0.0008,0.0083
1.5,False,6,10-11,False,True,False,2,False,yes,0.8893,-0.8878,0.9093,-0.916,0.0016,-0.0067,0.0083
1.5,True,2,9-11,False,True,True,2,False,yes,0.4934,-0.4899,0.5564,-0.561,0.0035,-0.0047,0.0082
1.5,False,1,9-11,False,False,True,3,True,no,0.2105,-0.2126,0.3235,-0.3296,-0.0021,-0.0061,0.0082
1.2,False,6,9-11,True,True,True,4,False,yes,1.8986,-1.8951,1.9186,-1.9232,0.0035,-0.0047,0.0082
1.2,False,6,Any,False,False,False,4,False,no,2.2325,-2.2268,2.2525,-2.2501,0.0057,0.0025,0.0082
1.2,True,1,9-11,True,True,True,2,True,yes,1.2712,-1.2759,1.3842,-1.3878,-0.0047,-0.0035,0.0082
1.5,True,1,9-11,True,False,True,2,True,no,0.008,-0.0154,0.121,-0.1202,-0.0074,0.0008,0.0082
1.5,False,6,9-11,True,True,True,3,True,no,0.4133,-0.4094,0.4334,-0.4291,0.004,0.0042,0.008199999999999999
1.2,True,1,Any,False,True,False,2,False,no,1.471,-1.4657,1.584,-1.5869,0.0052,-0.003,0.008199999999999999
1.5,False,6,Any,False,False,False,2,False,no,0.9048,-0.8987,0.9248,-0.9269,0.0062,-0.002,0.008199999999999999
1.2,True,6,9-11,True,True,True,2,True,no,1.7343,-1.7411,1.7543,-1.7557,-0.0068,-0.0014,0.008199999999999999
1.2,False,2,9-11,False,True,True,4,False,yes,1.907,-1.9057,1.97,-1.9769,0.0013,-0.0069,0.008199999999999999
1.5,True,6,9-11,True,True,False,3,True,yes,0.2577,-0.2606,0.2777,-0.283,-0.0029,-0.0053,0.008199999999999999
1.2,False,1,Any,True,False,False,3,True,no,1.3702,-1.3776,1.4832,-1.4841,-0.0073,-0.0008,0.0081
1.5,False,6,10-11,True,False,True,4,True,no,0.6049,-0.6042,0.6249,-0.6323,0.0007,-0.0074,0.0081
1.2,True,6,Any,True,True,True,3,False,no,1.7525,-1.7451,1.7725,-1.7717,0.0074,0.0007,0.0081
1.2,False,1,Any,True,False,False,2,False,no,1.5854,-1.5877,1.6984,-1.7042,-0.0023,-0.0058,0.0081
1.5,False,1,10-11,False,True,False,2,True,no,0.2824,-0.2864,0.3954,-0.3913,-0.004,0.0041,0.0081
1.2,False,6,Any,True,False,True,4,False,no,2.0093,-2.016,2.0293,-2.0307,-0.0067,-0.0014,0.0081
1.2,False,2,10-11,True,True,False,3,True,yes,1.7071,-1.7128,1.7701,-1.7726,-0.0056,-0.0025,0.0081
1.5,False,2,10-11,True,True,True,3,False,yes,0.494,-0.4901,0.557,-0.5612,0.0039,-0.0041,0.008
1.2,False,2,9-11,False,True,True,3,True,no,1.7696,-1.7688,1.8326,-1.8255,0.0008,0.0072,0.008
1.5,True,6,10-11,True,True,False,4,False,yes,0.5538,-0.5471,0.5738,-0.5725,0.0067,0.0013,0.008
1.2,True,1,10-11,False,False,True,2,True,no,1.6779,-1.6797,1.7909,-1.7846,-0.0017,0.0063,0.008
1.2,False,1,Any,True,True,False,2,True,no,1.2778,-1.2754,1.3908,-1.3852,0.0024,0.0056,0.008
1.5,False,6,10-11,False,True,True,4,True,no,0.6529,-0.6467,0.6729,-0.6713,0.0063,0.0017,0.008
1.5,True,1,Any,False,True,True,3,True,no,-0.1727,0.1758,-0.0597,0.0548,0.003,-0.005,0.008
1.5,False,2,9-11,False,False,False,4,False,no,0.7634,-0.761,0.8264,-0.8209,0.0024,0.0056,0.008
1.2,False,1,9-11,False,False,False,3,True,no,1.6347,-1.6338,1.7477,-1.7407,0.001,0.007,0.008
1.2,True,1,10-11,False,True,True,3,True,yes,1.4931,-1.5001,1.6061,-1.607,-0.007,-0.001,0.008
1.2,False,2,Any,False,True,False,2,False,no,1.9396,-1.9412,2.0026,-1.9962,-0.0016,0.0063,0.0079
1.2,False,2,Any,False,False,True,3,True,no,1.7732,-1.7738,1.8362,-1.8289,-0.0006,0.0073,0.0079
1.5,True,1,Any,True,True,True,2,True,no,-0.2555,0.263,-0.1425,0.143,0.0074,0.0005,0.0079
1.2,False,6,Any,False,False,True,3,False,no,2.1847,-2.1798,2.2047,-2.2077,0.0049,-0.003,0.0079
1.2,True,2,Any,True,True,True,2,True,no,1.4424,-1.4398,1.5054,-1.5001,0.0026,0.0053,0.0079
1.2,True,2,10-11,False,True,True,3,True,yes,1.7012,-1.7047,1.7642,-1.7686,-0.0035,-0.0044,0.0079
1.2,False,6,9-11,False,False,True,3,False,no,2.2831,-2.2829,2.3031,-2.2954,0.0002,0.0077,0.0079
1.2,True,6,9-11,False,True,True,2,False,yes,2.0483,-2.0449,2.0683,-2.0728,0.0034,-0.0045,0.007899999999999999
1.2,False,1,9-11,False,True,False,3,True,yes,1.5068,-1.5101,1.6198,-1.6153,-0.0034,0.0045,0.007899999999999999
1.5,False,2,10-11,True,False,False,3,True,no,0.4958,-0.5019,0.5588,-0.5571,-0.0061,0.0017,0.0078000000000000005
1.2,True,1,9-11,True,False,True,3,True,no,1.3524,-1.3576,1.4654,-1.4628,-0.0052,0.0026,0.0078
1.2,False,2,9-11,False,False,False,3,True,no,1.9218,-1.9266,1.9848,-1.9818,-0.0048,0.003,0.0078
1.5,True,1,10-11,False,True,True,2,True,no,0.1765,-0.1731,0.2895,-0.285,0.0033,0.0045,0.0078
1.2,True,1,10-11,True,False,False,3,False,no,1.7306,-1.7378,1.8436,-1.8442,-0.0072,-0.0006,0.0078
1.5,True,6,9-11,False,True,False,2,False,yes,0.6886,-0.6912,0.7086,-0.7138,-0.0026,-0.0052,0.0078
1.2,False,2,9-11,False,True,False,4,True,yes,1.7618,-1.7612,1.8248,-1.832,0.0006,-0.0072,0.0078
1.2,False,1,Any,True,False,False,4,True,no,1.3693,-1.3706,1.4823,-1.4885,-0.0014,-0.0063,0.0077
1.5,False,6,9-11,False,False,False,4,False,no,0.9713,-0.9721,0.9913,-0.9982,-0.0008,-0.0069,0.0077
1.5,False,6,Any,True,True,True,4,False,yes,0.4404,-0.4478,0.4604,-0.4608,-0.0074,-0.0003,0.0077
1.2,False,6,10-11,False,True,True,4,True,yes,1.94,-1.9378,1.96,-1.9655,0.0022,-0.0055,0.0077
1.2,True,6,Any,False,True,False,3,True,no,1.7746,-1.7765,1.7946,-1.7887,-0.0019,0.0058,0.007699999999999999
1.5,False,2,10-11,True,True,True,3,True,yes,0.2945,-0.2981,0.3575,-0.3616,-0.0035,-0.0041,0.007600000000000001
1.5,True,2,10-11,False,False,True,2,True,no,0.568,-0.5722,0.631,-0.6277,-0.0043,0.0033,0.0076
1.2,True,1,Any,False,True,True,3,True,no,1.222,-1.2284,1.335,-1.3363,-0.0063,-0.0013,0.0076
1.5,True,1,9-11,True,False,True,4,True,no,-0.0455,0.0425,0.0675,-0.0721,-0.003,-0.0046,0.0076
1.5,True,2,10-11,True,True,True,3,True,no,0.2264,-0.2265,0.2894,-0.2819,-0.0001,0.0075,0.0076
1.5,False,1,9-11,False,False,True,3,False,no,0.4191,-0.4209,0.5321,-0.5378,-0.0019,-0.0057,0.0076
1.5,False,6,10-11,True,True,False,4,True,no,0.541,-0.5376,0.5609,-0.5652,0.0034,-0.0042,0.007599999999999999
1.2,False,2,Any,True,True,True,4,True,no,1.5039,-1.5052,1.5669,-1.5607,-0.0013,0.0062,0.0075
1.2,True,2,Any,False,False,False,3,False,no,1.8853,-1.8818,1.9483,-1.9523,0.0035,-0.004,0.0075
1.5,False,1,Any,False,True,True,4,False,no,0.1583,-0.1588,0.2713,-0.2783,-0.0005,-0.007,0.0075
1.5,False,6,Any,False,True,True,3,False,no,0.7115,-0.7065,0.7315,-0.734,0.0049,-0.0026,0.0075
1.5,True,6,9-11,False,False,False,4,False,no,0.8361,-0.8302,0.8561,-0.8545,0.0059,0.0016,0.0075
1.5,False,6,Any,False,False,True,3,True,no,0.6092,-0.603,0.6292,-0.6279,0.0062,0.0013,0.0075
1.2,False,1,9-11,False,False,False,2,False,no,1.8587,-1.8611,1.9717,-1.9667,-0.0024,0.0051,0.0075
1.5,True,1,9-11,True,True,True,3,True,no,-0.1535,0.151,-0.0405,0.0455,-0.0025,0.005,0.0075
1.2,False,6,Any,True,True,False,4,False,yes,1.8574,-1.8583,1.8774,-1.884,-0.0009,-0.0066,0.0075
1.2,True,1,Any,True,True,False,3,False,no,1.3028,-1.2994,1.4158,-1.4118,0.0034,0.004,0.0074
1.5,False,6,Any,True,False,True,4,False,no,0.6496,-0.652,0.6696,-0.6746,-0.0024,-0.005,0.0074
1.5,True,2,10-11,True,True,False,3,False,yes,0.4117,-0.4093,0.4747,-0.4697,0.0024,0.005,0.0074
1.2,False,2,9-11,True,False,False,2,False,no,2.01,-2.0137,2.073,-2.0693,-0.0037,0.0037,0.0074
1.5,False,2,9-11,False,True,True,3,True,no,0.3961,-0.3925,0.4591,-0.4554,0.0037,0.0037,0.0074
1.5,True,1,9-11,True,True,True,2,True,no,-0.1015,0.1028,0.0115,-0.0054,0.0013,0.0061,0.0074
1.2,False,2,Any,False,False,True,2,False,no,2.0493,-2.0443,2.1123,-2.1099,0.005,0.0024,0.0074
1.2,True,2,9-11,False,True,True,3,False,no,1.8486,-1.8459,1.9116,-1.9069,0.0027,0.0047,0.0074
1.2,False,2,Any,True,True,False,2,True,no,1.5757,-1.5746,1.6387,-1.6326,0.0012,0.0062,0.0073999999999999995
1.5,True,6,Any,True,True,False,3,False,no,0.4424,-0.4412,0.4624,-0.4686,0.0012,-0.0062,0.0073999999999999995
1.2,True,2,Any,True,True,False,4,True,yes,1.3464,-1.3496,1.4094,-1.4135,-0.0032,-0.0041,0.007300000000000001
1.2,False,1,10-11,True,False,False,4,True,no,1.6372,-1.6412,1.7502,-1.7469,-0.004,0.0033,0.0073
1.2,True,6,9-11,False,True,True,4,False,yes,1.9283,-1.9285,1.9483,-1.9553,-0.0003,-0.007,0.0073
1.2,True,2,9-11,True,False,False,2,False,no,1.8915,-1.8935,1.9545,-1.9491,-0.0019,0.0054,0.0073
1.5,False,1,10-11,False,True,False,4,False,no,0.4668,-0.4617,0.5798,-0.5819,0.0052,-0.0021,0.007299999999999999
1.2,True,2,Any,False,False,True,2,False,no,1.9232,-1.9241,1.9863,-1.9799,-0.0008,0.0064,0.007200000000000001
1.2,True,2,9-11,False,True,False,3,True,no,1.6838,-1.6822,1.7468,-1.7412,0.0016,0.0056,0.0072
1.2,False,2,9-11,True,False,False,2,True,no,1.7901,-1.7948,1.8531,-1.8506,-0.0047,0.0025,0.0072
1.5,False,6,9-11,False,True,True,3,True,yes,0.5124,-0.5072,0.5324,-0.5344,0.0052,-0.002,0.0072
1.5,False,2,10-11,True,True,False,2,True,yes,0.3575,-0.3606,0.4205,-0.4164,-0.0031,0.0041,0.0072
1.2,True,6,Any,True,False,True,3,False,no,1.8743,-1.8743,1.8943,-1.9015,-0.0,-0.0072,0.0072
1.5,True,2,10-11,True,True,True,4,True,no,0.2158,-0.2188,0.2788,-0.2746,-0.003,0.0042,0.0072
1.2,False,1,Any,False,True,True,4,False,no,1.5531,-1.5515,1.6661,-1.6605,0.0016,0.0056,0.0072
1.2,False,2,9-11,True,True,False,4,True,yes,1.6016,-1.6033,1.6646,-1.6591,-0.0017,0.0055,0.0072
1.5,True,1,10-11,True,True,True,4,True,no,-0.0086,0.0113,0.1044,-0.0998,0.0027,0.0045,0.0072
1.5,True,6,Any,True,True,True,4,False,yes,0.2872,-0.2823,0.3072,-0.3095,0.0049,-0.0023,0.0072
1.2,False,1,Any,True,False,True,4,False,no,1.5435,-1.5432,1.6565,-1.6634,0.0003,-0.0069,0.0072
1.5,False,6,9-11,False,False,True,4,True,no,0.6834,-0.68,0.7034,-0.7072,0.0033,-0.0038,0.0071
1.2,True,2,10-11,False,True,False,3,True,no,1.7993,-1.7978,1.8622,-1.8566,0.0015,0.0056,0.0071
1.2,True,2,10-11,False,True,True,2,False,yes,1.9794,-1.9753,2.0424,-2.0392,0.004,0.0031,0.0071
1.5,True,1,9-11,False,True,False,4,True,no,0.001,-0.0002,0.114,-0.1203,0.0008,-0.0063,0.0071
1.5,True,6,Any,False,True,False,4,False,yes,0.5305,-0.5316,0.5505,-0.5566,-0.0011,-0.006,0.0071
1.2,False,1,9-11,False,False,False,3,False,no,1.8433,-1.8432,1.9563,-1.9493,0.0001,0.007,0.0071
1.5,False,6,Any,True,True,True,3,True,yes,0.2514,-0.246,0.2714,-0.2732,0.0054,-0.0017,0.0071
1.5,True,1,10-11,False,False,False,2,False,no,0.4885,-0.4849,0.6015,-0.605,0.0036,-0.0035,0.0071
1.5,False,2,10-11,False,False,False,3,True,no,0.6502,-0.6555,0.7132,-0.7115,-0.0053,0.0018,0.0071
1.2,False,6,10-11,False,True,True,2,True,no,2.1151,-2.1171,2.1351,-2.1299,-0.002,0.0051,0.0071
1.5,False,2,10-11,True,False,False,2,False,no,0.7373,-0.7424,0.8003,-0.7983,-0.0052,0.0019,0.0070999999999999995
1.5,False,6,10-11,True,True,True,2,False,yes,0.7121,-0.7134,0.7321,-0.7379,-0.0013,-0.0058,0.0070999999999999995
1.5,True,2,10-11,True,False,False,3,True,no,0.3781,-0.3823,0.4411,-0.444,-0.0042,-0.0029,0.0070999999999999995
1.5,False,2,10-11,False,True,True,3,True,no,0.4981,-0.4978,0.5611,-0.5544,0.0003,0.0068,0.0070999999999999995
1.5,False,2,10-11,False,False,True,4,True,no,0.5965,-0.6034,0.6595,-0.6596,-0.0069,-0.0001,0.007
1.2,True,2,9-11,False,True,False,4,True,no,1.6782,-1.6768,1.7412,-1.7356,0.0014,0.0056,0.007
1.2,True,1,10-11,False,True,False,3,True,yes,1.5234,-1.5272,1.6364,-1.6396,-0.0038,-0.0032,0.007
1.5,True,6,10-11,True,True,True,4,True,yes,0.2875,-0.2889,0.3075,-0.3131,-0.0014,-0.0056,0.007
1.2,False,1,9-11,False,True,True,3,False,no,1.7016,-1.6997,1.8146,-1.8095,0.0019,0.0051,0.007
1.5,False,6,Any,True,True,False,3,True,yes,0.3004,-0.2969,0.3205,-0.3239,0.0035,-0.0035,0.007
1.5,False,6,Any,False,True,True,4,True,yes,0.4068,-0.402,0.4268,-0.429,0.0049,-0.0021,0.006999999999999999
1.5,True,6,10-11,False,True,True,4,True,yes,0.4572,-0.4589,0.4772,-0.4721,-0.0018,0.0051,0.0069
1.5,False,2,10-11,True,True,True,3,False,no,0.5602,-0.5614,0.6232,-0.6175,-0.0012,0.0057,0.0069
1.5,False,2,10-11,True,True,False,4,True,yes,0.3301,-0.3332,0.3931,-0.3969,-0.0031,-0.0038,0.0069
1.5,True,2,9-11,True,False,True,2,False,no,0.518,-0.5207,0.581,-0.5769,-0.0027,0.0042,0.0069
1.2,False,1,9-11,False,False,True,4,False,no,1.811,-1.8137,1.924,-1.9199,-0.0027,0.0042,0.0069
1.5,False,6,10-11,False,False,False,2,False,no,1.0862,-1.0816,1.1062,-1.1086,0.0046,-0.0023,0.0069
1.2,True,6,10-11,False,True,True,4,False,yes,2.0229,-2.0272,2.0429,-2.0454,-0.0044,-0.0025,0.0069
1.5,False,2,10-11,False,True,True,4,True,no,0.4879,-0.4907,0.551,-0.5467,-0.0027,0.0042,0.0069
1.5,False,6,Any,False,True,False,4,False,no,0.7633,-0.7587,0.7833,-0.7857,0.0045,-0.0024,0.0069
1.5,True,6,10-11,True,True,True,3,True,no,0.377,-0.3787,0.397,-0.3918,-0.0017,0.0052,0.0069
1.2,False,1,9-11,False,True,True,3,False,yes,1.6636,-1.6665,1.7766,-1.7806,-0.0029,-0.004,0.0069
1.5,True,6,10-11,True,True,False,2,False,no,0.6926,-0.6904,0.7126,-0.7172,0.0022,-0.0046,0.0068000000000000005
1.2,True,6,9-11,False,True,False,3,False,yes,2.0045,-2.0056,2.0245,-2.0302,-0.0011,-0.0057,0.0068000000000000005
1.2,True,2,9-11,False,False,False,2,True,no,1.8276,-1.8294,1.8905,-1.8856,-0.0018,0.005,0.0068000000000000005
1.2,False,2,10-11,True,True,False,3,False,no,1.9727,-1.9706,2.0357,-2.031,0.0021,0.0047,0.0068000000000000005
1.5,True,6,9-11,False,True,True,2,True,no,0.5551,-0.5518,0.5751,-0.5716,0.0033,0.0035,0.0068000000000000005
1.2,True,6,Any,False,False,False,4,False,no,2.0898,-2.0841,2.1098,-2.111,0.0057,-0.0011,0.0068000000000000005
1.2,False,2,Any,True,True,False,2,False,no,1.7817,-1.7799,1.8447,-1.8397,0.0018,0.005,0.0068000000000000005
1.5,True,1,9-11,False,True,True,4,True,no,-0.0313,0.0361,0.0817,-0.0836,0.0049,-0.0019,0.0068
1.5,False,2,9-11,False,True,False,4,False,no,0.6528,-0.651,0.7158,-0.7109,0.0019,0.0049,0.0068
1.2,True,1,10-11,False,False,False,3,False,no,1.8583,-1.8585,1.9713,-1.9647,-0.0003,0.0065,0.0068
1.5,False,1,Any,False,True,False,4,False,no,0.1905,-0.1878,0.3035,-0.3076,0.0026,-0.0041,0.0067
1.5,False,6,10-11,False,False,True,4,True,no,0.7675,-0.7698,0.7875,-0.792,-0.0023,-0.0044,0.0067
1.5,False,6,9-11,True,True,False,3,False,yes,0.6016,-0.6002,0.6216,-0.6269,0.0014,-0.0053,0.0067
1.5,False,6,10-11,True,True,False,4,False,yes,0.6791,-0.6751,0.6991,-0.6964,0.004,0.0027,0.0067
1.2,False,2,Any,True,False,True,4,False,no,1.8286,-1.835,1.8916,-1.8913,-0.0063,0.0004,0.0067
1.5,False,6,Any,True,True,False,4,False,yes,0.4978,-0.4957,0.5178,-0.5223,0.0021,-0.0046,0.006699999999999999
1.5,False,2,Any,False,True,True,2,False,no,0.5661,-0.5683,0.6291,-0.6245,-0.0022,0.0045,0.006699999999999999
1.2,True,2,10-11,False,False,False,3,True,no,1.9061,-1.9074,1.9691,-1.9638,-0.0013,0.0053,0.0066
1.2,False,6,9-11,False,True,True,2,False,yes,2.1661,-2.172,2.1861,-2.1868,-0.0059,-0.0007,0.0066
1.5,False,1,10-11,False,False,True,3,True,no,0.3426,-0.3452,0.4556,-0.4596,-0.0026,-0.004,0.0066
1.2,False,6,Any,True,False,True,2,False,no,2.0947,-2.0952,2.1147,-2.1208,-0.0005,-0.0061,0.0066
1.2,False,1,Any,True,True,True,3,True,no,1.2367,-1.2411,1.3497,-1.3475,-0.0044,0.0022,0.0066
1.5,True,2,9-11,True,True,True,3,True,no,0.1109,-0.1078,0.1739,-0.1705,0.0031,0.0035,0.0066
1.2,False,1,10-11,True,False,True,3,False,no,1.8222,-1.8235,1.9352,-1.93,-0.0013,0.0053,0.0066
1.5,True,6,9-11,False,False,False,4,True,no,0.6134,-0.6087,0.6334,-0.6353,0.0047,-0.0019,0.0066
1.2,False,2,9-11,True,True,True,2,True,yes,1.6291,-1.6315,1.6921,-1.6962,-0.0025,-0.0041,0.0066
1.5,False,2,Any,True,False,False,3,False,no,0.5003,-0.503,0.5633,-0.5672,-0.0027,-0.0039,0.0066
1.5,True,2,10-11,True,False,True,3,True,no,0.3411,-0.3455,0.4041,-0.4019,-0.0044,0.0022,0.0066
1.5,False,6,10-11,True,False,False,2,False,no,0.9164,-0.9135,0.9364,-0.9401,0.0028,-0.0038,0.0066
1.5,True,1,10-11,False,False,True,4,True,no,0.2254,-0.2291,0.3384,-0.3356,-0.0037,0.0028,0.006500000000000001
1.5,False,2,Any,False,True,False,3,True,no,0.3386,-0.3371,0.4016,-0.3966,0.0015,0.005,0.006500000000000001
1.5,False,2,10-11,False,False,True,3,False,no,0.8235,-0.8205,0.8865,-0.883,0.003,0.0035,0.006500000000000001
1.5,False,6,Any,True,False,True,2,False,no,0.735,-0.7378,0.755,-0.7587,-0.0028,-0.0037,0.006500000000000001
1.2,True,6,9-11,False,True,False,4,False,no,2.0844,-2.0864,2.1044,-2.1089,-0.002,-0.0045,0.0065
1.5,True,6,9-11,True,True,False,3,False,no,0.5559,-0.5507,0.5759,-0.5746,0.0052,0.0013,0.0065
1.2,False,2,Any,True,True,False,4,False,yes,1.6887,-1.6907,1.7517,-1.7564,-0.0019,-0.0046,0.0065
1.5,False,6,Any,True,True,False,3,False,yes,0.5032,-0.5078,0.5232,-0.5213,-0.0046,0.0019,0.0065
1.2,True,2,9-11,False,True,True,4,True,no,1.6247,-1.6245,1.6877,-1.6814,0.0002,0.0063,0.0065
1.5,False,2,9-11,False,True,True,3,False,no,0.6098,-0.6107,0.6727,-0.6674,-0.001,0.0054,0.0064
1.2,False,2,10-11,True,True,True,3,False,yes,1.8675,-1.8739,1.9305,-1.9305,-0.0064,-0.0,0.0064
1.2,False,6,10-11,False,False,False,4,True,no,2.1904,-2.1891,2.2104,-2.2155,0.0014,-0.005,0.0064
1.5,False,2,10-11,False,True,True,3,False,yes,0.6442,-0.6436,0.7073,-0.7131,0.0006,-0.0058,0.0063999999999999994
1.2,False,2,Any,False,True,False,3,False,no,1.9162,-1.9131,1.9792,-1.9759,0.0031,0.0033,0.0063999999999999994
1.5,False,2,10-11,False,False,True,2,False,no,0.8901,-0.8916,0.9531,-0.9481,-0.0015,0.0049,0.0063999999999999994
1.5,False,2,10-11,False,True,False,3,True,yes,0.4939,-0.4974,0.5569,-0.5596,-0.0036,-0.0028,0.0063999999999999994
1.5,False,1,9-11,True,True,False,3,False,no,0.207,-0.2025,0.32,-0.3181,0.0045,0.0019,0.0063999999999999994
1.2,True,2,10-11,True,True,False,2,False,yes,1.8215,-1.82,1.8845,-1.8797,0.0016,0.0048,0.0063999999999999994
1.2,False,1,9-11,False,False,True,2,True,no,1.6503,-1.6536,1.7633,-1.7602,-0.0033,0.0031,0.0063999999999999994
1.5,False,2,9-11,True,True,False,3,False,no,0.4985,-0.4993,0.5615,-0.556,-0.0009,0.0055,0.0063999999999999994
1.5,True,1,10-11,False,False,False,3,False,no,0.4635,-0.4592,0.5765,-0.5786,0.0043,-0.0021,0.0063999999999999994
1.2,False,1,10-11,False,False,False,3,False,no,1.974,-1.9755,2.087,-2.0821,-0.0015,0.0049,0.0063999999999999994
1.2,False,6,10-11,False,False,False,2,False,no,2.4459,-2.4496,2.4659,-2.4633,-0.0037,0.0026,0.0063
1.5,False,2,Any,False,False,False,4,True,no,0.4405,-0.4416,0.5035,-0.5086,-0.0011,-0.0052,0.0063
1.2,False,6,9-11,True,True,True,4,True,yes,1.6862,-1.6914,1.7062,-1.7073,-0.0052,-0.0011,0.0063
1.5,True,1,10-11,True,False,False,4,True,no,0.1281,-0.1316,0.2411,-0.2439,-0.0035,-0.0028,0.0063
1.2,True,6,9-11,True,True,True,3,True,yes,1.5684,-1.5647,1.5884,-1.591,0.0036,-0.0027,0.0063
1.5,True,1,9-11,True,True,False,4,False,no,0.072,-0.0665,0.185,-0.1858,0.0055,-0.0008,0.0063
1.2,True,6,10-11,False,True,True,2,True,no,2.0091,-2.01,2.0291,-2.0237,-0.0009,0.0054,0.0063
1.5,True,2,10-11,False,True,True,2,False,yes,0.6059,-0.6092,0.6689,-0.6718,-0.0034,-0.0029,0.0063
1.5,True,1,Any,True,True,True,3,True,no,-0.3089,0.3069,-0.1959,0.1916,-0.002,-0.0043,0.0063
1.2,False,2,9-11,False,False,False,3,False,no,2.1402,-2.1444,2.2032,-2.2011,-0.0042,0.0021,0.0063
1.2,False,6,10-11,True,True,True,2,False,yes,2.0718,-2.0681,2.0918,-2.0944,0.0037,-0.0026,0.0063
1.2,True,6,9-11,True,True,True,4,True,yes,1.5512,-1.5494,1.5712,-1.5757,0.0018,-0.0045,0.0063
1.2,True,1,Any,True,False,False,4,True,no,1.2199,-1.2239,1.3329,-1.3354,-0.0039,-0.0024,0.0063
1.2,False,1,10-11,True,True,False,3,True,yes,1.5074,-1.5114,1.6204,-1.6182,-0.004,0.0022,0.006200000000000001
1.2,True,6,Any,False,True,False,2,True,yes,1.7471,-1.7511,1.7671,-1.7649,-0.004,0.0022,0.006200000000000001
1.2,False,6,10-11,False,False,True,3,True,no,2.1423,-2.1398,2.1623,-2.1587,0.0025,0.0037,0.006200000000000001
1.2,True,2,10-11,False,True,True,3,False,yes,1.8965,-1.9004,1.9595,-1.9618,-0.0039,-0.0023,0.0062
1.2,True,6,10-11,False,True,True,3,False,no,2.1298,-2.1283,2.1498,-2.1453,0.0016,0.0046,0.0062
1.2,True,1,Any,False,True,False,4,False,no,1.4412,-1.4383,1.5542,-1.5575,0.0029,-0.0033,0.0062
1.5,True,6,Any,True,True,True,4,True,no,0.16,-0.1604,0.18,-0.1742,-0.0004,0.0058,0.0062
1.2,False,6,10-11,True,True,True,2,True,no,1.9345,-1.9355,1.9546,-1.9493,-0.001,0.0052,0.0062
1.5,False,6,Any,True,True,True,4,True,yes,0.2372,-0.2382,0.2572,-0.2624,-0.001,-0.0052,0.0062
1.5,True,2,10-11,True,True,True,4,False,yes,0.3622,-0.362,0.4252,-0.4312,0.0002,-0.006,0.0062
1.5,False,2,Any,True,True,True,4,True,no,0.1304,-0.1301,0.1934,-0.1875,0.0003,0.0059,0.0062
1.5,False,6,9-11,True,True,True,3,False,no,0.6412,-0.6425,0.6612,-0.6563,-0.0013,0.0049,0.0062
1.5,False,6,Any,False,True,False,4,True,no,0.548,-0.5457,0.568,-0.5719,0.0023,-0.0039,0.0062
1.2,True,6,9-11,False,True,True,3,True,yes,1.7401,-1.7409,1.7601,-1.7654,-0.0008,-0.0053,0.0061
1.2,False,6,10-11,False,True,True,3,True,no,2.0289,-2.0293,2.0489,-2.0432,-0.0004,0.0057,0.0061
1.5,False,6,10-11,True,False,True,3,False,no,0.8441,-0.8434,0.8641,-0.8695,0.0007,-0.0054,0.0061
1.5,True,1,9-11,False,False,False,2,True,no,0.1366,-0.1375,0.2496,-0.2548,-0.0009,-0.0052,0.0060999999999999995
1.2,False,6,9-11,False,True,True,3,True,yes,1.8721,-1.8716,1.8921,-1.8867,0.0006,0.0055,0.0060999999999999995
1.2,False,6,9-11,False,False,False,3,True,no,2.1114,-2.1112,2.1314,-2.1373,0.0003,-0.0058,0.0060999999999999995
1.2,False,6,9-11,True,True,False,4,True,yes,1.7439,-1.7421,1.7639,-1.768,0.0018,-0.0042,0.006
1.5,False,1,Any,True,True,False,4,True,no,-0.1343,0.1321,-0.0213,0.0175,-0.0022,-0.0038,0.006
1.5,True,6,9-11,True,True,True,2,False,yes,0.5114,-0.5134,0.5314,-0.5354,-0.002,-0.004,0.006
1.2,True,6,10-11,True,False,True,3,False,no,2.083,-2.0888,2.103,-2.103,-0.0059,-0.0001,0.006
1.2,False,2,Any,True,True,True,3,True,yes,1.4616,-1.466,1.5246,-1.523,-0.0044,0.0016,0.006
1.5,False,2,Any,False,False,False,4,False,no,0.6499,-0.6486,0.7128,-0.7177,0.0012,-0.0048,0.005999999999999999
1.2,True,6,Any,True,False,False,4,False,no,1.9123,-1.9138,1.9324,-1.9368,-0.0015,-0.0044,0.005900000000000001
1.2,True,6,10-11,True,True,True,3,True,no,1.7367,-1.7404,1.7567,-1.7545,-0.0037,0.0022,0.005900000000000001
1.2,True,6,9-11,False,True,False,4,False,yes,1.9962,-1.993,2.0162,-2.0135,0.0032,0.0027,0.005900000000000001
1.5,False,2,10-11,False,False,False,3,False,no,0.8674,-0.8699,0.9304,-0.9339,-0.0024,-0.0035,0.0059
1.5,False,6,10-11,True,True,False,3,False,yes,0.6845,-0.6876,0.7045,-0.7017,-0.0031,0.0028,0.0059
1.2,True,6,9-11,False,False,True,4,False,no,2.1329,-2.1333,2.1529,-2.1474,-0.0003,0.0056,0.0059
1.2,True,2,10-11,True,True,False,3,False,yes,1.7852,-1.7809,1.8482,-1.8498,0.0043,-0.0016,0.0059
1.2,False,6,10-11,True,True,True,2,False,no,2.1602,-2.1566,2.1802,-2.1777,0.0035,0.0024,0.0059
1.5,True,2,Any,False,False,True,3,False,no,0.4678,-0.4636,0.5309,-0.5324,0.0043,-0.0016,0.0059
1.2,False,6,Any,False,True,False,2,True,no,1.9416,-1.9391,1.9616,-1.9581,0.0025,0.0034,0.0059
1.5,False,6,10-11,False,False,False,2,True,no,0.863,-0.8636,0.883,-0.8883,-0.0006,-0.0053,0.0059
1.5,False,2,9-11,False,True,False,3,True,yes,0.3919,-0.3919,0.4549,-0.4607,-0.0001,-0.0058,0.0059
1.5,False,2,9-11,False,True,True,2,False,yes,0.6133,-0.6141,0.6763,-0.6814,-0.0008,-0.005,0.0058000000000000005
1.5,True,6,Any,True,True,True,4,True,yes,0.0874,-0.089,0.1074,-0.1032,-0.0016,0.0042,0.0058
1.2,True,2,Any,True,False,False,2,True,no,1.5538,-1.5586,1.6168,-1.6178,-0.0048,-0.001,0.0058
1.5,True,2,9-11,True,True,False,3,False,yes,0.2977,-0.2952,0.3607,-0.364,0.0025,-0.0033,0.0058
1.2,False,1,Any,True,True,True,3,False,no,1.4314,-1.4312,1.5444,-1.5388,0.0002,0.0056,0.0058
1.2,True,6,9-11,False,True,True,4,True,no,1.7935,-1.7893,1.8135,-1.8118,0.0042,0.0016,0.0058
1.5,True,1,9-11,False,True,True,3,True,no,-0.0276,0.0322,0.0854,-0.0867,0.0045,-0.0013,0.0058
1.2,True,1,9-11,False,True,True,2,True,yes,1.4026,-1.4064,1.5156,-1.5177,-0.0038,-0.002,0.0058
1.5,False,2,9-11,True,True,True,3,True,yes,0.1925,-0.1963,0.2555,-0.2576,-0.0038,-0.002,0.0058
1.2,False,2,Any,False,False,False,3,False,no,2.0266,-2.0221,2.0896,-2.0909,0.0045,-0.0013,0.0058
1.2,True,1,9-11,False,True,False,3,True,yes,1.3755,-1.378,1.4885,-1.4917,-0.0025,-0.0033,0.0058
1.2,False,6,10-11,True,True,True,3,False,yes,1.9955,-1.9916,2.0155,-2.0137,0.0039,0.0018,0.0057
1.2,False,1,9-11,False,True,True,2,False,yes,1.7099,-1.7126,1.8229,-1.8258,-0.0027,-0.003,0.0057
1.5,True,6,9-11,True,True,False,4,True,yes,0.2492,-0.2541,0.2692,-0.2684,-0.0049,0.0008,0.0057
1.2,True,6,Any,False,True,True,4,True,no,1.6974,-1.6994,1.7174,-1.7137,-0.002,0.0037,0.0057
1.2,False,2,10-11,False,True,True,4,True,yes,1.8103,-1.8122,1.8733,-1.8695,-0.0019,0.0038,0.0057
1.2,False,2,Any,False,True,True,3,False,no,1.8697,-1.8708,1.9327,-1.9282,-0.0012,0.0045,0.005699999999999999
1.5,True,2,Any,False,True,True,2,True,yes,0.186,-0.1849,0.249,-0.2534,0.0012,-0.0044,0.0056
1.2,True,1,9-11,False,False,True,2,True,no,1.5314,-1.5327,1.6444,-1.6401,-0.0013,0.0043,0.0056
1.2,False,6,Any,False,True,False,2,True,yes,1.869,-1.8663,1.889,-1.8919,0.0027,-0.0029,0.0056
1.5,False,2,10-11,True,True,True,2,True,no,0.4087,-0.4125,0.4717,-0.47,-0.0039,0.0017,0.0056
1.5,True,2,Any,False,False,True,3,True,no,0.2608,-0.2634,0.3238,-0.3267,-0.0027,-0.0029,0.0056
1.2,False,2,Any,False,True,True,2,True,no,1.736,-1.7384,1.799,-1.7958,-0.0024,0.0032,0.0056
1.5,True,6,9-11,True,True,True,2,True,yes,0.302,-0.2984,0.322,-0.32,0.0036,0.002,0.0056
1.2,False,2,10-11,True,False,True,2,True,no,1.8921,-1.8968,1.9551,-1.9542,-0.0047,0.0009,0.0056
1.2,True,6,10-11,False,True,False,2,False,yes,2.1412,-2.1358,2.1612,-2.1613,0.0054,-0.0001,0.0055000000000000005
1.5,False,6,9-11,False,True,False,2,True,no,0.6712,-0.6673,0.6912,-0.6928,0.0039,-0.0016,0.0055
1.2,True,6,Any,True,True,False,2,True,no,1.6323,-1.631,1.6523,-1.6481,0.0013,0.0042,0.0055
1.2,False,1,Any,False,True,False,2,True,no,1.4092,-1.405,1.5222,-1.5235,0.0042,-0.0013,0.0055
1.2,True,6,9-11,True,True,True,4,True,no,1.6238,-1.6222,1.6438,-1.6399,0.0016,0.0039,0.0055
1.5,True,6,Any,False,False,True,2,True,no,0.5692,-0.5638,0.5892,-0.5892,0.0054,0.0,0.0054
1.2,True,6,10-11,False,False,False,4,True,no,2.069,-2.0715,2.089,-2.092,-0.0024,-0.003,0.0054
1.5,False,2,Any,False,True,False,4,False,no,0.5393,-0.5386,0.6022,-0.607,0.0007,-0.0047,0.0054
1.5,False,2,9-11,False,False,False,4,True,no,0.5449,-0.5474,0.6079,-0.605,-0.0025,0.0029,0.0054
1.2,True,2,10-11,True,False,False,4,True,no,1.7465,-1.7489,1.8095,-1.8065,-0.0024,0.003,0.0054
1.2,True,6,Any,True,True,False,2,False,no,1.8469,-1.8448,1.8669,-1.8636,0.0021,0.0033,0.0054
1.2,True,6,10-11,False,True,False,2,True,yes,1.9365,-1.9415,1.9565,-1.9561,-0.005,0.0004,0.0054
1.5,True,1,10-11,False,True,True,4,False,no,0.3165,-0.3177,0.4295,-0.4338,-0.0012,-0.0042,0.005399999999999999
1.2,False,2,Any,True,False,False,4,False,no,1.8705,-1.8708,1.9335,-1.9387,-0.0002,-0.0052,0.005399999999999999
1.5,False,2,Any,False,False,False,2,False,no,0.6758,-0.6737,0.7388,-0.742,0.0021,-0.0032,0.0053
1.2,True,2,9-11,True,True,True,3,True,yes,1.4333,-1.437,1.4963,-1.4946,-0.0037,0.0016,0.0053
1.2,False,2,Any,False,True,True,3,True,yes,1.614,-1.6096,1.677,-1.6762,0.0045,0.0008,0.0053
1.5,False,6,Any,False,False,False,4,True,no,0.6573,-0.6611,0.6773,-0.6759,-0.0039,0.0014,0.0053
1.5,False,2,9-11,True,False,False,3,False,no,0.6139,-0.6158,0.6769,-0.6735,-0.0019,0.0034,0.0053
1.2,True,1,10-11,True,True,False,3,True,yes,1.392,-1.3889,1.505,-1.5028,0.0031,0.0022,0.0053
1.5,True,2,Any,True,True,True,4,False,yes,0.116,-0.1153,0.179,-0.1836,0.0007,-0.0046,0.0053
1.2,True,6,10-11,True,False,False,2,False,no,2.1697,-2.1721,2.1897,-2.1867,-0.0023,0.003,0.0053
1.2,True,2,9-11,False,True,False,3,False,yes,1.829,-1.8259,1.892,-1.8898,0.0031,0.0022,0.0053
1.5,True,2,Any,False,True,False,3,True,no,0.1981,-0.2012,0.2611,-0.2589,-0.0031,0.0022,0.0053
1.2,False,2,Any,False,True,False,4,True,yes,1.6574,-1.6597,1.7204,-1.7232,-0.0024,-0.0029,0.005299999999999999
1.2,False,6,Any,False,True,False,3,True,no,1.9133,-1.9085,1.9333,-1.9327,0.0048,0.0005,0.005299999999999999
1.2,False,2,10-11,True,False,False,4,False,no,2.0848,-2.0854,2.1478,-2.143,-0.0005,0.0048,0.005299999999999999
1.5,True,2,10-11,False,True,False,2,False,no,0.672,-0.6703,0.735,-0.7315,0.0017,0.0035,0.0052
1.5,False,2,10-11,True,False,True,2,True,no,0.5186,-0.5225,0.5816,-0.5829,-0.0039,-0.0013,0.0052
1.5,True,2,Any,False,False,False,2,True,no,0.3428,-0.3394,0.4058,-0.4075,0.0034,-0.0018,0.0052
1.5,True,6,9-11,False,True,False,4,True,yes,0.4297,-0.431,0.4497,-0.4459,-0.0013,0.0039,0.0052
1.5,False,6,Any,True,True,False,4,False,no,0.586,-0.5832,0.606,-0.6084,0.0028,-0.0023,0.0051
1.5,True,2,10-11,True,False,True,4,False,no,0.5481,-0.5499,0.6111,-0.6144,-0.0018,-0.0033,0.0051
1.5,False,1,Any,True,True,True,4,True,no,-0.1606,0.158,-0.0476,0.0451,-0.0026,-0.0025,0.0051
1.5,True,6,10-11,False,False,False,2,False,no,0.9799,-0.9755,0.9999,-1.0006,0.0044,-0.0007,0.0051
1.2,False,6,Any,False,True,True,3,False,no,2.0711,-2.0661,2.0911,-2.0911,0.005,0.0001,0.0051
1.5,False,2,Any,True,True,True,2,True,yes,0.1511,-0.156,0.2141,-0.2138,-0.0049,0.0002,0.0050999999999999995
1.2,False,6,Any,True,True,True,4,False,yes,1.8001,-1.7965,1.8201,-1.8214,0.0037,-0.0013,0.005
1.2,False,6,Any,True,True,False,3,False,no,1.9512,-1.948,1.9712,-1.973,0.0031,-0.0019,0.005
1.5,False,1,9-11,True,False,False,3,True,no,0.1114,-0.1162,0.2244,-0.2244,-0.0049,-0.0001,0.005
1.2,True,6,10-11,True,True,False,3,True,yes,1.7131,-1.7127,1.7331,-1.7377,0.0004,-0.0046,0.005
1.5,True,6,9-11,False,False,False,3,False,no,0.8441,-0.8415,0.8641,-0.8664,0.0027,-0.0023,0.005
1.5,False,2,Any,False,True,True,4,False,no,0.4861,-0.491,0.5491,-0.5492,-0.0049,-0.0001,0.005
1.2,True,6,Any,True,True,False,4,False,yes,1.7053,-1.707,1.7253,-1.7287,-0.0016,-0.0034,0.005
1.2,False,1,9-11,True,False,True,3,False,no,1.6915,-1.6953,1.8045,-1.8032,-0.0037,0.0013,0.005
1.5,False,6,10-11,False,True,True,2,True,yes,0.6828,-0.6842,0.7028,-0.7064,-0.0014,-0.0036,0.005
1.5,True,2,10-11,True,False,False,4,False,no,0.59,-0.5927,0.653,-0.6554,-0.0026,-0.0024,0.004999999999999999
1.2,True,2,Any,True,False,False,3,False,no,1.7238,-1.7283,1.7868,-1.7872,-0.0045,-0.0004,0.0049
1.2,False,1,Any,True,True,False,4,False,no,1.4551,-1.4519,1.5681,-1.5664,0.0032,0.0017,0.0049
1.2,False,1,Any,True,False,False,3,False,no,1.5699,-1.5741,1.6829,-1.6836,-0.0042,-0.0007,0.0049
1.5,True,1,9-11,False,True,True,2,True,no,0.0299,-0.0265,0.1429,-0.1414,0.0034,0.0015,0.0049
1.2,True,2,10-11,False,True,False,3,True,yes,1.7481,-1.7519,1.8111,-1.8122,-0.0038,-0.0011,0.0049
1.5,False,6,9-11,False,False,True,3,False,no,0.9234,-0.9219,0.9434,-0.94,0.0015,0.0034,0.0049
1.2,False,6,Any,True,True,False,3,True,no,1.7328,-1.7338,1.7528,-1.7489,-0.001,0.0038,0.0048000000000000004
1.5,True,6,9-11,False,True,False,2,True,no,0.5551,-0.5504,0.5751,-0.5752,0.0047,-0.0001,0.0048000000000000004
1.5,True,2,10-11,True,False,False,3,False,no,0.5951,-0.5968,0.6581,-0.6612,-0.0017,-0.0031,0.0048
1.5,False,6,10-11,False,True,False,2,True,no,0.7554,-0.7545,0.7754,-0.7792,0.0009,-0.0039,0.0048
1.2,True,1,9-11,True,False,True,2,False,no,1.6105,-1.6136,1.7235,-1.7218,-0.0031,0.0017,0.0048
1.5,False,6,10-11,False,False,True,3,False,no,1.0064,-1.0049,1.0264,-1.023,0.0014,0.0034,0.0048
1.5,True,6,Any,False,True,False,3,True,no,0.4149,-0.4171,0.4349,-0.4324,-0.0022,0.0025,0.0047
1.5,True,6,10-11,False,True,True,4,True,no,0.5298,-0.5305,0.5497,-0.5458,-0.0007,0.004,0.0047
1.2,False,1,9-11,True,False,True,4,False,no,1.6891,-1.693,1.8021,-1.8013,-0.0039,0.0008,0.0047
1.2,False,6,Any,True,True,True,2,False,no,1.9788,-1.9805,1.9988,-2.0018,-0.0017,-0.003,0.0047
1.5,True,6,10-11,True,True,True,2,True,yes,0.3963,-0.3993,0.4163,-0.418,-0.003,-0.0017,0.0047
1.5,True,1,10-11,True,True,False,4,False,yes,0.1806,-0.1815,0.2936,-0.2974,-0.0009,-0.0038,0.0047
1.2,False,6,Any,False,True,False,4,False,yes,2.0347,-2.0381,2.0547,-2.0558,-0.0035,-0.0012,0.0047
1.5,True,6,9-11,False,False,False,2,True,no,0.6643,-0.6677,0.6843,-0.6831,-0.0035,0.0012,0.0047
1.2,True,1,10-11,True,True,True,2,True,yes,1.4178,-1.4197,1.5308,-1.5335,-0.002,-0.0027,0.0047
1.5,False,6,9-11,True,False,True,3,True,no,0.534,-0.5382,0.554,-0.5545,-0.0042,-0.0005,0.004699999999999999
1.2,True,1,Any,False,True,True,4,False,no,1.4091,-1.4062,1.5221,-1.5238,0.0029,-0.0018,0.004699999999999999
1.5,False,6,Any,False,True,False,2,True,yes,0.5093,-0.5119,0.5293,-0.5314,-0.0026,-0.0021,0.004699999999999999
1.2,False,6,10-11,False,True,False,4,False,no,2.3043,-2.3067,2.3243,-2.3221,-0.0024,0.0022,0.0046
1.2,True,1,9-11,False,False,True,4,False,no,1.6789,-1.6815,1.7919,-1.7899,-0.0026,0.002,0.0046
1.5,False,1,Any,True,True,True,2,True,no,-0.117,0.1129,-0.004,0.0045,-0.0041,0.0005,0.0046
1.5,True,6,10-11,False,True,True,4,False,no,0.7514,-0.7506,0.7714,-0.7677,0.0008,0.0037,0.0045000000000000005
1.5,False,6,10-11,False,True,True,2,False,no,0.9777,-0.9737,0.9977,-0.9982,0.004,-0.0005,0.0045000000000000005
1.2,False,6,Any,True,True,True,4,False,no,1.8884,-1.8912,1.9084,-1.9101,-0.0028,-0.0017,0.0045
1.5,True,6,Any,False,False,False,4,True,no,0.5173,-0.516,0.5373,-0.5339,0.0012,0.0033,0.0045
1.5,False,1,Any,False,True,True,2,True,no,0.0144,-0.0127,0.1274,-0.1302,0.0017,-0.0028,0.0045
1.2,True,6,9-11,True,False,True,2,False,no,2.0768,-2.0786,2.0968,-2.0996,-0.0017,-0.0028,0.0045
1.2,True,6,9-11,True,True,True,2,False,no,1.9594,-1.9603,1.9794,-1.9758,-0.0009,0.0036,0.0045
1.2,False,6,9-11,False,True,False,3,False,no,2.2268,-2.2303,2.2468,-2.2477,-0.0035,-0.0009,0.0044
1.5,False,6,10-11,True,True,True,4,True,no,0.4833,-0.4793,0.5033,-0.5029,0.004,0.0004,0.0044
1.2,False,6,10-11,True,True,False,2,False,yes,2.0718,-2.0734,2.0918,-2.0946,-0.0016,-0.0028,0.0044
1.2,True,6,10-11,False,True,False,4,True,yes,1.8854,-1.8825,1.9054,-1.907,0.0028,-0.0016,0.0044
1.5,True,1,10-11,True,True,False,3,True,no,0.0193,-0.0184,0.1323,-0.1288,0.0009,0.0035,0.0044
1.2,False,6,10-11,False,True,True,4,True,no,2.0126,-2.0087,2.0326,-2.0321,0.0039,0.0005,0.004399999999999999
1.2,True,6,Any,True,True,False,3,False,no,1.8021,-1.8032,1.8221,-1.8187,-0.001,0.0034,0.004399999999999999
1.2,False,6,10-11,True,True,False,4,False,yes,2.0388,-2.0375,2.0588,-2.0618,0.0013,-0.003,0.0043
1.5,False,6,Any,True,True,False,2,True,no,0.4014,-0.4004,0.4214,-0.4246,0.001,-0.0033,0.0043
1.2,False,1,Any,False,True,False,4,False,no,1.5852,-1.5849,1.6982,-1.6943,0.0004,0.0039,0.0043
1.5,False,2,Any,False,True,True,4,True,no,0.2815,-0.285,0.3445,-0.3437,-0.0035,0.0008,0.0043
1.5,True,6,10-11,False,False,False,4,False,no,0.9307,-0.9282,0.9507,-0.9525,0.0025,-0.0018,0.0043
1.5,True,6,10-11,False,True,False,4,True,no,0.5983,-0.5967,0.6183,-0.6156,0.0016,0.0027,0.0043
1.2,False,6,Any,False,True,False,2,False,no,2.156,-2.1597,2.176,-2.1766,-0.0037,-0.0006,0.0043
1.2,True,2,Any,True,False,False,2,False,no,1.7618,-1.7622,1.8248,-1.8284,-0.0005,-0.0037,0.004200000000000001
1.2,False,6,Any,True,False,False,3,False,no,2.0678,-2.07,2.0878,-2.0898,-0.0022,-0.002,0.004200000000000001
1.5,False,1,10-11,True,True,False,2,True,no,0.151,-0.1519,0.264,-0.2607,-0.001,0.0032,0.004200000000000001
1.5,True,1,10-11,True,True,False,2,True,yes,0.023,-0.0267,0.136,-0.1365,-0.0037,-0.0005,0.004200000000000001
1.5,True,1,9-11,False,True,False,2,True,no,0.0299,-0.0283,0.1429,-0.1403,0.0016,0.0026,0.0042
1.5,False,6,10-11,True,True,False,2,True,no,0.5749,-0.5751,0.5949,-0.5909,-0.0002,0.004,0.0042
1.2,True,1,Any,True,False,False,2,False,no,1.4456,-1.4473,1.5586,-1.5612,-0.0016,-0.0026,0.0042
1.2,False,6,10-11,False,True,True,2,False,yes,2.249,-2.2521,2.269,-2.2701,-0.0031,-0.0011,0.0042
1.2,True,6,Any,False,False,True,3,False,no,2.045,-2.044,2.065,-2.0681,0.0011,-0.0031,0.0042
1.5,True,1,10-11,False,False,True,3,True,no,0.2288,-0.2311,0.3418,-0.3438,-0.0022,-0.0019,0.0041
1.5,False,6,10-11,True,True,True,4,False,yes,0.6218,-0.6218,0.6418,-0.6377,-0.0,0.0041,0.0041
1.5,False,2,9-11,True,False,False,2,False,no,0.6365,-0.6335,0.6995,-0.6985,0.003,0.0011,0.0041
1.2,False,6,10-11,True,True,True,4,False,yes,1.9815,-1.9834,2.0015,-1.9993,-0.0019,0.0022,0.0041
1.2,True,6,9-11,True,False,True,3,False,no,1.9887,-1.988,2.0086,-2.0121,0.0007,-0.0034,0.0040999999999999995
1.5,False,6,10-11,True,False,False,3,False,no,0.8895,-0.8899,0.9095,-0.9131,-0.0004,-0.0036,0.004
1.2,False,2,Any,False,False,False,4,True,no,1.814,-1.8152,1.877,-1.8742,-0.0012,0.0028,0.004
1.2,True,6,10-11,True,True,False,4,False,no,2.0017,-2.0015,2.0217,-2.0179,0.0002,0.0038,0.004
1.2,False,2,Any,False,True,True,3,False,yes,1.8034,-1.8047,1.8664,-1.8691,-0.0013,-0.0027,0.004
1.2,False,1,9-11,True,True,False,4,True,yes,1.3743,-1.3754,1.4873,-1.4902,-0.0011,-0.0029,0.004
1.2,False,2,10-11,False,False,True,4,False,no,2.1875,-2.1876,2.2505,-2.2465,-0.0001,0.0039,0.004
1.5,False,6,Any,False,True,False,4,True,yes,0.4754,-0.4718,0.4954,-0.495,0.0036,0.0004,0.004
1.5,True,1,10-11,True,True,True,3,False,no,0.1955,-0.1959,0.3085,-0.305,-0.0004,0.0035,0.0039000000000000003
1.5,True,6,Any,False,True,False,2,False,no,0.6721,-0.6719,0.6921,-0.6959,0.0001,-0.0038,0.0039
1.5,True,2,9-11,True,False,True,3,False,no,0.4442,-0.4425,0.5072,-0.5094,0.0017,-0.0022,0.0039
1.5,False,1,10-11,True,False,False,2,False,no,0.467,-0.4708,0.58,-0.5801,-0.0038,-0.0001,0.0039
1.5,True,2,Any,False,True,True,4,False,no,0.3407,-0.3401,0.4037,-0.4071,0.0006,-0.0033,0.0039
1.5,False,6,9-11,True,True,True,3,True,yes,0.3407,-0.3391,0.3608,-0.3586,0.0017,0.0022,0.0039
1.5,False,6,Any,True,False,False,3,True,no,0.4903,-0.4936,0.5103,-0.5109,-0.0033,-0.0006,0.0039
1.5,False,6,9-11,False,True,True,3,False,yes,0.7216,-0.7199,0.7416,-0.7394,0.0017,0.0022,0.0039
1.5,True,6,10-11,True,True,False,2,True,no,0.4689,-0.4659,0.4889,-0.4898,0.003,-0.0009,0.0039
1.5,False,1,Any,False,True,False,3,True,no,-0.0019,0.0013,0.1111,-0.1144,-0.0006,-0.0033,0.0039
1.5,False,6,9-11,True,False,False,3,False,no,0.8065,-0.8049,0.8265,-0.8288,0.0016,-0.0022,0.0038000000000000004
1.2,False,1,10-11,False,True,True,2,True,yes,1.6551,-1.6584,1.7681,-1.7676,-0.0033,0.0005,0.0038
1.2,True,6,9-11,False,False,True,4,True,no,1.9099,-1.9068,1.9299,-1.9292,0.0031,0.0007,0.0038
1.5,True,6,10-11,False,True,False,4,True,yes,0.5257,-0.5259,0.5457,-0.5492,-0.0003,-0.0035,0.0038
1.5,False,6,9-11,False,False,False,3,True,no,0.7518,-0.754,0.7718,-0.7703,-0.0023,0.0015,0.0038
1.5,True,6,9-11,False,False,True,2,True,no,0.6643,-0.6628,0.6843,-0.6866,0.0015,-0.0023,0.0038
1.5,True,6,9-11,True,True,True,2,True,no,0.3746,-0.3727,0.3946,-0.3965,0.0019,-0.0019,0.0038
1.5,True,2,Any,False,True,True,3,True,no,0.1512,-0.1483,0.2142,-0.2151,0.0029,-0.0009,0.0037999999999999996
1.2,True,6,9-11,False,True,False,4,True,no,1.862,-1.8591,1.882,-1.8829,0.0029,-0.0009,0.0037999999999999996
1.2,True,6,9-11,False,True,True,2,True,yes,1.8422,-1.8393,1.8622,-1.8631,0.0029,-0.0009,0.0037999999999999996
1.2,True,1,10-11,True,True,True,4,False,yes,1.5491,-1.5525,1.6621,-1.6617,-0.0033,0.0004,0.0037
1.2,True,6,9-11,False,False,True,3,False,no,2.1509,-2.1498,2.1709,-2.1735,0.001,-0.0027,0.0037
1.2,True,1,10-11,False,True,True,4,True,yes,1.4895,-1.4927,1.6025,-1.6031,-0.0032,-0.0005,0.0037
1.5,False,1,Any,False,True,True,3,False,no,0.1612,-0.163,0.2742,-0.2723,-0.0018,0.0019,0.0037
1.5,False,6,Any,True,True,False,2,True,yes,0.3288,-0.3318,0.3488,-0.3494,-0.003,-0.0006,0.0036
1.5,True,1,10-11,False,True,False,3,False,no,0.3503,-0.347,0.4633,-0.4631,0.0034,0.0002,0.0036
1.5,False,6,10-11,True,True,False,3,True,no,0.5465,-0.5485,0.5665,-0.5649,-0.002,0.0016,0.0036
1.2,False,1,Any,False,False,True,2,True,no,1.5144,-1.5179,1.6274,-1.6275,-0.0035,-0.0001,0.0036
1.2,True,2,Any,False,True,True,4,True,yes,1.4611,-1.4636,1.5241,-1.5254,-0.0024,-0.0012,0.0036
1.2,False,2,9-11,True,True,True,3,True,yes,1.566,-1.5647,1.629,-1.6313,0.0014,-0.0022,0.0036
1.5,True,2,Any,True,True,True,2,True,no,0.0689,-0.0712,0.1319,-0.1305,-0.0022,0.0014,0.0036
1.5,True,6,10-11,True,True,True,2,True,no,0.4689,-0.4707,0.4889,-0.4872,-0.0019,0.0017,0.0036
1.5,False,6,9-11,False,True,True,4,False,yes,0.7055,-0.7071,0.7255,-0.7276,-0.0015,-0.0021,0.0036
1.2,True,1,Any,True,True,False,4,True,no,1.1095,-1.1096,1.2225,-1.219,-0.0001,0.0035,0.0036
1.5,False,6,9-11,True,True,False,3,True,no,0.4624,-0.4634,0.4824,-0.4798,-0.0011,0.0025,0.0036
1.2,False,1,10-11,False,False,False,4,True,no,1.7658,-1.7653,1.8788,-1.8758,0.0005,0.003,0.0035
1.2,True,1,9-11,False,True,True,3,False,no,1.5684,-1.568,1.6814,-1.6783,0.0004,0.0031,0.0035
1.5,False,6,10-11,True,True,True,3,False,yes,0.6358,-0.6338,0.6558,-0.6573,0.002,-0.0015,0.0035
1.5,True,2,10-11,True,True,True,4,False,no,0.4284,-0.4286,0.4914,-0.4881,-0.0002,0.0033,0.0035
1.2,False,6,9-11,False,True,True,4,False,yes,2.0652,-2.0645,2.0852,-2.0879,0.0008,-0.0027,0.0035
1.5,True,6,Any,True,True,False,2,True,no,0.2726,-0.2745,0.2926,-0.2942,-0.0019,-0.0016,0.0035
1.5,True,6,Any,False,True,False,2,True,yes,0.3874,-0.3882,0.4074,-0.4101,-0.0008,-0.0027,0.0035
1.5,False,1,10-11,True,True,True,4,True,no,0.1074,-0.1092,0.2204,-0.2187,-0.0018,0.0017,0.0034999999999999996
1.5,False,2,Any,False,False,False,3,False,no,0.6531,-0.6507,0.7161,-0.715,0.0024,0.0011,0.0034999999999999996
1.2,True,2,10-11,False,False,False,2,False,no,2.1568,-2.1578,2.2199,-2.2173,-0.0009,0.0026,0.0034999999999999996
1.2,True,6,Any,False,True,True,2,False,yes,1.9434,-1.9436,1.9634,-1.9666,-0.0002,-0.0032,0.0034000000000000002
1.5,False,2,Any,True,False,True,2,False,no,0.523,-0.525,0.586,-0.5874,-0.002,-0.0014,0.0034000000000000002
1.5,True,6,9-11,False,True,True,3,True,yes,0.3804,-0.3824,0.4004,-0.399,-0.002,0.0014,0.0034000000000000002
1.5,False,6,10-11,True,False,True,4,False,no,0.831,-0.83,0.851,-0.8534,0.001,-0.0024,0.0034
1.5,True,6,Any,True,True,False,4,False,yes,0.3457,-0.3451,0.3656,-0.3685,0.0006,-0.0028,0.0034
1.2,False,1,Any,True,False,False,2,True,no,1.3858,-1.3866,1.4988,-1.5014,-0.0008,-0.0026,0.0034
1.5,True,2,9-11,True,True,True,2,True,no,0.1882,-0.1873,0.2512,-0.2537,0.001,-0.0024,0.0034
1.2,False,2,Any,True,False,False,3,False,no,1.8738,-1.8759,1.9368,-1.9356,-0.0021,0.0012,0.0033
1.5,True,6,Any,True,True,False,3,True,no,0.2275,-0.2252,0.2475,-0.2485,0.0023,-0.001,0.0033
1.2,True,6,10-11,False,False,False,4,False,no,2.2904,-2.2903,2.3104,-2.3071,0.0,0.0033,0.0033
1.5,False,6,Any,False,False,False,3,True,no,0.6624,-0.6654,0.6824,-0.6822,-0.003,0.0003,0.0033
1.2,True,6,10-11,False,True,True,3,False,yes,2.0416,-2.0421,2.0616,-2.0587,-0.0005,0.0028,0.0033
1.2,False,1,Any,True,False,True,2,False,no,1.5854,-1.5853,1.6984,-1.7016,0.0001,-0.0032,0.0033
1.2,False,2,10-11,False,True,True,3,True,yes,1.8205,-1.8218,1.8835,-1.8855,-0.0013,-0.002,0.0033
1.2,False,6,9-11,False,True,False,3,True,no,2.0026,-2.0044,2.0226,-2.0212,-0.0019,0.0014,0.0033
1.5,False,6,10-11,True,True,False,3,False,no,0.7729,-0.774,0.7929,-0.7908,-0.0012,0.0021,0.0033
1.2,False,6,10-11,True,False,True,2,True,no,2.0506,-2.0508,2.0706,-2.0737,-0.0002,-0.0031,0.0033
1.5,False,2,9-11,True,False,True,2,False,no,0.6365,-0.6355,0.6995,-0.6973,0.001,0.0022,0.0032
1.5,False,2,9-11,True,False,True,3,False,no,0.577,-0.5801,0.64,-0.6399,-0.0031,0.0001,0.0031999999999999997
1.5,True,1,9-11,True,True,True,3,False,no,0.049,-0.0503,0.162,-0.1639,-0.0013,-0.0019,0.0031999999999999997
1.2,True,6,Any,False,False,False,2,False,no,2.1418,-2.1425,2.1618,-2.1592,-0.0006,0.0026,0.0031999999999999997
1.2,False,6,Any,False,True,False,3,False,yes,2.0401,-2.0383,2.0601,-2.0615,0.0018,-0.0014,0.0031999999999999997
1.2,True,6,Any,False,False,True,4,False,no,2.027,-2.0259,2.047,-2.045,0.0011,0.002,0.0031000000000000003
1.2,False,6,Any,True,False,True,3,False,no,2.0225,-2.0245,2.0425,-2.0435,-0.002,-0.0011,0.0031000000000000003
1.5,False,2,Any,False,False,True,3,False,no,0.6092,-0.6065,0.6722,-0.6718,0.0027,0.0004,0.0031000000000000003
1.5,True,6,10-11,False,True,True,3,True,no,0.5487,-0.5475,0.5687,-0.5668,0.0012,0.0019,0.0031
1.5,True,6,10-11,True,True,False,3,False,no,0.6502,-0.651,0.6702,-0.6679,-0.0008,0.0023,0.0031
1.5,True,6,10-11,False,False,True,2,False,no,0.9799,-0.9807,0.9999,-1.0022,-0.0008,-0.0023,0.0031
1.5,True,6,Any,True,True,True,4,False,no,0.3754,-0.3746,0.3954,-0.3978,0.0008,-0.0023,0.0031
1.5,True,6,9-11,True,True,True,4,False,no,0.4901,-0.4901,0.5101,-0.5071,0.0,0.0031,0.0031
1.5,True,6,Any,False,True,False,4,False,no,0.6187,-0.619,0.6387,-0.6415,-0.0003,-0.0028,0.0031
1.2,False,2,9-11,False,True,True,4,True,yes,1.7083,-1.7057,1.7713,-1.7718,0.0026,-0.0005,0.0031
1.2,False,2,Any,False,True,True,2,True,yes,1.6848,-1.6856,1.7478,-1.75,-0.0008,-0.0022,0.003
1.5,True,6,Any,False,True,True,2,False,no,0.6721,-0.6696,0.6921,-0.6926,0.0025,-0.0005,0.003
1.2,False,2,10-11,True,True,False,4,False,yes,1.903,-1.9026,1.966,-1.9635,0.0005,0.0025,0.003
1.5,False,6,10-11,False,True,True,3,False,no,0.8928,-0.8925,0.9128,-0.9155,0.0003,-0.0027,0.003
1.5,False,6,9-11,True,True,False,2,False,no,0.7175,-0.7154,0.7375,-0.7384,0.0022,-0.0008,0.003
1.5,False,1,Any,True,True,False,2,True,no,-0.117,0.1172,-0.004,0.0012,0.0002,-0.0028,0.003
1.2,False,6,10-11,True,False,False,4,False,no,2.2441,-2.2467,2.2641,-2.2636,-0.0026,0.0004,0.003
1.5,False,2,10-11,False,False,True,2,True,no,0.6731,-0.6738,0.7361,-0.7338,-0.0007,0.0023,0.003
1.2,False,1,9-11,False,True,False,4,False,yes,1.6929,-1.6904,1.8059,-1.8064,0.0025,-0.0005,0.003
1.5,True,2,10-11,True,False,True,4,True,no,0.3309,-0.3295,0.3939,-0.3923,0.0014,0.0016,0.003
1.2,True,6,9-11,True,True,True,2,True,yes,1.6617,-1.6641,1.6817,-1.6823,-0.0024,-0.0006,0.0029999999999999996
1.2,False,1,10-11,False,True,False,3,True,yes,1.6388,-1.6413,1.7518,-1.7522,-0.0025,-0.0004,0.0029000000000000002
1.2,True,6,10-11,False,True,False,4,True,no,1.958,-1.9553,1.978,-1.9778,0.0027,0.0002,0.0029000000000000002
1.2,True,6,10-11,False,False,True,3,False,no,2.2452,-2.2442,2.2652,-2.2633,0.001,0.0019,0.0029
1.5,False,6,10-11,False,True,True,4,True,yes,0.5803,-0.5794,0.6003,-0.6023,0.0009,-0.002,0.0029
1.2,True,2,Any,False,False,False,4,False,no,1.8798,-1.8809,1.9428,-1.9446,-0.0011,-0.0018,0.0029
1.2,True,6,9-11,True,False,True,3,True,no,1.7633,-1.7657,1.7833,-1.7828,-0.0024,0.0005,0.0029
1.5,True,2,10-11,False,False,False,3,False,no,0.7479,-0.7471,0.8109,-0.813,0.0008,-0.002,0.0028
1.5,False,2,Any,True,True,False,4,True,yes,0.1236,-0.122,0.1866,-0.1877,0.0017,-0.0011,0.0028
1.5,True,2,10-11,False,False,True,2,False,no,0.7833,-0.7833,0.8464,-0.8436,0.0,0.0028,0.0028
1.2,False,6,Any,False,True,True,4,False,no,2.0551,-2.0555,2.0751,-2.0727,-0.0005,0.0023,0.0028
1.2,False,6,10-11,False,True,True,3,True,yes,1.9563,-1.9556,1.9763,-1.9742,0.0007,0.0021,0.0028
1.2,False,6,Any,True,True,False,4,False,no,1.9457,-1.9473,1.9657,-1.9645,-0.0016,0.0012,0.0028
1.5,True,2,10-11,True,False,False,2,False,no,0.6305,-0.6309,0.6935,-0.6912,-0.0004,0.0024,0.0028
1.5,False,2,Any,True,True,False,3,True,no,0.1784,-0.1771,0.2414,-0.24,0.0013,0.0014,0.0027
1.2,False,6,9-11,False,False,True,3,True,no,2.0581,-2.0589,2.0781,-2.0802,-0.0007,-0.002,0.0027
1.2,True,6,9-11,False,True,False,2,False,no,2.1366,-2.1377,2.1566,-2.155,-0.0011,0.0016,0.0027
1.5,False,2,9-11,True,True,False,2,False,yes,0.4555,-0.457,0.5185,-0.5197,-0.0015,-0.0012,0.0027
1.2,True,1,Any,True,True,True,4,True,no,1.0826,-1.0841,1.1956,-1.1944,-0.0015,0.0012,0.0027
1.2,True,6,9-11,False,True,True,3,False,yes,1.9473,-1.9463,1.9673,-1.969,0.0009,-0.0018,0.0027
1.5,True,1,10-11,True,False,True,3,False,no,0.3118,-0.3121,0.4248,-0.4272,-0.0003,-0.0024,0.0026999999999999997
1.2,False,6,10-11,False,True,True,2,True,yes,2.0425,-2.0425,2.0625,-2.0651,-0.0001,-0.0026,0.0026999999999999997
1.2,False,1,9-11,True,True,False,2,True,yes,1.3916,-1.3901,1.5046,-1.5036,0.0015,0.0011,0.0026
1.5,False,2,9-11,False,False,True,2,True,no,0.5711,-0.5704,0.6341,-0.636,0.0007,-0.0019,0.0026
1.2,True,1,Any,False,True,False,3,True,no,1.2524,-1.2524,1.3654,-1.3629,-0.0,0.0025,0.0025
1.5,False,1,10-11,False,False,True,2,True,no,0.3876,-0.3876,0.5006,-0.5031,0.0,-0.0025,0.0025
1.5,False,6,10-11,True,True,True,4,True,yes,0.4107,-0.413,0.4307,-0.4305,-0.0023,0.0002,0.0025
1.5,True,2,10-11,False,True,False,3,True,yes,0.3746,-0.3742,0.4376,-0.4397,0.0004,-0.0021,0.0025
1.5,False,1,10-11,False,True,True,2,True,no,0.2824,-0.282,0.3954,-0.3975,0.0004,-0.0021,0.0025
1.5,False,6,10-11,False,False,False,4,True,no,0.8307,-0.8306,0.8508,-0.8486,0.0002,0.0022,0.0024000000000000002
1.5,False,6,10-11,True,True,True,2,True,yes,0.5023,-0.5006,0.5223,-0.523,0.0017,-0.0007,0.0024
1.5,True,6,10-11,True,True,False,4,False,no,0.642,-0.6445,0.662,-0.662,-0.0024,0.0,0.0024
1.2,False,6,9-11,True,True,True,2,False,yes,1.9888,-1.987,2.0088,-2.0083,0.0018,0.0006,0.0024
1.5,False,2,9-11,False,False,False,3,True,no,0.5483,-0.5464,0.6112,-0.6119,0.0018,-0.0006,0.0024
1.2,False,2,10-11,True,True,True,2,False,yes,1.9297,-1.9311,1.9927,-1.9917,-0.0013,0.001,0.0023
1.5,True,6,9-11,True,True,False,4,False,no,0.5475,-0.5459,0.5675,-0.5668,0.0015,0.0007,0.0022
1.2,True,6,Any,False,False,False,3,True,no,1.8852,-1.8858,1.9052,-1.9035,-0.0006,0.0016,0.0022
1.2,True,6,9-11,True,True,False,2,True,yes,1.6617,-1.6633,1.6817,-1.6811,-0.0016,0.0006,0.0022
1.2,True,1,10-11,False,False,True,4,False,no,1.8254,-1.8255,1.9384,-1.9363,-0.0,0.0022,0.0022
1.2,False,2,9-11,False,True,True,2,True,yes,1.7893,-1.7904,1.8523,-1.8512,-0.0012,0.001,0.0021999999999999997
1.2,True,1,Any,False,False,True,2,True,no,1.387,-1.386,1.5001,-1.5011,0.0011,-0.001,0.0021000000000000003
1.2,False,1,Any,True,True,True,4,False,no,1.4289,-1.427,1.5419,-1.5417,0.0019,0.0002,0.0021
1.5,True,6,Any,True,True,False,2,False,no,0.4872,-0.4855,0.5072,-0.5076,0.0017,-0.0004,0.0021
1.2,False,2,Any,False,True,False,2,True,yes,1.6848,-1.6854,1.7478,-1.7463,-0.0006,0.0015,0.0021
1.5,False,2,9-11,True,True,False,4,True,no,0.2792,-0.2808,0.3422,-0.3417,-0.0015,0.0006,0.0021
1.2,True,1,10-11,True,True,False,3,False,yes,1.577,-1.5769,1.69,-1.688,0.0001,0.002,0.0021
1.2,True,6,10-11,True,True,False,2,False,no,2.0523,-2.0541,2.0723,-2.072,-0.0018,0.0003,0.0021
1.2,False,6,10-11,True,False,True,3,False,no,2.2038,-2.2048,2.2238,-2.2228,-0.001,0.001,0.002
1.5,False,6,10-11,True,True,False,4,True,yes,0.4683,-0.4696,0.4884,-0.489,-0.0013,-0.0007,0.002
1.2,True,6,9-11,True,True,False,3,False,no,1.9156,-1.9143,1.9356,-1.9363,0.0012,-0.0008,0.002
1.2,True,6,9-11,False,True,True,4,True,yes,1.7209,-1.7224,1.7409,-1.7412,-0.0016,-0.0003,0.0019
1.5,True,6,10-11,True,True,True,4,True,no,0.3601,-0.3601,0.3801,-0.3783,0.0,0.0019,0.0019
1.2,False,2,Any,True,False,True,3,False,no,1.8369,-1.836,1.8999,-1.9009,0.0009,-0.001,0.0019
1.2,False,1,Any,True,False,True,3,True,no,1.3462,-1.348,1.4592,-1.4591,-0.0018,0.0001,0.0019
1.5,True,6,Any,False,True,True,3,False,no,0.57,-0.5707,0.59,-0.5887,-0.0006,0.0013,0.0018999999999999998
1.2,False,2,10-11,True,True,True,2,True,yes,1.731,-1.7304,1.794,-1.7928,0.0007,0.0012,0.0018999999999999998
1.5,True,2,10-11,False,True,True,4,False,no,0.5773,-0.5767,0.6403,-0.6415,0.0006,-0.0012,0.0018
1.2,True,6,9-11,False,False,False,2,True,no,2.024,-2.0236,2.044,-2.0425,0.0004,0.0014,0.0018
1.5,True,1,10-11,False,False,False,2,True,no,0.2832,-0.2814,0.3962,-0.3963,0.0017,-0.0001,0.0018
1.5,False,2,9-11,False,False,False,2,False,no,0.7894,-0.7884,0.8524,-0.8515,0.0009,0.0008,0.0017000000000000001
1.2,False,1,9-11,False,False,False,4,False,no,1.8423,-1.843,1.9553,-1.9545,-0.0008,0.0008,0.0016
1.5,True,2,10-11,False,False,True,4,False,no,0.6926,-0.6934,0.7557,-0.7566,-0.0007,-0.0009,0.0015999999999999999
1.5,False,6,9-11,False,False,True,4,False,no,0.9084,-0.9098,0.9284,-0.9286,-0.0013,-0.0002,0.0015
1.5,True,6,Any,False,True,True,4,True,no,0.3377,-0.3366,0.3577,-0.3573,0.0011,0.0004,0.0015
1.2,True,6,9-11,False,True,False,2,True,yes,1.8422,-1.8419,1.8622,-1.8634,0.0003,-0.0012,0.0014999999999999998
1.5,True,6,9-11,True,False,False,2,False,no,0.7171,-0.7162,0.7371,-0.7376,0.0009,-0.0005,0.0014
1.5,True,6,9-11,False,True,True,4,True,yes,0.3612,-0.3621,0.3812,-0.3807,-0.0009,0.0005,0.0014
1.2,False,1,Any,False,False,True,4,False,no,1.6654,-1.6662,1.7784,-1.7779,-0.0009,0.0005,0.0014
1.5,False,6,9-11,True,False,True,3,False,no,0.7612,-0.7605,0.7812,-0.7818,0.0007,-0.0006,0.0013
1.2,False,6,10-11,True,False,False,2,False,no,2.2761,-2.2761,2.2961,-2.2973,-0.0,-0.0013,0.0013
1.2,True,6,10-11,False,True,False,3,False,no,2.1871,-2.1862,2.2071,-2.2067,0.0009,0.0004,0.0013
1.2,True,6,9-11,True,True,True,4,False,no,1.8498,-1.8509,1.8698,-1.8701,-0.001,-0.0003,0.0013
1.5,True,6,9-11,True,True,False,3,False,yes,0.4676,-0.4669,0.4876,-0.4881,0.0007,-0.0005,0.0012000000000000001
1.5,False,2,9-11,True,True,False,3,True,yes,0.2317,-0.232,0.2947,-0.2955,-0.0004,-0.0008,0.0012000000000000001
1.2,False,1,9-11,False,True,True,2,True,yes,1.5231,-1.5219,1.6361,-1.6362,0.0011,-0.0001,0.0012000000000000001
1.2,False,6,9-11,False,True,False,4,False,no,2.2214,-2.2215,2.2414,-2.2424,-0.0001,-0.001,0.0011
1.2,True,2,9-11,True,True,True,2,True,yes,1.5106,-1.5117,1.5736,-1.5736,-0.0011,-0.0,0.0011
1.2,True,1,9-11,False,False,True,3,False,no,1.6824,-1.6822,1.7954,-1.7962,0.0003,-0.0008,0.0011
1.5,True,2,10-11,False,True,False,4,True,no,0.4204,-0.4193,0.4834,-0.4834,0.0011,0.0,0.0011
1.2,True,1,9-11,False,False,False,3,False,no,1.7118,-1.7114,1.8248,-1.8242,0.0005,0.0006,0.0010999999999999998
1.5,True,2,Any,False,True,True,3,False,no,0.353,-0.3536,0.416,-0.4166,-0.0006,-0.0005,0.0010999999999999998
1.2,True,6,Any,True,True,True,3,False,yes,1.6642,-1.6634,1.6842,-1.684,0.0008,0.0002,0.001
1.2,True,6,10-11,False,False,False,3,True,no,2.0768,-2.0767,2.0968,-2.0959,0.0001,0.0009,0.001
1.5,True,1,10-11,True,True,False,2,False,no,0.2459,-0.2456,0.3589,-0.3583,0.0003,0.0007,0.001
1.5,True,1,9-11,True,True,False,2,True,no,-0.1015,0.1012,0.0115,-0.0108,-0.0003,0.0007,0.001
1.2,False,2,9-11,True,True,True,2,False,yes,1.829,-1.8293,1.892,-1.8913,-0.0003,0.0007,0.001
1.2,False,6,10-11,True,True,False,4,True,no,1.9006,-1.9016,1.9206,-1.9207,-0.0009,-0.0001,0.001
1.2,False,6,9-11,False,True,False,3,False,yes,2.1385,-2.1387,2.1585,-2.1593,-0.0002,-0.0008,0.001
1.5,True,6,Any,False,True,True,2,True,no,0.46,-0.4607,0.48,-0.4797,-0.0007,0.0002,0.0009
1.2,False,2,9-11,False,True,True,3,False,yes,1.917,-1.9167,1.98,-1.9795,0.0004,0.0005,0.0009
1.5,True,2,Any,False,False,True,4,True,no,0.249,-0.249,0.312,-0.3113,-0.0,0.0008,0.0008
1.2,True,6,10-11,True,True,False,3,False,no,2.0099,-2.0097,2.0299,-2.0304,0.0002,-0.0005,0.0007
1.2,True,2,9-11,True,True,False,2,False,yes,1.709,-1.7087,1.772,-1.7723,0.0004,-0.0002,0.0006000000000000001
1.2,True,1,9-11,False,False,False,2,True,no,1.5314,-1.5315,1.6444,-1.6439,-0.0001,0.0005,0.0006000000000000001
1.2,True,6,Any,False,True,False,2,False,no,2.0317,-2.0319,2.0517,-2.0521,-0.0002,-0.0003,0.0005
1.2,True,6,10-11,True,True,False,2,True,yes,1.7559,-1.7561,1.7759,-1.7763,-0.0002,-0.0003,0.0005
1.5,False,6,10-11,True,True,True,3,True,no,0.4975,-0.4973,0.5175,-0.5173,0.0002,0.0002,0.0004
1.2,True,2,9-11,False,True,True,3,True,yes,1.5857,-1.5853,1.6487,-1.6488,0.0004,-0.0,0.0004
