=== Global Configuration ===
NUM_ROUNDS:  1000000000
NUM_THREADS: 16
Seed:        1234
Total test cases: 3456
============================


[1/3456] 
=== Starting Regression Test ===
NUM_ROUNDS:  1000000000
NUM_THREADS: 16
Scenario:    decks=6_ss17=False_das=False_sas=3_don=10-11_reSplitAces=False_hitSplitAces=True_surr=no_peek=False_bj-pays=1.5
============================

Cut Card (Penetration: 75%) Theoretical Edge %: 0.9095% Cut Card Empiric Edge %: -0.9131%
CSM (Penetration: 0.0%) Theoretical Edge %: 0.8895% CSM Empiric Edge %: -0.8899%
CSM Error: -0.0004%, Cut Card Error: -0.0036%
CSM Speed: 3614702 hands/sec, Cut Card Speed: 13108737 hands/sec

[2/3456] 
=== Starting Regression Test ===
NUM_ROUNDS:  1000000000
NUM_THREADS: 16
Scenario:    decks=6_ss17=False_das=True_sas=4_don=9-11_reSplitAces=False_hitSplitAces=True_surr=no_peek=True_bj-pays=1.5
============================

Cut Card (Penetration: 75%) Theoretical Edge %: 0.5675% Cut Card Empiric Edge %: -0.5668%
CSM (Penetration: 0.0%) Theoretical Edge %: 0.5475% CSM Empiric Edge %: -0.5459%
CSM Error: 0.0015%, Cut Card Error: 0.0007%
CSM Speed: 3621981 hands/sec, Cut Card Speed: 11514370 hands/sec

[3/3456] 
=== Starting Regression Test ===
NUM_ROUNDS:  1000000000
NUM_THREADS: 16
Scenario:    decks=6_ss17=True_das=True_sas=3_don=Any_reSplitAces=False_hitSplitAces=False_surr=no_peek=False_bj-pays=1.2
============================

Cut Card (Penetration: 75%) Theoretical Edge %: 1.9052% Cut Card Empiric Edge %: -1.9035%
CSM (Penetration: 0.0%) Theoretical Edge %: 1.8852% CSM Empiric Edge %: -1.8858%
CSM Error: -0.0006%, Cut Card Error: 0.0016%
CSM Speed: 3609209 hands/sec, Cut Card Speed: 11592993 hands/sec

[4/3456] 
=== Starting Regression Test ===
NUM_ROUNDS:  1000000000
NUM_THREADS: 16
Scenario:    decks=2_ss17=False_das=False_sas=3_don=Any_reSplitAces=True_hitSplitAces=False_surr=2-10_peek=False_bj-pays=1.5
============================

NOTE: surr=2-10 + peek=False — theoretical table may not match implementation; edge assertion skipped.
Cut Card (Penetration: 75%) Theoretical Edge %: 0.6012% Cut Card Empiric Edge %: -0.4729%
CSM (Penetration: 0.0%) Theoretical Edge %: 0.5382% CSM Empiric Edge %: -0.3827%
CSM Error: 0.1555%, Cut Card Error: 0.1283%
CSM Speed: 7053181 hands/sec, Cut Card Speed: 11548678 hands/sec

[5/3456] 
=== Starting Regression Test ===
NUM_ROUNDS:  1000000000
NUM_THREADS: 16
Scenario:    decks=1_ss17=True_das=False_sas=2_don=10-11_reSplitAces=True_hitSplitAces=False_surr=yes_peek=True_bj-pays=1.2
============================

NOTE: surr=yes + peek=True — using the available surr=2-10 theoretical edge as a comparison baseline; edge assertion skipped.
Cut Card (Penetration: 75%) Theoretical Edge %: 1.7681% Cut Card Empiric Edge %: -1.7676%
CSM (Penetration: 0.0%) Theoretical Edge %: 1.6551% CSM Empiric Edge %: -1.6584%
CSM Error: -0.0033%, Cut Card Error: 0.0005%
CSM Speed: 8850889 hands/sec, Cut Card Speed: 11329519 hands/sec

[6/3456] 
=== Starting Regression Test ===
NUM_ROUNDS:  1000000000
NUM_THREADS: 16
Scenario:    decks=6_ss17=True_das=True_sas=2_don=Any_reSplitAces=True_hitSplitAces=False_surr=no_peek=False_bj-pays=1.5
============================

Cut Card (Penetration: 75%) Theoretical Edge %: 0.5892% Cut Card Empiric Edge %: -0.5892%
CSM (Penetration: 0.0%) Theoretical Edge %: 0.5692% CSM Empiric Edge %: -0.5638%
CSM Error: 0.0054%, Cut Card Error: 0.0000%
CSM Speed: 3659813 hands/sec, Cut Card Speed: 11753367 hands/sec

[7/3456] 
=== Starting Regression Test ===
NUM_ROUNDS:  1000000000
NUM_THREADS: 16
Scenario:    decks=2_ss17=True_das=True_sas=2_don=Any_reSplitAces=True_hitSplitAces=True_surr=2-10_peek=False_bj-pays=1.5
============================

NOTE: surr=2-10 + peek=False — theoretical table may not match implementation; edge assertion skipped.
Cut Card (Penetration: 75%) Theoretical Edge %: 0.1880% Cut Card Empiric Edge %: -0.0390%
CSM (Penetration: 0.0%) Theoretical Edge %: 0.1250% CSM Empiric Edge %: 0.0317%
CSM Error: 0.1567%, Cut Card Error: 0.1490%
CSM Speed: 7026321 hands/sec, Cut Card Speed: 11363378 hands/sec

[8/3456] 
=== Starting Regression Test ===
NUM_ROUNDS:  1000000000
NUM_THREADS: 16
Scenario:    decks=2_ss17=True_das=False_sas=2_don=Any_reSplitAces=False_hitSplitAces=True_surr=2-10_peek=False_bj-pays=1.5
============================

NOTE: surr=2-10 + peek=False — theoretical table may not match implementation; edge assertion skipped.
Cut Card (Penetration: 75%) Theoretical Edge %: 0.3199% Cut Card Empiric Edge %: -0.1655%
CSM (Penetration: 0.0%) Theoretical Edge %: 0.2569% CSM Empiric Edge %: -0.0964%
CSM Error: 0.1605%, Cut Card Error: 0.1543%
CSM Speed: 6937844 hands/sec, Cut Card Speed: 11454885 hands/sec

[9/3456] 
=== Starting Regression Test ===
NUM_ROUNDS:  1000000000
NUM_THREADS: 16
Scenario:    decks=2_ss17=True_das=False_sas=2_don=9-11_reSplitAces=True_hitSplitAces=False_surr=2-10_peek=False_bj-pays=1.5
============================

NOTE: surr=2-10 + peek=False — theoretical table may not match implementation; edge assertion skipped.
Cut Card (Penetration: 75%) Theoretical Edge %: 0.5788% Cut Card Empiric Edge %: -0.4252%
CSM (Penetration: 0.0%) Theoretical Edge %: 0.5158% CSM Empiric Edge %: -0.3498%
CSM Error: 0.1660%, Cut Card Error: 0.1536%
CSM Speed: 6811618 hands/sec, Cut Card Speed: 11052777 hands/sec

[10/3456] 
=== Starting Regression Test ===
NUM_ROUNDS:  1000000000
NUM_THREADS: 16
Scenario:    decks=6_ss17=True_das=False_sas=3_don=Any_reSplitAces=True_hitSplitAces=True_surr=2-10_peek=False_bj-pays=1.2
============================

NOTE: surr=2-10 + peek=False — theoretical table may not match implementation; edge assertion skipped.
Cut Card (Penetration: 75%) Theoretical Edge %: 1.7456% Cut Card Empiric Edge %: -1.5798%
CSM (Penetration: 0.0%) Theoretical Edge %: 1.7256% CSM Empiric Edge %: -1.5522%
CSM Error: 0.1734%, Cut Card Error: 0.1658%
CSM Speed: 3611999 hands/sec, Cut Card Speed: 10885894 hands/sec

[11/3456] 
=== Starting Regression Test ===
NUM_ROUNDS:  1000000000
NUM_THREADS: 16
Scenario:    decks=1_ss17=True_das=True_sas=3_don=10-11_reSplitAces=False_hitSplitAces=True_surr=no_peek=False_bj-pays=1.5
============================

Cut Card (Penetration: 75%) Theoretical Edge %: 0.2427% Cut Card Empiric Edge %: -0.2445%
CSM (Penetration: 0.0%) Theoretical Edge %: 0.1297% CSM Empiric Edge %: -0.1368%
CSM Error: -0.0071%, Cut Card Error: -0.0018%
CSM Speed: 8184780 hands/sec, Cut Card Speed: 11285535 hands/sec

[12/3456] 
=== Starting Regression Test ===
NUM_ROUNDS:  1000000000
NUM_THREADS: 16
Scenario:    decks=2_ss17=True_das=False_sas=4_don=10-11_reSplitAces=True_hitSplitAces=False_surr=no_peek=False_bj-pays=1.5
============================

Cut Card (Penetration: 75%) Theoretical Edge %: 0.6595% Cut Card Empiric Edge %: -0.6596%
CSM (Penetration: 0.0%) Theoretical Edge %: 0.5965% CSM Empiric Edge %: -0.6034%
CSM Error: -0.0069%, Cut Card Error: -0.0001%
CSM Speed: 6806842 hands/sec, Cut Card Speed: 10818881 hands/sec

[13/3456] 
=== Starting Regression Test ===
NUM_ROUNDS:  1000000000
NUM_THREADS: 16
Scenario:    decks=2_ss17=True_das=False_sas=2_don=Any_reSplitAces=False_hitSplitAces=False_surr=2-10_peek=False_bj-pays=1.5
============================

NOTE: surr=2-10 + peek=False — theoretical table may not match implementation; edge assertion skipped.
Cut Card (Penetration: 75%) Theoretical Edge %: 0.4743% Cut Card Empiric Edge %: -0.3267%
CSM (Penetration: 0.0%) Theoretical Edge %: 0.4113% CSM Empiric Edge %: -0.2413%
CSM Error: 0.1700%, Cut Card Error: 0.1477%
CSM Speed: 7128397 hands/sec, Cut Card Speed: 11482770 hands/sec

[14/3456] 
=== Starting Regression Test ===
NUM_ROUNDS:  1000000000
NUM_THREADS: 16
Scenario:    decks=1_ss17=True_das=True_sas=3_don=10-11_reSplitAces=True_hitSplitAces=False_surr=no_peek=False_bj-pays=1.5
============================

Cut Card (Penetration: 75%) Theoretical Edge %: 0.3418% Cut Card Empiric Edge %: -0.3438%
CSM (Penetration: 0.0%) Theoretical Edge %: 0.2288% CSM Empiric Edge %: -0.2311%
CSM Error: -0.0022%, Cut Card Error: -0.0019%
CSM Speed: 9070213 hands/sec, Cut Card Speed: 11364928 hands/sec

[15/3456] 
=== Starting Regression Test ===
NUM_ROUNDS:  1000000000
NUM_THREADS: 16
Scenario:    decks=1_ss17=False_das=False_sas=3_don=10-11_reSplitAces=False_hitSplitAces=True_surr=no_peek=False_bj-pays=1.5
============================

Cut Card (Penetration: 75%) Theoretical Edge %: 0.5645% Cut Card Empiric Edge %: -0.5697%
CSM (Penetration: 0.0%) Theoretical Edge %: 0.4515% CSM Empiric Edge %: -0.4552%
CSM Error: -0.0037%, Cut Card Error: -0.0052%
CSM Speed: 8823478 hands/sec, Cut Card Speed: 11587620 hands/sec

[16/3456] 
=== Starting Regression Test ===
NUM_ROUNDS:  1000000000
NUM_THREADS: 16
Scenario:    decks=1_ss17=False_das=False_sas=4_don=10-11_reSplitAces=True_hitSplitAces=True_surr=no_peek=False_bj-pays=1.2
============================

Cut Card (Penetration: 75%) Theoretical Edge %: 1.9328% Cut Card Empiric Edge %: -1.9265%
CSM (Penetration: 0.0%) Theoretical Edge %: 1.8198% CSM Empiric Edge %: -1.8221%
CSM Error: -0.0023%, Cut Card Error: 0.0063%
CSM Speed: 8714141 hands/sec, Cut Card Speed: 11570726 hands/sec

[17/3456] 
=== Starting Regression Test ===
NUM_ROUNDS:  1000000000
NUM_THREADS: 16
Scenario:    decks=1_ss17=True_das=True_sas=2_don=Any_reSplitAces=True_hitSplitAces=False_surr=2-10_peek=False_bj-pays=1.2
============================

NOTE: surr=2-10 + peek=False — theoretical table may not match implementation; edge assertion skipped.
Cut Card (Penetration: 75%) Theoretical Edge %: 1.4764% Cut Card Empiric Edge %: -1.3536%
CSM (Penetration: 0.0%) Theoretical Edge %: 1.3634% CSM Empiric Edge %: -1.2023%
CSM Error: 0.1611%, Cut Card Error: 0.1229%
CSM Speed: 8879023 hands/sec, Cut Card Speed: 11627501 hands/sec

[18/3456] 
=== Starting Regression Test ===
NUM_ROUNDS:  1000000000
NUM_THREADS: 16
Scenario:    decks=2_ss17=False_das=False_sas=3_don=9-11_reSplitAces=True_hitSplitAces=False_surr=no_peek=True_bj-pays=1.5
============================

Cut Card (Penetration: 75%) Theoretical Edge %: 0.6727% Cut Card Empiric Edge %: -0.6674%
CSM (Penetration: 0.0%) Theoretical Edge %: 0.6098% CSM Empiric Edge %: -0.6107%
CSM Error: -0.0010%, Cut Card Error: 0.0054%
CSM Speed: 6861770 hands/sec, Cut Card Speed: 11252011 hands/sec

[19/3456] 
=== Starting Regression Test ===
NUM_ROUNDS:  1000000000
NUM_THREADS: 16
Scenario:    decks=6_ss17=True_das=False_sas=3_don=9-11_reSplitAces=True_hitSplitAces=True_surr=no_peek=True_bj-pays=1.5
============================

Cut Card (Penetration: 75%) Theoretical Edge %: 0.4334% Cut Card Empiric Edge %: -0.4291%
CSM (Penetration: 0.0%) Theoretical Edge %: 0.4133% CSM Empiric Edge %: -0.4094%
CSM Error: 0.0040%, Cut Card Error: 0.0042%
CSM Speed: 3633259 hands/sec, Cut Card Speed: 11202976 hands/sec

[20/3456] 
=== Starting Regression Test ===
NUM_ROUNDS:  1000000000
NUM_THREADS: 16
Scenario:    decks=2_ss17=False_das=True_sas=3_don=10-11_reSplitAces=True_hitSplitAces=False_surr=yes_peek=True_bj-pays=1.2
============================

NOTE: surr=yes + peek=True — using the available surr=2-10 theoretical edge as a comparison baseline; edge assertion skipped.
Cut Card (Penetration: 75%) Theoretical Edge %: 1.9595% Cut Card Empiric Edge %: -1.9618%
CSM (Penetration: 0.0%) Theoretical Edge %: 1.8965% CSM Empiric Edge %: -1.9004%
CSM Error: -0.0039%, Cut Card Error: -0.0023%
CSM Speed: 6910946 hands/sec, Cut Card Speed: 11273068 hands/sec

[21/3456] 
=== Starting Regression Test ===
NUM_ROUNDS:  1000000000
NUM_THREADS: 16
Scenario:    decks=1_ss17=False_das=False_sas=3_don=10-11_reSplitAces=True_hitSplitAces=True_surr=yes_peek=True_bj-pays=1.2
============================

NOTE: surr=yes + peek=True — using the available surr=2-10 theoretical edge as a comparison baseline; edge assertion skipped.
Cut Card (Penetration: 75%) Theoretical Edge %: 1.7828% Cut Card Empiric Edge %: -1.7770%
CSM (Penetration: 0.0%) Theoretical Edge %: 1.6698% CSM Empiric Edge %: -1.6730%
CSM Error: -0.0033%, Cut Card Error: 0.0058%
CSM Speed: 9006494 hands/sec, Cut Card Speed: 11259866 hands/sec

[22/3456] 
=== Starting Regression Test ===
NUM_ROUNDS:  1000000000
NUM_THREADS: 16
Scenario:    decks=1_ss17=False_das=False_sas=4_don=10-11_reSplitAces=False_hitSplitAces=False_surr=no_peek=False_bj-pays=1.2
============================

Cut Card (Penetration: 75%) Theoretical Edge %: 2.0860% Cut Card Empiric Edge %: -2.0780%
CSM (Penetration: 0.0%) Theoretical Edge %: 1.9730% CSM Empiric Edge %: -1.9752%
CSM Error: -0.0022%, Cut Card Error: 0.0080%
CSM Speed: 8778167 hands/sec, Cut Card Speed: 11829840 hands/sec

[23/3456] 
=== Starting Regression Test ===
NUM_ROUNDS:  1000000000
NUM_THREADS: 16
Scenario:    decks=6_ss17=True_das=True_sas=3_don=9-11_reSplitAces=False_hitSplitAces=False_surr=no_peek=False_bj-pays=1.2
============================

Cut Card (Penetration: 75%) Theoretical Edge %: 2.0011% Cut Card Empiric Edge %: -1.9974%
CSM (Penetration: 0.0%) Theoretical Edge %: 1.9811% CSM Empiric Edge %: -1.9873%
CSM Error: -0.0061%, Cut Card Error: 0.0037%
CSM Speed: 3621561 hands/sec, Cut Card Speed: 11258218 hands/sec

[24/3456] 
=== Starting Regression Test ===
NUM_ROUNDS:  1000000000
NUM_THREADS: 16
Scenario:    decks=6_ss17=False_das=True_sas=3_don=9-11_reSplitAces=False_hitSplitAces=True_surr=2-10_peek=False_bj-pays=1.2
============================

NOTE: surr=2-10 + peek=False — theoretical table may not match implementation; edge assertion skipped.
Cut Card (Penetration: 75%) Theoretical Edge %: 1.9593% Cut Card Empiric Edge %: -1.8114%
CSM (Penetration: 0.0%) Theoretical Edge %: 1.9393% CSM Empiric Edge %: -1.7893%
CSM Error: 0.1500%, Cut Card Error: 0.1479%
CSM Speed: 3570294 hands/sec, Cut Card Speed: 11231538 hands/sec

[25/3456] 
=== Starting Regression Test ===
NUM_ROUNDS:  1000000000
NUM_THREADS: 16
Scenario:    decks=1_ss17=True_das=True_sas=3_don=Any_reSplitAces=True_hitSplitAces=True_surr=2-10_peek=False_bj-pays=1.2
============================

NOTE: surr=2-10 + peek=False — theoretical table may not match implementation; edge assertion skipped.
Cut Card (Penetration: 75%) Theoretical Edge %: 1.2864% Cut Card Empiric Edge %: -1.1669%
CSM (Penetration: 0.0%) Theoretical Edge %: 1.1734% CSM Empiric Edge %: -1.0263%
CSM Error: 0.1471%, Cut Card Error: 0.1195%
CSM Speed: 9229775 hands/sec, Cut Card Speed: 11642934 hands/sec

[26/3456] 
=== Starting Regression Test ===
NUM_ROUNDS:  1000000000
NUM_THREADS: 16
Scenario:    decks=2_ss17=True_das=False_sas=2_don=Any_reSplitAces=True_hitSplitAces=False_surr=yes_peek=True_bj-pays=1.2
============================

NOTE: surr=yes + peek=True — using the available surr=2-10 theoretical edge as a comparison baseline; edge assertion skipped.
Cut Card (Penetration: 75%) Theoretical Edge %: 1.7478% Cut Card Empiric Edge %: -1.7500%
CSM (Penetration: 0.0%) Theoretical Edge %: 1.6848% CSM Empiric Edge %: -1.6856%
CSM Error: -0.0008%, Cut Card Error: -0.0022%
CSM Speed: 7049452 hands/sec, Cut Card Speed: 12097457 hands/sec

[27/3456] 
=== Starting Regression Test ===
NUM_ROUNDS:  1000000000
NUM_THREADS: 16
Scenario:    decks=2_ss17=True_das=True_sas=3_don=Any_reSplitAces=True_hitSplitAces=False_surr=no_peek=True_bj-pays=1.5
============================

Cut Card (Penetration: 75%) Theoretical Edge %: 0.2142% Cut Card Empiric Edge %: -0.2151%
CSM (Penetration: 0.0%) Theoretical Edge %: 0.1512% CSM Empiric Edge %: -0.1483%
CSM Error: 0.0029%, Cut Card Error: -0.0009%
CSM Speed: 6929719 hands/sec, Cut Card Speed: 11653925 hands/sec

[28/3456] 
=== Starting Regression Test ===
NUM_ROUNDS:  1000000000
NUM_THREADS: 16
Scenario:    decks=6_ss17=False_das=False_sas=4_don=9-11_reSplitAces=False_hitSplitAces=True_surr=2-10_peek=False_bj-pays=1.2
============================

NOTE: surr=2-10 + peek=False — theoretical table may not match implementation; edge assertion skipped.
Cut Card (Penetration: 75%) Theoretical Edge %: 2.0864% Cut Card Empiric Edge %: -1.9434%
CSM (Penetration: 0.0%) Theoretical Edge %: 2.0664% CSM Empiric Edge %: -1.9121%
CSM Error: 0.1543%, Cut Card Error: 0.1430%
CSM Speed: 3560822 hands/sec, Cut Card Speed: 11206365 hands/sec

[29/3456] 
=== Starting Regression Test ===
NUM_ROUNDS:  1000000000
NUM_THREADS: 16
Scenario:    decks=1_ss17=True_das=True_sas=3_don=9-11_reSplitAces=True_hitSplitAces=True_surr=no_peek=False_bj-pays=1.2
============================

Cut Card (Penetration: 75%) Theoretical Edge %: 1.4654% Cut Card Empiric Edge %: -1.4628%
CSM (Penetration: 0.0%) Theoretical Edge %: 1.3524% CSM Empiric Edge %: -1.3576%
CSM Error: -0.0052%, Cut Card Error: 0.0026%
CSM Speed: 8664460 hands/sec, Cut Card Speed: 11463683 hands/sec

[30/3456] 
=== Starting Regression Test ===
NUM_ROUNDS:  1000000000
NUM_THREADS: 16
Scenario:    decks=2_ss17=True_das=False_sas=4_don=Any_reSplitAces=True_hitSplitAces=True_surr=no_peek=True_bj-pays=1.2
============================

Cut Card (Penetration: 75%) Theoretical Edge %: 1.5669% Cut Card Empiric Edge %: -1.5607%
CSM (Penetration: 0.0%) Theoretical Edge %: 1.5039% CSM Empiric Edge %: -1.5052%
CSM Error: -0.0013%, Cut Card Error: 0.0062%
CSM Speed: 6977978 hands/sec, Cut Card Speed: 11541480 hands/sec

[31/3456] 
=== Starting Regression Test ===
NUM_ROUNDS:  1000000000
NUM_THREADS: 16
Scenario:    decks=1_ss17=True_das=False_sas=2_don=9-11_reSplitAces=False_hitSplitAces=False_surr=no_peek=False_bj-pays=1.5
============================

Cut Card (Penetration: 75%) Theoretical Edge %: 0.3685% Cut Card Empiric Edge %: -0.3742%
CSM (Penetration: 0.0%) Theoretical Edge %: 0.2555% CSM Empiric Edge %: -0.2611%
CSM Error: -0.0056%, Cut Card Error: -0.0057%
CSM Speed: 8995475 hands/sec, Cut Card Speed: 10863543 hands/sec

[32/3456] 
=== Starting Regression Test ===
NUM_ROUNDS:  1000000000
NUM_THREADS: 16
Scenario:    decks=2_ss17=False_das=True_sas=2_don=9-11_reSplitAces=True_hitSplitAces=False_surr=no_peek=False_bj-pays=1.2
============================

Cut Card (Penetration: 75%) Theoretical Edge %: 2.1073% Cut Card Empiric Edge %: -2.1024%
CSM (Penetration: 0.0%) Theoretical Edge %: 2.0443% CSM Empiric Edge %: -2.0486%
CSM Error: -0.0043%, Cut Card Error: 0.0049%
CSM Speed: 6656815 hands/sec, Cut Card Speed: 11040208 hands/sec

[33/3456] 
=== Starting Regression Test ===
NUM_ROUNDS:  1000000000
NUM_THREADS: 16
Scenario:    decks=6_ss17=False_das=False_sas=2_don=10-11_reSplitAces=False_hitSplitAces=False_surr=no_peek=False_bj-pays=1.2
============================

Cut Card (Penetration: 75%) Theoretical Edge %: 2.4659% Cut Card Empiric Edge %: -2.4633%
CSM (Penetration: 0.0%) Theoretical Edge %: 2.4459% CSM Empiric Edge %: -2.4496%
CSM Error: -0.0037%, Cut Card Error: 0.0026%
CSM Speed: 3610160 hands/sec, Cut Card Speed: 11219945 hands/sec

[34/3456] 
=== Starting Regression Test ===
NUM_ROUNDS:  1000000000
NUM_THREADS: 16
Scenario:    decks=6_ss17=True_das=True_sas=4_don=9-11_reSplitAces=False_hitSplitAces=False_surr=no_peek=True_bj-pays=1.2
============================

Cut Card (Penetration: 75%) Theoretical Edge %: 1.8820% Cut Card Empiric Edge %: -1.8829%
CSM (Penetration: 0.0%) Theoretical Edge %: 1.8620% CSM Empiric Edge %: -1.8591%
CSM Error: 0.0029%, Cut Card Error: -0.0009%
CSM Speed: 3611008 hands/sec, Cut Card Speed: 11588828 hands/sec

[35/3456] 
=== Starting Regression Test ===
NUM_ROUNDS:  1000000000
NUM_THREADS: 16
Scenario:    decks=1_ss17=False_das=False_sas=3_don=9-11_reSplitAces=True_hitSplitAces=True_surr=no_peek=True_bj-pays=1.2
============================

Cut Card (Penetration: 75%) Theoretical Edge %: 1.6901% Cut Card Empiric Edge %: -1.6806%
CSM (Penetration: 0.0%) Theoretical Edge %: 1.5771% CSM Empiric Edge %: -1.5661%
CSM Error: 0.0110%, Cut Card Error: 0.0094%
CSM Speed: 8778013 hands/sec, Cut Card Speed: 11685246 hands/sec

[36/3456] 
=== Starting Regression Test ===
NUM_ROUNDS:  1000000000
NUM_THREADS: 16
Scenario:    decks=6_ss17=True_das=True_sas=3_don=10-11_reSplitAces=False_hitSplitAces=False_surr=2-10_peek=False_bj-pays=1.2
============================

NOTE: surr=2-10 + peek=False — theoretical table may not match implementation; edge assertion skipped.
Cut Card (Penetration: 75%) Theoretical Edge %: 2.0181% Cut Card Empiric Edge %: -1.8512%
CSM (Penetration: 0.0%) Theoretical Edge %: 1.9981% CSM Empiric Edge %: -1.8279%
CSM Error: 0.1702%, Cut Card Error: 0.1669%
CSM Speed: 3585450 hands/sec, Cut Card Speed: 10953502 hands/sec

[37/3456] 
=== Starting Regression Test ===
NUM_ROUNDS:  1000000000
NUM_THREADS: 16
Scenario:    decks=6_ss17=False_das=False_sas=2_don=Any_reSplitAces=False_hitSplitAces=True_surr=2-10_peek=False_bj-pays=1.5
============================

NOTE: surr=2-10 + peek=False — theoretical table may not match implementation; edge assertion skipped.
Cut Card (Penetration: 75%) Theoretical Edge %: 0.6603% Cut Card Empiric Edge %: -0.5162%
CSM (Penetration: 0.0%) Theoretical Edge %: 0.6403% CSM Empiric Edge %: -0.4827%
CSM Error: 0.1576%, Cut Card Error: 0.1441%
CSM Speed: 3587676 hands/sec, Cut Card Speed: 11425568 hands/sec

[38/3456] 
=== Starting Regression Test ===
NUM_ROUNDS:  1000000000
NUM_THREADS: 16
Scenario:    decks=2_ss17=True_das=False_sas=3_don=10-11_reSplitAces=False_hitSplitAces=True_surr=2-10_peek=False_bj-pays=1.5
============================

NOTE: surr=2-10 + peek=False — theoretical table may not match implementation; edge assertion skipped.
Cut Card (Penetration: 75%) Theoretical Edge %: 0.5035% Cut Card Empiric Edge %: -0.3455%
CSM (Penetration: 0.0%) Theoretical Edge %: 0.4405% CSM Empiric Edge %: -0.2759%
CSM Error: 0.1646%, Cut Card Error: 0.1580%
CSM Speed: 6800547 hands/sec, Cut Card Speed: 10595914 hands/sec

[39/3456] 
=== Starting Regression Test ===
NUM_ROUNDS:  1000000000
NUM_THREADS: 16
Scenario:    decks=1_ss17=False_das=False_sas=4_don=Any_reSplitAces=False_hitSplitAces=False_surr=no_peek=True_bj-pays=1.5
============================

Cut Card (Penetration: 75%) Theoretical Edge %: 0.3035% Cut Card Empiric Edge %: -0.3076%
CSM (Penetration: 0.0%) Theoretical Edge %: 0.1905% CSM Empiric Edge %: -0.1878%
CSM Error: 0.0026%, Cut Card Error: -0.0041%
CSM Speed: 9129919 hands/sec, Cut Card Speed: 11562164 hands/sec

[40/3456] 
=== Starting Regression Test ===
NUM_ROUNDS:  1000000000
NUM_THREADS: 16
Scenario:    decks=1_ss17=True_das=True_sas=4_don=9-11_reSplitAces=True_hitSplitAces=False_surr=no_peek=True_bj-pays=1.5
============================

Cut Card (Penetration: 75%) Theoretical Edge %: 0.0817% Cut Card Empiric Edge %: -0.0836%
CSM (Penetration: 0.0%) Theoretical Edge %: -0.0313% CSM Empiric Edge %: 0.0361%
CSM Error: 0.0049%, Cut Card Error: -0.0019%
CSM Speed: 8897826 hands/sec, Cut Card Speed: 12264371 hands/sec

[41/3456] 
=== Starting Regression Test ===
NUM_ROUNDS:  1000000000
NUM_THREADS: 16
Scenario:    decks=6_ss17=True_das=True_sas=3_don=Any_reSplitAces=False_hitSplitAces=False_surr=no_peek=True_bj-pays=1.2
============================

Cut Card (Penetration: 75%) Theoretical Edge %: 1.7946% Cut Card Empiric Edge %: -1.7887%
CSM (Penetration: 0.0%) Theoretical Edge %: 1.7746% CSM Empiric Edge %: -1.7765%
CSM Error: -0.0019%, Cut Card Error: 0.0058%
CSM Speed: 3620054 hands/sec, Cut Card Speed: 11521932 hands/sec

[42/3456] 
=== Starting Regression Test ===
NUM_ROUNDS:  1000000000
NUM_THREADS: 16
Scenario:    decks=1_ss17=True_das=False_sas=2_don=9-11_reSplitAces=True_hitSplitAces=True_surr=no_peek=False_bj-pays=1.2
============================

Cut Card (Penetration: 75%) Theoretical Edge %: 1.6347% Cut Card Empiric Edge %: -1.6276%
CSM (Penetration: 0.0%) Theoretical Edge %: 1.5217% CSM Empiric Edge %: -1.5242%
CSM Error: -0.0025%, Cut Card Error: 0.0071%
CSM Speed: 8809564 hands/sec, Cut Card Speed: 11275864 hands/sec

[43/3456] 
=== Starting Regression Test ===
NUM_ROUNDS:  1000000000
NUM_THREADS: 16
Scenario:    decks=2_ss17=True_das=False_sas=3_don=Any_reSplitAces=False_hitSplitAces=True_surr=no_peek=True_bj-pays=1.5
============================

Cut Card (Penetration: 75%) Theoretical Edge %: 0.2414% Cut Card Empiric Edge %: -0.2400%
CSM (Penetration: 0.0%) Theoretical Edge %: 0.1784% CSM Empiric Edge %: -0.1771%
CSM Error: 0.0013%, Cut Card Error: 0.0014%
CSM Speed: 6932025 hands/sec, Cut Card Speed: 11483034 hands/sec

[44/3456] 
=== Starting Regression Test ===
NUM_ROUNDS:  1000000000
NUM_THREADS: 16
Scenario:    decks=1_ss17=True_das=False_sas=4_don=9-11_reSplitAces=True_hitSplitAces=False_surr=2-10_peek=False_bj-pays=1.5
============================

NOTE: surr=2-10 + peek=False — theoretical table may not match implementation; edge assertion skipped.
Cut Card (Penetration: 75%) Theoretical Edge %: 0.2971% Cut Card Empiric Edge %: -0.1731%
CSM (Penetration: 0.0%) Theoretical Edge %: 0.1841% CSM Empiric Edge %: -0.0264%
CSM Error: 0.1577%, Cut Card Error: 0.1239%
CSM Speed: 8420344 hands/sec, Cut Card Speed: 10937329 hands/sec

[45/3456] 
=== Starting Regression Test ===
NUM_ROUNDS:  1000000000
NUM_THREADS: 16
Scenario:    decks=1_ss17=True_das=True_sas=2_don=9-11_reSplitAces=False_hitSplitAces=False_surr=no_peek=False_bj-pays=1.5
============================

Cut Card (Penetration: 75%) Theoretical Edge %: 0.2496% Cut Card Empiric Edge %: -0.2548%
CSM (Penetration: 0.0%) Theoretical Edge %: 0.1366% CSM Empiric Edge %: -0.1375%
CSM Error: -0.0009%, Cut Card Error: -0.0052%
CSM Speed: 8820053 hands/sec, Cut Card Speed: 11343785 hands/sec

[46/3456] 
=== Starting Regression Test ===
NUM_ROUNDS:  1000000000
NUM_THREADS: 16
Scenario:    decks=1_ss17=False_das=True_sas=2_don=9-11_reSplitAces=True_hitSplitAces=True_surr=no_peek=True_bj-pays=1.2
============================

Cut Card (Penetration: 75%) Theoretical Edge %: 1.6086% Cut Card Empiric Edge %: -1.5995%
CSM (Penetration: 0.0%) Theoretical Edge %: 1.4956% CSM Empiric Edge %: -1.4914%
CSM Error: 0.0042%, Cut Card Error: 0.0091%
CSM Speed: 8732252 hands/sec, Cut Card Speed: 11479870 hands/sec

[47/3456] 
=== Starting Regression Test ===
NUM_ROUNDS:  1000000000
NUM_THREADS: 16
Scenario:    decks=6_ss17=True_das=True_sas=4_don=10-11_reSplitAces=False_hitSplitAces=False_surr=no_peek=False_bj-pays=1.2
============================

Cut Card (Penetration: 75%) Theoretical Edge %: 2.0890% Cut Card Empiric Edge %: -2.0920%
CSM (Penetration: 0.0%) Theoretical Edge %: 2.0690% CSM Empiric Edge %: -2.0715%
CSM Error: -0.0024%, Cut Card Error: -0.0030%
CSM Speed: 3594136 hands/sec, Cut Card Speed: 11070642 hands/sec

[48/3456] 
=== Starting Regression Test ===
NUM_ROUNDS:  1000000000
NUM_THREADS: 16
Scenario:    decks=6_ss17=True_das=False_sas=3_don=9-11_reSplitAces=True_hitSplitAces=False_surr=yes_peek=True_bj-pays=1.2
============================

NOTE: surr=yes + peek=True — using the available surr=2-10 theoretical edge as a comparison baseline; edge assertion skipped.
Cut Card (Penetration: 75%) Theoretical Edge %: 1.8921% Cut Card Empiric Edge %: -1.8867%
CSM (Penetration: 0.0%) Theoretical Edge %: 1.8721% CSM Empiric Edge %: -1.8716%
CSM Error: 0.0006%, Cut Card Error: 0.0055%
CSM Speed: 3591206 hands/sec, Cut Card Speed: 11219567 hands/sec

[49/3456] 
=== Starting Regression Test ===
NUM_ROUNDS:  1000000000
NUM_THREADS: 16
Scenario:    decks=1_ss17=False_das=False_sas=3_don=Any_reSplitAces=True_hitSplitAces=False_surr=no_peek=False_bj-pays=1.2
============================

Cut Card (Penetration: 75%) Theoretical Edge %: 1.7812% Cut Card Empiric Edge %: -1.7911%
CSM (Penetration: 0.0%) Theoretical Edge %: 1.6682% CSM Empiric Edge %: -1.6707%
CSM Error: -0.0025%, Cut Card Error: -0.0099%
CSM Speed: 8920368 hands/sec, Cut Card Speed: 10971047 hands/sec

[50/3456] 
=== Starting Regression Test ===
NUM_ROUNDS:  1000000000
NUM_THREADS: 16
Scenario:    decks=6_ss17=True_das=True_sas=2_don=9-11_reSplitAces=True_hitSplitAces=True_surr=2-10_peek=False_bj-pays=1.5
============================

NOTE: surr=2-10 + peek=False — theoretical table may not match implementation; edge assertion skipped.
Cut Card (Penetration: 75%) Theoretical Edge %: 0.4334% Cut Card Empiric Edge %: -0.2750%
CSM (Penetration: 0.0%) Theoretical Edge %: 0.4134% CSM Empiric Edge %: -0.2471%
CSM Error: 0.1663%, Cut Card Error: 0.1584%
CSM Speed: 3489658 hands/sec, Cut Card Speed: 10592210 hands/sec

[51/3456] 
=== Starting Regression Test ===
NUM_ROUNDS:  1000000000
NUM_THREADS: 16
Scenario:    decks=6_ss17=True_das=True_sas=4_don=9-11_reSplitAces=True_hitSplitAces=False_surr=2-10_peek=False_bj-pays=1.5
============================

NOTE: surr=2-10 + peek=False — theoretical table may not match implementation; edge assertion skipped.
Cut Card (Penetration: 75%) Theoretical Edge %: 0.4914% Cut Card Empiric Edge %: -0.3295%
CSM (Penetration: 0.0%) Theoretical Edge %: 0.4714% CSM Empiric Edge %: -0.3011%
CSM Error: 0.1703%, Cut Card Error: 0.1619%
CSM Speed: 3507529 hands/sec, Cut Card Speed: 11026452 hands/sec

[52/3456] 
=== Starting Regression Test ===
NUM_ROUNDS:  1000000000
NUM_THREADS: 16
Scenario:    decks=1_ss17=True_das=False_sas=4_don=10-11_reSplitAces=False_hitSplitAces=True_surr=no_peek=False_bj-pays=1.2
============================

Cut Card (Penetration: 75%) Theoretical Edge %: 1.7502% Cut Card Empiric Edge %: -1.7469%
CSM (Penetration: 0.0%) Theoretical Edge %: 1.6372% CSM Empiric Edge %: -1.6412%
CSM Error: -0.0040%, Cut Card Error: 0.0033%
CSM Speed: 8714369 hands/sec, Cut Card Speed: 11406931 hands/sec

[53/3456] 
=== Starting Regression Test ===
NUM_ROUNDS:  1000000000
NUM_THREADS: 16
Scenario:    decks=2_ss17=False_das=True_sas=2_don=9-11_reSplitAces=True_hitSplitAces=False_surr=yes_peek=True_bj-pays=1.5
============================

NOTE: surr=yes + peek=True — using the available surr=2-10 theoretical edge as a comparison baseline; edge assertion skipped.
Cut Card (Penetration: 75%) Theoretical Edge %: 0.5564% Cut Card Empiric Edge %: -0.5610%
CSM (Penetration: 0.0%) Theoretical Edge %: 0.4934% CSM Empiric Edge %: -0.4899%
CSM Error: 0.0035%, Cut Card Error: -0.0047%
CSM Speed: 6793294 hands/sec, Cut Card Speed: 11301351 hands/sec

[54/3456] 
=== Starting Regression Test ===
NUM_ROUNDS:  1000000000
NUM_THREADS: 16
Scenario:    decks=2_ss17=False_das=True_sas=2_don=10-11_reSplitAces=True_hitSplitAces=True_surr=2-10_peek=False_bj-pays=1.5
============================

NOTE: surr=2-10 + peek=False — theoretical table may not match implementation; edge assertion skipped.
Cut Card (Penetration: 75%) Theoretical Edge %: 0.6225% Cut Card Empiric Edge %: -0.4869%
CSM (Penetration: 0.0%) Theoretical Edge %: 0.5595% CSM Empiric Edge %: -0.4113%
CSM Error: 0.1483%, Cut Card Error: 0.1356%
CSM Speed: 6687442 hands/sec, Cut Card Speed: 10871101 hands/sec

[55/3456] 
=== Starting Regression Test ===
NUM_ROUNDS:  1000000000
NUM_THREADS: 16
Scenario:    decks=1_ss17=True_das=True_sas=3_don=Any_reSplitAces=False_hitSplitAces=False_surr=2-10_peek=False_bj-pays=1.2
============================

NOTE: surr=2-10 + peek=False — theoretical table may not match implementation; edge assertion skipped.
Cut Card (Penetration: 75%) Theoretical Edge %: 1.4493% Cut Card Empiric Edge %: -1.3263%
CSM (Penetration: 0.0%) Theoretical Edge %: 1.3363% CSM Empiric Edge %: -1.1859%
CSM Error: 0.1504%, Cut Card Error: 0.1230%
CSM Speed: 8676488 hands/sec, Cut Card Speed: 11615211 hands/sec

[56/3456] 
=== Starting Regression Test ===
NUM_ROUNDS:  1000000000
NUM_THREADS: 16
Scenario:    decks=2_ss17=True_das=True_sas=2_don=9-11_reSplitAces=True_hitSplitAces=False_surr=2-10_peek=False_bj-pays=1.5
============================

NOTE: surr=2-10 + peek=False — theoretical table may not match implementation; edge assertion skipped.
Cut Card (Penetration: 75%) Theoretical Edge %: 0.4618% Cut Card Empiric Edge %: -0.3090%
CSM (Penetration: 0.0%) Theoretical Edge %: 0.3988% CSM Empiric Edge %: -0.2309%
CSM Error: 0.1678%, Cut Card Error: 0.1527%
CSM Speed: 6653758 hands/sec, Cut Card Speed: 10477677 hands/sec

[57/3456] 
=== Starting Regression Test ===
NUM_ROUNDS:  1000000000
NUM_THREADS: 16
Scenario:    decks=1_ss17=False_das=True_sas=3_don=Any_reSplitAces=False_hitSplitAces=True_surr=no_peek=True_bj-pays=1.5
============================

Cut Card (Penetration: 75%) Theoretical Edge %: 0.0210% Cut Card Empiric Edge %: -0.0325%
CSM (Penetration: 0.0%) Theoretical Edge %: -0.0920% CSM Empiric Edge %: 0.0980%
CSM Error: 0.0060%, Cut Card Error: -0.0115%
CSM Speed: 8685305 hands/sec, Cut Card Speed: 11818096 hands/sec

[58/3456] 
=== Starting Regression Test ===
NUM_ROUNDS:  1000000000
NUM_THREADS: 16
Scenario:    decks=2_ss17=True_das=False_sas=2_don=10-11_reSplitAces=True_hitSplitAces=True_surr=2-10_peek=False_bj-pays=1.5
============================

NOTE: surr=2-10 + peek=False — theoretical table may not match implementation; edge assertion skipped.
Cut Card (Penetration: 75%) Theoretical Edge %: 0.5263% Cut Card Empiric Edge %: -0.3764%
CSM (Penetration: 0.0%) Theoretical Edge %: 0.4633% CSM Empiric Edge %: -0.3016%
CSM Error: 0.1617%, Cut Card Error: 0.1499%
CSM Speed: 6794309 hands/sec, Cut Card Speed: 11005216 hands/sec

[59/3456] 
=== Starting Regression Test ===
NUM_ROUNDS:  1000000000
NUM_THREADS: 16
Scenario:    decks=6_ss17=True_das=False_sas=4_don=10-11_reSplitAces=True_hitSplitAces=True_surr=2-10_peek=False_bj-pays=1.5
============================

NOTE: surr=2-10 + peek=False — theoretical table may not match implementation; edge assertion skipped.
Cut Card (Penetration: 75%) Theoretical Edge %: 0.5461% Cut Card Empiric Edge %: -0.3898%
CSM (Penetration: 0.0%) Theoretical Edge %: 0.5261% CSM Empiric Edge %: -0.3602%
CSM Error: 0.1659%, Cut Card Error: 0.1563%
CSM Speed: 3513926 hands/sec, Cut Card Speed: 11100997 hands/sec

[60/3456] 
=== Starting Regression Test ===
NUM_ROUNDS:  1000000000
NUM_THREADS: 16
Scenario:    decks=2_ss17=False_das=False_sas=2_don=10-11_reSplitAces=False_hitSplitAces=True_surr=no_peek=False_bj-pays=1.5
============================

Cut Card (Penetration: 75%) Theoretical Edge %: 0.8003% Cut Card Empiric Edge %: -0.7983%
CSM (Penetration: 0.0%) Theoretical Edge %: 0.7373% CSM Empiric Edge %: -0.7424%
CSM Error: -0.0052%, Cut Card Error: 0.0019%
CSM Speed: 6764344 hands/sec, Cut Card Speed: 10868148 hands/sec

[61/3456] 
=== Starting Regression Test ===
NUM_ROUNDS:  1000000000
NUM_THREADS: 16
Scenario:    decks=6_ss17=False_das=True_sas=2_don=Any_reSplitAces=False_hitSplitAces=False_surr=2-10_peek=False_bj-pays=1.2
============================

NOTE: surr=2-10 + peek=False — theoretical table may not match implementation; edge assertion skipped.
Cut Card (Penetration: 75%) Theoretical Edge %: 2.0671% Cut Card Empiric Edge %: -1.9138%
CSM (Penetration: 0.0%) Theoretical Edge %: 2.0471% CSM Empiric Edge %: -1.8851%
CSM Error: 0.1621%, Cut Card Error: 0.1534%
CSM Speed: 3489549 hands/sec, Cut Card Speed: 11163705 hands/sec

[62/3456] 
=== Starting Regression Test ===
NUM_ROUNDS:  1000000000
NUM_THREADS: 16
Scenario:    decks=1_ss17=False_das=True_sas=4_don=9-11_reSplitAces=True_hitSplitAces=True_surr=yes_peek=True_bj-pays=1.2
============================

NOTE: surr=yes + peek=True — using the available surr=2-10 theoretical edge as a comparison baseline; edge assertion skipped.
Cut Card (Penetration: 75%) Theoretical Edge %: 1.5156% Cut Card Empiric Edge %: -1.5310%
CSM (Penetration: 0.0%) Theoretical Edge %: 1.4026% CSM Empiric Edge %: -1.4103%
CSM Error: -0.0078%, Cut Card Error: -0.0155%
CSM Speed: 8636026 hands/sec, Cut Card Speed: 11119389 hands/sec

[63/3456] 
=== Starting Regression Test ===
NUM_ROUNDS:  1000000000
NUM_THREADS: 16
Scenario:    decks=1_ss17=False_das=False_sas=4_don=9-11_reSplitAces=True_hitSplitAces=False_surr=no_peek=True_bj-pays=1.2
============================

Cut Card (Penetration: 75%) Theoretical Edge %: 1.8117% Cut Card Empiric Edge %: -1.8043%
CSM (Penetration: 0.0%) Theoretical Edge %: 1.6987% CSM Empiric Edge %: -1.6925%
CSM Error: 0.0062%, Cut Card Error: 0.0074%
CSM Speed: 8787578 hands/sec, Cut Card Speed: 11463420 hands/sec

[64/3456] 
=== Starting Regression Test ===
NUM_ROUNDS:  1000000000
NUM_THREADS: 16
Scenario:    decks=1_ss17=False_das=False_sas=3_don=10-11_reSplitAces=True_hitSplitAces=False_surr=no_peek=True_bj-pays=1.5
============================

Cut Card (Penetration: 75%) Theoretical Edge %: 0.5506% Cut Card Empiric Edge %: -0.5463%
CSM (Penetration: 0.0%) Theoretical Edge %: 0.4376% CSM Empiric Edge %: -0.4273%
CSM Error: 0.0102%, Cut Card Error: 0.0043%
CSM Speed: 8881626 hands/sec, Cut Card Speed: 11835020 hands/sec

[65/3456] 
=== Starting Regression Test ===
NUM_ROUNDS:  1000000000
NUM_THREADS: 16
Scenario:    decks=1_ss17=False_das=True_sas=2_don=Any_reSplitAces=True_hitSplitAces=True_surr=no_peek=True_bj-pays=1.2
============================

Cut Card (Penetration: 75%) Theoretical Edge %: 1.4437% Cut Card Empiric Edge %: -1.4345%
CSM (Penetration: 0.0%) Theoretical Edge %: 1.3307% CSM Empiric Edge %: -1.3300%
CSM Error: 0.0008%, Cut Card Error: 0.0092%
CSM Speed: 8913292 hands/sec, Cut Card Speed: 11772739 hands/sec

[66/3456] 
=== Starting Regression Test ===
NUM_ROUNDS:  1000000000
NUM_THREADS: 16
Scenario:    decks=6_ss17=False_das=True_sas=3_don=Any_reSplitAces=True_hitSplitAces=True_surr=yes_peek=True_bj-pays=1.2
============================

NOTE: surr=yes + peek=True — using the available surr=2-10 theoretical edge as a comparison baseline; edge assertion skipped.
Cut Card (Penetration: 75%) Theoretical Edge %: 1.6842% Cut Card Empiric Edge %: -1.6840%
CSM (Penetration: 0.0%) Theoretical Edge %: 1.6642% CSM Empiric Edge %: -1.6634%
CSM Error: 0.0008%, Cut Card Error: 0.0002%
CSM Speed: 3521276 hands/sec, Cut Card Speed: 11543878 hands/sec

[67/3456] 
=== Starting Regression Test ===
NUM_ROUNDS:  1000000000
NUM_THREADS: 16
Scenario:    decks=2_ss17=True_das=True_sas=4_don=10-11_reSplitAces=True_hitSplitAces=True_surr=no_peek=True_bj-pays=1.2
============================

Cut Card (Penetration: 75%) Theoretical Edge %: 1.6523% Cut Card Empiric Edge %: -1.6432%
CSM (Penetration: 0.0%) Theoretical Edge %: 1.5893% CSM Empiric Edge %: -1.5844%
CSM Error: 0.0048%, Cut Card Error: 0.0091%
CSM Speed: 6918261 hands/sec, Cut Card Speed: 11220574 hands/sec

[68/3456] 
=== Starting Regression Test ===
NUM_ROUNDS:  1000000000
NUM_THREADS: 16
Scenario:    decks=1_ss17=False_das=True_sas=3_don=10-11_reSplitAces=True_hitSplitAces=True_surr=no_peek=False_bj-pays=1.5
============================

Cut Card (Penetration: 75%) Theoretical Edge %: 0.4248% Cut Card Empiric Edge %: -0.4272%
CSM (Penetration: 0.0%) Theoretical Edge %: 0.3118% CSM Empiric Edge %: -0.3121%
CSM Error: -0.0003%, Cut Card Error: -0.0024%
CSM Speed: 8666187 hands/sec, Cut Card Speed: 11154614 hands/sec

[69/3456] 
=== Starting Regression Test ===
NUM_ROUNDS:  1000000000
NUM_THREADS: 16
Scenario:    decks=1_ss17=False_das=True_sas=3_don=Any_reSplitAces=True_hitSplitAces=False_surr=2-10_peek=False_bj-pays=1.2
============================

NOTE: surr=2-10 + peek=False — theoretical table may not match implementation; edge assertion skipped.
Cut Card (Penetration: 75%) Theoretical Edge %: 1.5997% Cut Card Empiric Edge %: -1.4950%
CSM (Penetration: 0.0%) Theoretical Edge %: 1.4867% CSM Empiric Edge %: -1.3439%
CSM Error: 0.1428%, Cut Card Error: 0.1047%
CSM Speed: 8938388 hands/sec, Cut Card Speed: 11000253 hands/sec

[70/3456] 
=== Starting Regression Test ===
NUM_ROUNDS:  1000000000
NUM_THREADS: 16
Scenario:    decks=6_ss17=True_das=True_sas=3_don=Any_reSplitAces=True_hitSplitAces=False_surr=2-10_peek=False_bj-pays=1.5
============================

NOTE: surr=2-10 + peek=False — theoretical table may not match implementation; edge assertion skipped.
Cut Card (Penetration: 75%) Theoretical Edge %: 0.4134% Cut Card Empiric Edge %: -0.2485%
CSM (Penetration: 0.0%) Theoretical Edge %: 0.3934% CSM Empiric Edge %: -0.2167%
CSM Error: 0.1767%, Cut Card Error: 0.1649%
CSM Speed: 3589504 hands/sec, Cut Card Speed: 11322336 hands/sec

[71/3456] 
=== Starting Regression Test ===
NUM_ROUNDS:  1000000000
NUM_THREADS: 16
Scenario:    decks=1_ss17=True_das=False_sas=2_don=9-11_reSplitAces=False_hitSplitAces=True_surr=yes_peek=True_bj-pays=1.2
============================

NOTE: surr=yes + peek=True — using the available surr=2-10 theoretical edge as a comparison baseline; edge assertion skipped.
Cut Card (Penetration: 75%) Theoretical Edge %: 1.5046% Cut Card Empiric Edge %: -1.5036%
CSM (Penetration: 0.0%) Theoretical Edge %: 1.3916% CSM Empiric Edge %: -1.3901%
CSM Error: 0.0015%, Cut Card Error: 0.0011%
CSM Speed: 8634386 hands/sec, Cut Card Speed: 10905601 hands/sec

[72/3456] 
=== Starting Regression Test ===
NUM_ROUNDS:  1000000000
NUM_THREADS: 16
Scenario:    decks=6_ss17=False_das=False_sas=4_don=Any_reSplitAces=True_hitSplitAces=True_surr=2-10_peek=False_bj-pays=1.2
============================

NOTE: surr=2-10 + peek=False — theoretical table may not match implementation; edge assertion skipped.
Cut Card (Penetration: 75%) Theoretical Edge %: 1.9346% Cut Card Empiric Edge %: -1.7920%
CSM (Penetration: 0.0%) Theoretical Edge %: 1.9146% CSM Empiric Edge %: -1.7601%
CSM Error: 0.1545%, Cut Card Error: 0.1426%
CSM Speed: 3528071 hands/sec, Cut Card Speed: 11473811 hands/sec

[73/3456] 
=== Starting Regression Test ===
NUM_ROUNDS:  1000000000
NUM_THREADS: 16
Scenario:    decks=2_ss17=False_das=False_sas=3_don=10-11_reSplitAces=False_hitSplitAces=True_surr=yes_peek=True_bj-pays=1.5
============================

NOTE: surr=yes + peek=True — using the available surr=2-10 theoretical edge as a comparison baseline; edge assertion skipped.
Cut Card (Penetration: 75%) Theoretical Edge %: 0.5960% Cut Card Empiric Edge %: -0.6004%
CSM (Penetration: 0.0%) Theoretical Edge %: 0.5330% CSM Empiric Edge %: -0.5390%
CSM Error: -0.0060%, Cut Card Error: -0.0044%
CSM Speed: 6809206 hands/sec, Cut Card Speed: 10630382 hands/sec

[74/3456] 
=== Starting Regression Test ===
NUM_ROUNDS:  1000000000
NUM_THREADS: 16
Scenario:    decks=2_ss17=False_das=True_sas=4_don=10-11_reSplitAces=False_hitSplitAces=True_surr=no_peek=False_bj-pays=1.2
============================

Cut Card (Penetration: 75%) Theoretical Edge %: 2.0265% Cut Card Empiric Edge %: -2.0231%
CSM (Penetration: 0.0%) Theoretical Edge %: 1.9635% CSM Empiric Edge %: -1.9724%
CSM Error: -0.0088%, Cut Card Error: 0.0034%
CSM Speed: 6666045 hands/sec, Cut Card Speed: 11087335 hands/sec

[75/3456] 
=== Starting Regression Test ===
NUM_ROUNDS:  1000000000
NUM_THREADS: 16
Scenario:    decks=1_ss17=False_das=True_sas=4_don=Any_reSplitAces=True_hitSplitAces=True_surr=yes_peek=True_bj-pays=1.5
============================

NOTE: surr=yes + peek=True — using the available surr=2-10 theoretical edge as a comparison baseline; edge assertion skipped.
Cut Card (Penetration: 75%) Theoretical Edge %: -0.0456% Cut Card Empiric Edge %: 0.0239%
CSM (Penetration: 0.0%) Theoretical Edge %: -0.1586% CSM Empiric Edge %: 0.1520%
CSM Error: -0.0066%, Cut Card Error: -0.0217%
CSM Speed: 8903530 hands/sec, Cut Card Speed: 11661400 hands/sec

[76/3456] 
=== Starting Regression Test ===
NUM_ROUNDS:  1000000000
NUM_THREADS: 16
Scenario:    decks=2_ss17=True_das=False_sas=2_don=9-11_reSplitAces=True_hitSplitAces=True_surr=2-10_peek=False_bj-pays=1.2
============================

NOTE: surr=2-10 + peek=False — theoretical table may not match implementation; edge assertion skipped.
Cut Card (Penetration: 75%) Theoretical Edge %: 1.7978% Cut Card Empiric Edge %: -1.6392%
CSM (Penetration: 0.0%) Theoretical Edge %: 1.7348% CSM Empiric Edge %: -1.5707%
CSM Error: 0.1641%, Cut Card Error: 0.1586%
CSM Speed: 6496291 hands/sec, Cut Card Speed: 10985269 hands/sec

[77/3456] 
=== Starting Regression Test ===
NUM_ROUNDS:  1000000000
NUM_THREADS: 16
Scenario:    decks=2_ss17=True_das=False_sas=4_don=Any_reSplitAces=False_hitSplitAces=False_surr=yes_peek=True_bj-pays=1.2
============================

NOTE: surr=yes + peek=True — using the available surr=2-10 theoretical edge as a comparison baseline; edge assertion skipped.
Cut Card (Penetration: 75%) Theoretical Edge %: 1.7204% Cut Card Empiric Edge %: -1.7232%
CSM (Penetration: 0.0%) Theoretical Edge %: 1.6574% CSM Empiric Edge %: -1.6597%
CSM Error: -0.0024%, Cut Card Error: -0.0029%
CSM Speed: 6901025 hands/sec, Cut Card Speed: 11042891 hands/sec

[78/3456] 
=== Starting Regression Test ===
NUM_ROUNDS:  1000000000
NUM_THREADS: 16
Scenario:    decks=1_ss17=True_das=False_sas=4_don=10-11_reSplitAces=True_hitSplitAces=True_surr=no_peek=True_bj-pays=1.5
============================

Cut Card (Penetration: 75%) Theoretical Edge %: 0.2204% Cut Card Empiric Edge %: -0.2187%
CSM (Penetration: 0.0%) Theoretical Edge %: 0.1074% CSM Empiric Edge %: -0.1092%
CSM Error: -0.0018%, Cut Card Error: 0.0017%
CSM Speed: 8648649 hands/sec, Cut Card Speed: 11389262 hands/sec

[79/3456] 
=== Starting Regression Test ===
NUM_ROUNDS:  1000000000
NUM_THREADS: 16
Scenario:    decks=2_ss17=True_das=True_sas=2_don=Any_reSplitAces=True_hitSplitAces=False_surr=no_peek=True_bj-pays=1.2
============================

Cut Card (Penetration: 75%) Theoretical Edge %: 1.6737% Cut Card Empiric Edge %: -1.6650%
CSM (Penetration: 0.0%) Theoretical Edge %: 1.6107% CSM Empiric Edge %: -1.6111%
CSM Error: -0.0005%, Cut Card Error: 0.0087%
CSM Speed: 6683732 hands/sec, Cut Card Speed: 11387446 hands/sec

[80/3456] 
=== Starting Regression Test ===
NUM_ROUNDS:  1000000000
NUM_THREADS: 16
Scenario:    decks=6_ss17=False_das=False_sas=4_don=10-11_reSplitAces=False_hitSplitAces=True_surr=yes_peek=True_bj-pays=1.2
============================

NOTE: surr=yes + peek=True — using the available surr=2-10 theoretical edge as a comparison baseline; edge assertion skipped.
Cut Card (Penetration: 75%) Theoretical Edge %: 2.0588% Cut Card Empiric Edge %: -2.0618%
CSM (Penetration: 0.0%) Theoretical Edge %: 2.0388% CSM Empiric Edge %: -2.0375%
CSM Error: 0.0013%, Cut Card Error: -0.0030%
CSM Speed: 3495892 hands/sec, Cut Card Speed: 10590304 hands/sec

[81/3456] 
=== Starting Regression Test ===
NUM_ROUNDS:  1000000000
NUM_THREADS: 16
Scenario:    decks=1_ss17=False_das=False_sas=2_don=9-11_reSplitAces=False_hitSplitAces=True_surr=no_peek=False_bj-pays=1.2
============================

Cut Card (Penetration: 75%) Theoretical Edge %: 1.8440% Cut Card Empiric Edge %: -1.8349%
CSM (Penetration: 0.0%) Theoretical Edge %: 1.7310% CSM Empiric Edge %: -1.7344%
CSM Error: -0.0034%, Cut Card Error: 0.0091%
CSM Speed: 8683118 hands/sec, Cut Card Speed: 11653653 hands/sec

[82/3456] 
=== Starting Regression Test ===
NUM_ROUNDS:  1000000000
NUM_THREADS: 16
Scenario:    decks=2_ss17=True_das=False_sas=4_don=10-11_reSplitAces=False_hitSplitAces=False_surr=yes_peek=True_bj-pays=1.5
============================

NOTE: surr=yes + peek=True — using the available surr=2-10 theoretical edge as a comparison baseline; edge assertion skipped.
Cut Card (Penetration: 75%) Theoretical Edge %: 0.5533% Cut Card Empiric Edge %: -0.5565%
CSM (Penetration: 0.0%) Theoretical Edge %: 0.4903% CSM Empiric Edge %: -0.4838%
CSM Error: 0.0065%, Cut Card Error: -0.0032%
CSM Speed: 6812221 hands/sec, Cut Card Speed: 11288720 hands/sec

[83/3456] 
=== Starting Regression Test ===
NUM_ROUNDS:  1000000000
NUM_THREADS: 16
Scenario:    decks=6_ss17=False_das=False_sas=3_don=10-11_reSplitAces=True_hitSplitAces=True_surr=yes_peek=True_bj-pays=1.2
============================

NOTE: surr=yes + peek=True — using the available surr=2-10 theoretical edge as a comparison baseline; edge assertion skipped.
Cut Card (Penetration: 75%) Theoretical Edge %: 2.0155% Cut Card Empiric Edge %: -2.0137%
CSM (Penetration: 0.0%) Theoretical Edge %: 1.9955% CSM Empiric Edge %: -1.9916%
CSM Error: 0.0039%, Cut Card Error: 0.0018%
CSM Speed: 3527200 hands/sec, Cut Card Speed: 11273957 hands/sec

[84/3456] 
=== Starting Regression Test ===
NUM_ROUNDS:  1000000000
NUM_THREADS: 16
Scenario:    decks=1_ss17=True_das=False_sas=2_don=Any_reSplitAces=True_hitSplitAces=False_surr=yes_peek=True_bj-pays=1.2
============================

NOTE: surr=yes + peek=True — using the available surr=2-10 theoretical edge as a comparison baseline; edge assertion skipped.
Cut Card (Penetration: 75%) Theoretical Edge %: 1.5002% Cut Card Empiric Edge %: -1.5079%
CSM (Penetration: 0.0%) Theoretical Edge %: 1.3872% CSM Empiric Edge %: -1.3938%
CSM Error: -0.0067%, Cut Card Error: -0.0077%
CSM Speed: 9330534 hands/sec, Cut Card Speed: 11689071 hands/sec

[85/3456] 
=== Starting Regression Test ===
NUM_ROUNDS:  1000000000
NUM_THREADS: 16
Scenario:    decks=1_ss17=False_das=True_sas=3_don=9-11_reSplitAces=True_hitSplitAces=True_surr=2-10_peek=False_bj-pays=1.5
============================

NOTE: surr=2-10 + peek=False — theoretical table may not match implementation; edge assertion skipped.
Cut Card (Penetration: 75%) Theoretical Edge %: 0.2383% Cut Card Empiric Edge %: -0.1358%
CSM (Penetration: 0.0%) Theoretical Edge %: 0.1253% CSM Empiric Edge %: 0.0127%
CSM Error: 0.1379%, Cut Card Error: 0.1025%
CSM Speed: 8512449 hands/sec, Cut Card Speed: 11279044 hands/sec

[86/3456] 
=== Starting Regression Test ===
NUM_ROUNDS:  1000000000
NUM_THREADS: 16
Scenario:    decks=6_ss17=False_das=True_sas=3_don=10-11_reSplitAces=True_hitSplitAces=False_surr=no_peek=True_bj-pays=1.2
============================

Cut Card (Penetration: 75%) Theoretical Edge %: 2.1498% Cut Card Empiric Edge %: -2.1453%
CSM (Penetration: 0.0%) Theoretical Edge %: 2.1298% CSM Empiric Edge %: -2.1283%
CSM Error: 0.0016%, Cut Card Error: 0.0046%
CSM Speed: 3667370 hands/sec, Cut Card Speed: 10774701 hands/sec

[87/3456] 
=== Starting Regression Test ===
NUM_ROUNDS:  1000000000
NUM_THREADS: 16
Scenario:    decks=1_ss17=True_das=False_sas=3_don=9-11_reSplitAces=True_hitSplitAces=False_surr=no_peek=False_bj-pays=1.5
============================

Cut Card (Penetration: 75%) Theoretical Edge %: 0.3235% Cut Card Empiric Edge %: -0.3296%
CSM (Penetration: 0.0%) Theoretical Edge %: 0.2105% CSM Empiric Edge %: -0.2126%
CSM Error: -0.0021%, Cut Card Error: -0.0061%
CSM Speed: 8479607 hands/sec, Cut Card Speed: 11292035 hands/sec

[88/3456] 
=== Starting Regression Test ===
NUM_ROUNDS:  1000000000
NUM_THREADS: 16
Scenario:    decks=1_ss17=True_das=True_sas=4_don=9-11_reSplitAces=False_hitSplitAces=False_surr=2-10_peek=False_bj-pays=1.2
============================

NOTE: surr=2-10 + peek=False — theoretical table may not match implementation; edge assertion skipped.
Cut Card (Penetration: 75%) Theoretical Edge %: 1.5928% Cut Card Empiric Edge %: -1.4638%
CSM (Penetration: 0.0%) Theoretical Edge %: 1.4798% CSM Empiric Edge %: -1.3269%
CSM Error: 0.1529%, Cut Card Error: 0.1290%
CSM Speed: 8776934 hands/sec, Cut Card Speed: 11356281 hands/sec

[89/3456] 
=== Starting Regression Test ===
NUM_ROUNDS:  1000000000
NUM_THREADS: 16
Scenario:    decks=2_ss17=False_das=False_sas=3_don=9-11_reSplitAces=True_hitSplitAces=True_surr=no_peek=False_bj-pays=1.5
============================

Cut Card (Penetration: 75%) Theoretical Edge %: 0.6400% Cut Card Empiric Edge %: -0.6399%
CSM (Penetration: 0.0%) Theoretical Edge %: 0.5770% CSM Empiric Edge %: -0.5801%
CSM Error: -0.0031%, Cut Card Error: 0.0001%
CSM Speed: 6746182 hands/sec, Cut Card Speed: 11132510 hands/sec

[90/3456] 
=== Starting Regression Test ===
NUM_ROUNDS:  1000000000
NUM_THREADS: 16
Scenario:    decks=1_ss17=True_das=True_sas=3_don=Any_reSplitAces=False_hitSplitAces=False_surr=yes_peek=True_bj-pays=1.5
============================

NOTE: surr=yes + peek=True — using the available surr=2-10 theoretical edge as a comparison baseline; edge assertion skipped.
Cut Card (Penetration: 75%) Theoretical Edge %: -0.0514% Cut Card Empiric Edge %: 0.0268%
CSM (Penetration: 0.0%) Theoretical Edge %: -0.1644% CSM Empiric Edge %: 0.1542%
CSM Error: -0.0102%, Cut Card Error: -0.0247%
CSM Speed: 9202510 hands/sec, Cut Card Speed: 11790784 hands/sec

[91/3456] 
=== Starting Regression Test ===
NUM_ROUNDS:  1000000000
NUM_THREADS: 16
Scenario:    decks=2_ss17=True_das=True_sas=4_don=9-11_reSplitAces=True_hitSplitAces=True_surr=yes_peek=True_bj-pays=1.5
============================

NOTE: surr=yes + peek=True — using the available surr=2-10 theoretical edge as a comparison baseline; edge assertion skipped.
Cut Card (Penetration: 75%) Theoretical Edge %: 0.1119% Cut Card Empiric Edge %: -0.1228%
CSM (Penetration: 0.0%) Theoretical Edge %: 0.0489% CSM Empiric Edge %: -0.0554%
CSM Error: -0.0065%, Cut Card Error: -0.0109%
CSM Speed: 6905648 hands/sec, Cut Card Speed: 11175932 hands/sec

[92/3456] 
=== Starting Regression Test ===
NUM_ROUNDS:  1000000000
NUM_THREADS: 16
Scenario:    decks=2_ss17=True_das=False_sas=4_don=Any_reSplitAces=False_hitSplitAces=True_surr=2-10_peek=False_bj-pays=1.2
============================

NOTE: surr=2-10 + peek=False — theoretical table may not match implementation; edge assertion skipped.
Cut Card (Penetration: 75%) Theoretical Edge %: 1.6672% Cut Card Empiric Edge %: -1.5157%
CSM (Penetration: 0.0%) Theoretical Edge %: 1.6042% CSM Empiric Edge %: -1.4388%
CSM Error: 0.1654%, Cut Card Error: 0.1515%
CSM Speed: 6769610 hands/sec, Cut Card Speed: 11162832 hands/sec

[93/3456] 
=== Starting Regression Test ===
NUM_ROUNDS:  1000000000
NUM_THREADS: 16
Scenario:    decks=2_ss17=True_das=True_sas=2_don=10-11_reSplitAces=True_hitSplitAces=False_surr=yes_peek=True_bj-pays=1.5
============================

NOTE: surr=yes + peek=True — using the available surr=2-10 theoretical edge as a comparison baseline; edge assertion skipped.
Cut Card (Penetration: 75%) Theoretical Edge %: 0.4742% Cut Card Empiric Edge %: -0.4815%
CSM (Penetration: 0.0%) Theoretical Edge %: 0.4112% CSM Empiric Edge %: -0.4173%
CSM Error: -0.0060%, Cut Card Error: -0.0073%
CSM Speed: 6938036 hands/sec, Cut Card Speed: 11065252 hands/sec

[94/3456] 
=== Starting Regression Test ===
NUM_ROUNDS:  1000000000
NUM_THREADS: 16
Scenario:    decks=6_ss17=False_das=False_sas=2_don=9-11_reSplitAces=False_hitSplitAces=True_surr=no_peek=False_bj-pays=1.5
============================

Cut Card (Penetration: 75%) Theoretical Edge %: 0.8534% Cut Card Empiric Edge %: -0.8611%
CSM (Penetration: 0.0%) Theoretical Edge %: 0.8334% CSM Empiric Edge %: -0.8389%
CSM Error: -0.0055%, Cut Card Error: -0.0077%
CSM Speed: 3668204 hands/sec, Cut Card Speed: 11253404 hands/sec

[95/3456] 
=== Starting Regression Test ===
NUM_ROUNDS:  1000000000
NUM_THREADS: 16
Scenario:    decks=1_ss17=True_das=False_sas=3_don=Any_reSplitAces=False_hitSplitAces=True_surr=no_peek=False_bj-pays=1.2
============================

Cut Card (Penetration: 75%) Theoretical Edge %: 1.4832% Cut Card Empiric Edge %: -1.4841%
CSM (Penetration: 0.0%) Theoretical Edge %: 1.3702% CSM Empiric Edge %: -1.3776%
CSM Error: -0.0073%, Cut Card Error: -0.0008%
CSM Speed: 9092066 hands/sec, Cut Card Speed: 11655012 hands/sec

[96/3456] 
=== Starting Regression Test ===
NUM_ROUNDS:  1000000000
NUM_THREADS: 16
Scenario:    decks=1_ss17=True_das=True_sas=4_don=Any_reSplitAces=False_hitSplitAces=True_surr=no_peek=True_bj-pays=1.5
============================

Cut Card (Penetration: 75%) Theoretical Edge %: -0.1723% Cut Card Empiric Edge %: 0.1678%
CSM (Penetration: 0.0%) Theoretical Edge %: -0.2853% CSM Empiric Edge %: 0.2806%
CSM Error: -0.0047%, Cut Card Error: -0.0045%
CSM Speed: 9233610 hands/sec, Cut Card Speed: 11767475 hands/sec

[97/3456] 
=== Starting Regression Test ===
NUM_ROUNDS:  1000000000
NUM_THREADS: 16
Scenario:    decks=1_ss17=True_das=False_sas=4_don=10-11_reSplitAces=False_hitSplitAces=True_surr=2-10_peek=False_bj-pays=1.2
============================

NOTE: surr=2-10 + peek=False — theoretical table may not match implementation; edge assertion skipped.
Cut Card (Penetration: 75%) Theoretical Edge %: 1.7266% Cut Card Empiric Edge %: -1.5944%
CSM (Penetration: 0.0%) Theoretical Edge %: 1.6136% CSM Empiric Edge %: -1.4653%
CSM Error: 0.1483%, Cut Card Error: 0.1322%
CSM Speed: 8821999 hands/sec, Cut Card Speed: 11468942 hands/sec

[98/3456] 
=== Starting Regression Test ===
NUM_ROUNDS:  1000000000
NUM_THREADS: 16
Scenario:    decks=2_ss17=True_das=True_sas=3_don=10-11_reSplitAces=False_hitSplitAces=False_surr=no_peek=False_bj-pays=1.2
============================

Cut Card (Penetration: 75%) Theoretical Edge %: 1.9691% Cut Card Empiric Edge %: -1.9638%
CSM (Penetration: 0.0%) Theoretical Edge %: 1.9061% CSM Empiric Edge %: -1.9074%
CSM Error: -0.0013%, Cut Card Error: 0.0053%
CSM Speed: 6800917 hands/sec, Cut Card Speed: 11391857 hands/sec

[99/3456] 
=== Starting Regression Test ===
NUM_ROUNDS:  1000000000
NUM_THREADS: 16
Scenario:    decks=1_ss17=False_das=False_sas=2_don=9-11_reSplitAces=True_hitSplitAces=False_surr=no_peek=True_bj-pays=1.2
============================

Cut Card (Penetration: 75%) Theoretical Edge %: 1.8609% Cut Card Empiric Edge %: -1.8449%
CSM (Penetration: 0.0%) Theoretical Edge %: 1.7479% CSM Empiric Edge %: -1.7413%
CSM Error: 0.0066%, Cut Card Error: 0.0160%
CSM Speed: 9064622 hands/sec, Cut Card Speed: 11670382 hands/sec

[100/3456] 
=== Starting Regression Test ===
NUM_ROUNDS:  1000000000
NUM_THREADS: 16
Scenario:    decks=1_ss17=False_das=False_sas=4_don=Any_reSplitAces=False_hitSplitAces=True_surr=no_peek=False_bj-pays=1.5
============================

Cut Card (Penetration: 75%) Theoretical Edge %: 0.2872% Cut Card Empiric Edge %: -0.2956%
CSM (Penetration: 0.0%) Theoretical Edge %: 0.1742% CSM Empiric Edge %: -0.1773%
CSM Error: -0.0031%, Cut Card Error: -0.0084%
CSM Speed: 9068650 hands/sec, Cut Card Speed: 11631153 hands/sec

[101/3456] 
=== Starting Regression Test ===
NUM_ROUNDS:  1000000000
NUM_THREADS: 16
Scenario:    decks=6_ss17=True_das=True_sas=3_don=Any_reSplitAces=False_hitSplitAces=False_surr=no_peek=False_bj-pays=1.5
============================

Cut Card (Penetration: 75%) Theoretical Edge %: 0.5455% Cut Card Empiric Edge %: -0.5486%
CSM (Penetration: 0.0%) Theoretical Edge %: 0.5255% CSM Empiric Edge %: -0.5194%
CSM Error: 0.0061%, Cut Card Error: -0.0032%
CSM Speed: 3680882 hands/sec, Cut Card Speed: 10887079 hands/sec

[102/3456] 
=== Starting Regression Test ===
NUM_ROUNDS:  1000000000
NUM_THREADS: 16
Scenario:    decks=6_ss17=False_das=False_sas=3_don=10-11_reSplitAces=False_hitSplitAces=False_surr=no_peek=False_bj-pays=1.5
============================

Cut Card (Penetration: 75%) Theoretical Edge %: 1.0793% Cut Card Empiric Edge %: -1.0845%
CSM (Penetration: 0.0%) Theoretical Edge %: 1.0593% CSM Empiric Edge %: -1.0553%
CSM Error: 0.0041%, Cut Card Error: -0.0052%
CSM Speed: 3604227 hands/sec, Cut Card Speed: 11398999 hands/sec

[103/3456] 
=== Starting Regression Test ===
NUM_ROUNDS:  1000000000
NUM_THREADS: 16
Scenario:    decks=1_ss17=True_das=True_sas=4_don=Any_reSplitAces=False_hitSplitAces=False_surr=2-10_peek=False_bj-pays=1.5
============================

NOTE: surr=2-10 + peek=False — theoretical table may not match implementation; edge assertion skipped.
Cut Card (Penetration: 75%) Theoretical Edge %: 0.0529% Cut Card Empiric Edge %: 0.0546%
CSM (Penetration: 0.0%) Theoretical Edge %: -0.0602% CSM Empiric Edge %: 0.2205%
CSM Error: 0.1603%, Cut Card Error: 0.1075%
CSM Speed: 8952151 hands/sec, Cut Card Speed: 11503376 hands/sec

[104/3456] 
=== Starting Regression Test ===
NUM_ROUNDS:  1000000000
NUM_THREADS: 16
Scenario:    decks=2_ss17=False_das=False_sas=3_don=10-11_reSplitAces=True_hitSplitAces=False_surr=yes_peek=True_bj-pays=1.5
============================

NOTE: surr=yes + peek=True — using the available surr=2-10 theoretical edge as a comparison baseline; edge assertion skipped.
Cut Card (Penetration: 75%) Theoretical Edge %: 0.7073% Cut Card Empiric Edge %: -0.7131%
CSM (Penetration: 0.0%) Theoretical Edge %: 0.6442% CSM Empiric Edge %: -0.6436%
CSM Error: 0.0006%, Cut Card Error: -0.0058%
CSM Speed: 7002066 hands/sec, Cut Card Speed: 11553481 hands/sec

[105/3456] 
=== Starting Regression Test ===
NUM_ROUNDS:  1000000000
NUM_THREADS: 16
Scenario:    decks=2_ss17=True_das=True_sas=4_don=10-11_reSplitAces=False_hitSplitAces=False_surr=yes_peek=True_bj-pays=1.5
============================

NOTE: surr=yes + peek=True — using the available surr=2-10 theoretical edge as a comparison baseline; edge assertion skipped.
Cut Card (Penetration: 75%) Theoretical Edge %: 0.4322% Cut Card Empiric Edge %: -0.4389%
CSM (Penetration: 0.0%) Theoretical Edge %: 0.3692% CSM Empiric Edge %: -0.3763%
CSM Error: -0.0071%, Cut Card Error: -0.0067%
CSM Speed: 6976517 hands/sec, Cut Card Speed: 11287064 hands/sec

[106/3456] 
=== Starting Regression Test ===
NUM_ROUNDS:  1000000000
NUM_THREADS: 16
Scenario:    decks=6_ss17=False_das=False_sas=4_don=Any_reSplitAces=True_hitSplitAces=True_surr=yes_peek=True_bj-pays=1.2
============================

NOTE: surr=yes + peek=True — using the available surr=2-10 theoretical edge as a comparison baseline; edge assertion skipped.
Cut Card (Penetration: 75%) Theoretical Edge %: 1.8201% Cut Card Empiric Edge %: -1.8214%
CSM (Penetration: 0.0%) Theoretical Edge %: 1.8001% CSM Empiric Edge %: -1.7965%
CSM Error: 0.0037%, Cut Card Error: -0.0013%
CSM Speed: 3612978 hands/sec, Cut Card Speed: 11365703 hands/sec

[107/3456] 
=== Starting Regression Test ===
NUM_ROUNDS:  1000000000
NUM_THREADS: 16
Scenario:    decks=1_ss17=False_das=False_sas=2_don=9-11_reSplitAces=True_hitSplitAces=False_surr=yes_peek=True_bj-pays=1.2
============================

NOTE: surr=yes + peek=True — using the available surr=2-10 theoretical edge as a comparison baseline; edge assertion skipped.
Cut Card (Penetration: 75%) Theoretical Edge %: 1.8229% Cut Card Empiric Edge %: -1.8258%
CSM (Penetration: 0.0%) Theoretical Edge %: 1.7099% CSM Empiric Edge %: -1.7126%
CSM Error: -0.0027%, Cut Card Error: -0.0030%
CSM Speed: 8928412 hands/sec, Cut Card Speed: 11971030 hands/sec

[108/3456] 
=== Starting Regression Test ===
NUM_ROUNDS:  1000000000
NUM_THREADS: 16
Scenario:    decks=1_ss17=True_das=False_sas=4_don=Any_reSplitAces=False_hitSplitAces=True_surr=no_peek=False_bj-pays=1.2
============================

Cut Card (Penetration: 75%) Theoretical Edge %: 1.4823% Cut Card Empiric Edge %: -1.4885%
CSM (Penetration: 0.0%) Theoretical Edge %: 1.3693% CSM Empiric Edge %: -1.3706%
CSM Error: -0.0014%, Cut Card Error: -0.0063%
CSM Speed: 9151391 hands/sec, Cut Card Speed: 11341855 hands/sec

[109/3456] 
=== Starting Regression Test ===
NUM_ROUNDS:  1000000000
NUM_THREADS: 16
Scenario:    decks=2_ss17=True_das=True_sas=2_don=Any_reSplitAces=True_hitSplitAces=True_surr=yes_peek=True_bj-pays=1.2
============================

NOTE: surr=yes + peek=True — using the available surr=2-10 theoretical edge as a comparison baseline; edge assertion skipped.
Cut Card (Penetration: 75%) Theoretical Edge %: 1.4543% Cut Card Empiric Edge %: -1.4616%
CSM (Penetration: 0.0%) Theoretical Edge %: 1.3913% CSM Empiric Edge %: -1.3887%
CSM Error: 0.0026%, Cut Card Error: -0.0074%
CSM Speed: 7056267 hands/sec, Cut Card Speed: 11669565 hands/sec

[110/3456] 
=== Starting Regression Test ===
NUM_ROUNDS:  1000000000
NUM_THREADS: 16
Scenario:    decks=2_ss17=False_das=True_sas=3_don=10-11_reSplitAces=False_hitSplitAces=True_surr=no_peek=False_bj-pays=1.5
============================

Cut Card (Penetration: 75%) Theoretical Edge %: 0.6581% Cut Card Empiric Edge %: -0.6612%
CSM (Penetration: 0.0%) Theoretical Edge %: 0.5951% CSM Empiric Edge %: -0.5968%
CSM Error: -0.0017%, Cut Card Error: -0.0031%
CSM Speed: 7000938 hands/sec, Cut Card Speed: 11232169 hands/sec

[111/3456] 
=== Starting Regression Test ===
NUM_ROUNDS:  1000000000
NUM_THREADS: 16
Scenario:    decks=2_ss17=False_das=False_sas=3_don=10-11_reSplitAces=False_hitSplitAces=False_surr=no_peek=False_bj-pays=1.5
============================

Cut Card (Penetration: 75%) Theoretical Edge %: 0.9304% Cut Card Empiric Edge %: -0.9339%
CSM (Penetration: 0.0%) Theoretical Edge %: 0.8674% CSM Empiric Edge %: -0.8699%
CSM Error: -0.0024%, Cut Card Error: -0.0035%
CSM Speed: 6929191 hands/sec, Cut Card Speed: 10897401 hands/sec

[112/3456] 
=== Starting Regression Test ===
NUM_ROUNDS:  1000000000
NUM_THREADS: 16
Scenario:    decks=6_ss17=False_das=False_sas=3_don=Any_reSplitAces=False_hitSplitAces=True_surr=no_peek=True_bj-pays=1.2
============================

Cut Card (Penetration: 75%) Theoretical Edge %: 1.9712% Cut Card Empiric Edge %: -1.9730%
CSM (Penetration: 0.0%) Theoretical Edge %: 1.9512% CSM Empiric Edge %: -1.9480%
CSM Error: 0.0031%, Cut Card Error: -0.0019%
CSM Speed: 3552549 hands/sec, Cut Card Speed: 11546544 hands/sec

[113/3456] 
=== Starting Regression Test ===
NUM_ROUNDS:  1000000000
NUM_THREADS: 16
Scenario:    decks=6_ss17=True_das=True_sas=3_don=10-11_reSplitAces=True_hitSplitAces=False_surr=no_peek=True_bj-pays=1.5
============================

Cut Card (Penetration: 75%) Theoretical Edge %: 0.5687% Cut Card Empiric Edge %: -0.5668%
CSM (Penetration: 0.0%) Theoretical Edge %: 0.5487% CSM Empiric Edge %: -0.5475%
CSM Error: 0.0012%, Cut Card Error: 0.0019%
CSM Speed: 3639659 hands/sec, Cut Card Speed: 11492668 hands/sec

[114/3456] 
=== Starting Regression Test ===
NUM_ROUNDS:  1000000000
NUM_THREADS: 16
Scenario:    decks=6_ss17=False_das=False_sas=2_don=9-11_reSplitAces=True_hitSplitAces=False_surr=yes_peek=True_bj-pays=1.2
============================

NOTE: surr=yes + peek=True — using the available surr=2-10 theoretical edge as a comparison baseline; edge assertion skipped.
Cut Card (Penetration: 75%) Theoretical Edge %: 2.1861% Cut Card Empiric Edge %: -2.1868%
CSM (Penetration: 0.0%) Theoretical Edge %: 2.1661% CSM Empiric Edge %: -2.1720%
CSM Error: -0.0059%, Cut Card Error: -0.0007%
CSM Speed: 3684517 hands/sec, Cut Card Speed: 11753505 hands/sec

[115/3456] 
=== Starting Regression Test ===
NUM_ROUNDS:  1000000000
NUM_THREADS: 16
Scenario:    decks=6_ss17=False_das=True_sas=2_don=Any_reSplitAces=False_hitSplitAces=False_surr=no_peek=True_bj-pays=1.5
============================

Cut Card (Penetration: 75%) Theoretical Edge %: 0.6921% Cut Card Empiric Edge %: -0.6959%
CSM (Penetration: 0.0%) Theoretical Edge %: 0.6721% CSM Empiric Edge %: -0.6719%
CSM Error: 0.0001%, Cut Card Error: -0.0038%
CSM Speed: 3669482 hands/sec, Cut Card Speed: 12260762 hands/sec

[116/3456] 
=== Starting Regression Test ===
NUM_ROUNDS:  1000000000
NUM_THREADS: 16
Scenario:    decks=2_ss17=False_das=True_sas=2_don=10-11_reSplitAces=True_hitSplitAces=False_surr=2-10_peek=False_bj-pays=1.5
============================

NOTE: surr=2-10 + peek=False — theoretical table may not match implementation; edge assertion skipped.
Cut Card (Penetration: 75%) Theoretical Edge %: 0.7753% Cut Card Empiric Edge %: -0.6335%
CSM (Penetration: 0.0%) Theoretical Edge %: 0.7124% CSM Empiric Edge %: -0.5571%
CSM Error: 0.1552%, Cut Card Error: 0.1419%
CSM Speed: 6821469 hands/sec, Cut Card Speed: 11146408 hands/sec

[117/3456] 
=== Starting Regression Test ===
NUM_ROUNDS:  1000000000
NUM_THREADS: 16
Scenario:    decks=1_ss17=True_das=False_sas=3_don=10-11_reSplitAces=False_hitSplitAces=False_surr=no_peek=True_bj-pays=1.2
============================

Cut Card (Penetration: 75%) Theoretical Edge %: 1.7739% Cut Card Empiric Edge %: -1.7565%
CSM (Penetration: 0.0%) Theoretical Edge %: 1.6609% CSM Empiric Edge %: -1.6585%
CSM Error: 0.0024%, Cut Card Error: 0.0173%
CSM Speed: 8966439 hands/sec, Cut Card Speed: 11264940 hands/sec

[118/3456] 
=== Starting Regression Test ===
NUM_ROUNDS:  1000000000
NUM_THREADS: 16
Scenario:    decks=6_ss17=False_das=True_sas=2_don=Any_reSplitAces=False_hitSplitAces=True_surr=2-10_peek=False_bj-pays=1.5
============================

NOTE: surr=2-10 + peek=False — theoretical table may not match implementation; edge assertion skipped.
Cut Card (Penetration: 75%) Theoretical Edge %: 0.5300% Cut Card Empiric Edge %: -0.3869%
CSM (Penetration: 0.0%) Theoretical Edge %: 0.5100% CSM Empiric Edge %: -0.3595%
CSM Error: 0.1505%, Cut Card Error: 0.1430%
CSM Speed: 3658354 hands/sec, Cut Card Speed: 11376176 hands/sec

[119/3456] 
=== Starting Regression Test ===
NUM_ROUNDS:  1000000000
NUM_THREADS: 16
Scenario:    decks=6_ss17=False_das=True_sas=4_don=Any_reSplitAces=True_hitSplitAces=True_surr=2-10_peek=False_bj-pays=1.2
============================

NOTE: surr=2-10 + peek=False — theoretical table may not match implementation; edge assertion skipped.
Cut Card (Penetration: 75%) Theoretical Edge %: 1.7831% Cut Card Empiric Edge %: -1.6362%
CSM (Penetration: 0.0%) Theoretical Edge %: 1.7631% CSM Empiric Edge %: -1.6079%
CSM Error: 0.1553%, Cut Card Error: 0.1469%
CSM Speed: 3620617 hands/sec, Cut Card Speed: 11087212 hands/sec

[120/3456] 
=== Starting Regression Test ===
NUM_ROUNDS:  1000000000
NUM_THREADS: 16
Scenario:    decks=2_ss17=False_das=True_sas=4_don=Any_reSplitAces=False_hitSplitAces=True_surr=2-10_peek=False_bj-pays=1.5
============================

NOTE: surr=2-10 + peek=False — theoretical table may not match implementation; edge assertion skipped.
Cut Card (Penetration: 75%) Theoretical Edge %: 0.3368% Cut Card Empiric Edge %: -0.2057%
CSM (Penetration: 0.0%) Theoretical Edge %: 0.2738% CSM Empiric Edge %: -0.1257%
CSM Error: 0.1481%, Cut Card Error: 0.1311%
CSM Speed: 6893794 hands/sec, Cut Card Speed: 11353057 hands/sec

[121/3456] 
=== Starting Regression Test ===
NUM_ROUNDS:  1000000000
NUM_THREADS: 16
Scenario:    decks=1_ss17=True_das=False_sas=3_don=9-11_reSplitAces=False_hitSplitAces=False_surr=yes_peek=True_bj-pays=1.5
============================

NOTE: surr=yes + peek=True — using the available surr=2-10 theoretical edge as a comparison baseline; edge assertion skipped.
Cut Card (Penetration: 75%) Theoretical Edge %: 0.2250% Cut Card Empiric Edge %: -0.2368%
CSM (Penetration: 0.0%) Theoretical Edge %: 0.1120% CSM Empiric Edge %: -0.1162%
CSM Error: -0.0043%, Cut Card Error: -0.0118%
CSM Speed: 8999523 hands/sec, Cut Card Speed: 11167944 hands/sec

[122/3456] 
=== Starting Regression Test ===
NUM_ROUNDS:  1000000000
NUM_THREADS: 16
Scenario:    decks=1_ss17=False_das=True_sas=4_don=10-11_reSplitAces=False_hitSplitAces=True_surr=no_peek=True_bj-pays=1.2
============================

Cut Card (Penetration: 75%) Theoretical Edge %: 1.7264% Cut Card Empiric Edge %: -1.7097%
CSM (Penetration: 0.0%) Theoretical Edge %: 1.6134% CSM Empiric Edge %: -1.6028%
CSM Error: 0.0106%, Cut Card Error: 0.0166%
CSM Speed: 8678371 hands/sec, Cut Card Speed: 11735023 hands/sec

[123/3456] 
=== Starting Regression Test ===
NUM_ROUNDS:  1000000000
NUM_THREADS: 16
Scenario:    decks=2_ss17=False_das=False_sas=4_don=Any_reSplitAces=True_hitSplitAces=True_surr=2-10_peek=False_bj-pays=1.5
============================

NOTE: surr=2-10 + peek=False — theoretical table may not match implementation; edge assertion skipped.
Cut Card (Penetration: 75%) Theoretical Edge %: 0.4471% Cut Card Empiric Edge %: -0.3100%
CSM (Penetration: 0.0%) Theoretical Edge %: 0.3841% CSM Empiric Edge %: -0.2361%
CSM Error: 0.1481%, Cut Card Error: 0.1372%
CSM Speed: 6879377 hands/sec, Cut Card Speed: 11750191 hands/sec

[124/3456] 
=== Starting Regression Test ===
NUM_ROUNDS:  1000000000
NUM_THREADS: 16
Scenario:    decks=1_ss17=True_das=True_sas=3_don=9-11_reSplitAces=False_hitSplitAces=False_surr=2-10_peek=False_bj-pays=1.5
============================

NOTE: surr=2-10 + peek=False — theoretical table may not match implementation; edge assertion skipped.
Cut Card (Penetration: 75%) Theoretical Edge %: 0.1997% Cut Card Empiric Edge %: -0.0745%
CSM (Penetration: 0.0%) Theoretical Edge %: 0.0867% CSM Empiric Edge %: 0.0625%
CSM Error: 0.1492%, Cut Card Error: 0.1252%
CSM Speed: 8755801 hands/sec, Cut Card Speed: 10911313 hands/sec

[125/3456] 
=== Starting Regression Test ===
NUM_ROUNDS:  1000000000
NUM_THREADS: 16
Scenario:    decks=6_ss17=True_das=True_sas=4_don=9-11_reSplitAces=False_hitSplitAces=True_surr=yes_peek=True_bj-pays=1.5
============================

NOTE: surr=yes + peek=True — using the available surr=2-10 theoretical edge as a comparison baseline; edge assertion skipped.
Cut Card (Penetration: 75%) Theoretical Edge %: 0.2692% Cut Card Empiric Edge %: -0.2684%
CSM (Penetration: 0.0%) Theoretical Edge %: 0.2492% CSM Empiric Edge %: -0.2541%
CSM Error: -0.0049%, Cut Card Error: 0.0008%
CSM Speed: 3567721 hands/sec, Cut Card Speed: 11111358 hands/sec

[126/3456] 
=== Starting Regression Test ===
NUM_ROUNDS:  1000000000
NUM_THREADS: 16
Scenario:    decks=6_ss17=False_das=True_sas=4_don=10-11_reSplitAces=True_hitSplitAces=True_surr=yes_peek=True_bj-pays=1.5
============================

NOTE: surr=yes + peek=True — using the available surr=2-10 theoretical edge as a comparison baseline; edge assertion skipped.
Cut Card (Penetration: 75%) Theoretical Edge %: 0.5165% Cut Card Empiric Edge %: -0.5253%
CSM (Penetration: 0.0%) Theoretical Edge %: 0.4965% CSM Empiric Edge %: -0.4945%
CSM Error: 0.0020%, Cut Card Error: -0.0088%
CSM Speed: 3636046 hands/sec, Cut Card Speed: 11119389 hands/sec

[127/3456] 
=== Starting Regression Test ===
NUM_ROUNDS:  1000000000
NUM_THREADS: 16
Scenario:    decks=1_ss17=True_das=False_sas=3_don=10-11_reSplitAces=True_hitSplitAces=False_surr=no_peek=False_bj-pays=1.5
============================

Cut Card (Penetration: 75%) Theoretical Edge %: 0.4556% Cut Card Empiric Edge %: -0.4596%
CSM (Penetration: 0.0%) Theoretical Edge %: 0.3426% CSM Empiric Edge %: -0.3452%
CSM Error: -0.0026%, Cut Card Error: -0.0040%
CSM Speed: 8663935 hands/sec, Cut Card Speed: 11109630 hands/sec

[128/3456] 
=== Starting Regression Test ===
NUM_ROUNDS:  1000000000
NUM_THREADS: 16
Scenario:    decks=1_ss17=False_das=True_sas=3_don=10-11_reSplitAces=True_hitSplitAces=True_surr=yes_peek=True_bj-pays=1.5
============================

NOTE: surr=yes + peek=True — using the available surr=2-10 theoretical edge as a comparison baseline; edge assertion skipped.
Cut Card (Penetration: 75%) Theoretical Edge %: 0.2705% Cut Card Empiric Edge %: -0.2789%
CSM (Penetration: 0.0%) Theoretical Edge %: 0.1575% CSM Empiric Edge %: -0.1646%
CSM Error: -0.0072%, Cut Card Error: -0.0085%
CSM Speed: 8502317 hands/sec, Cut Card Speed: 11741223 hands/sec

[129/3456] 
=== Starting Regression Test ===
NUM_ROUNDS:  1000000000
NUM_THREADS: 16
Scenario:    decks=1_ss17=False_das=False_sas=2_don=Any_reSplitAces=False_hitSplitAces=True_surr=yes_peek=True_bj-pays=1.2
============================

NOTE: surr=yes + peek=True — using the available surr=2-10 theoretical edge as a comparison baseline; edge assertion skipped.
Cut Card (Penetration: 75%) Theoretical Edge %: 1.5471% Cut Card Empiric Edge %: -1.5614%
CSM (Penetration: 0.0%) Theoretical Edge %: 1.4341% CSM Empiric Edge %: -1.4391%
CSM Error: -0.0050%, Cut Card Error: -0.0142%
CSM Speed: 9272739 hands/sec, Cut Card Speed: 11851009 hands/sec

[130/3456] 
=== Starting Regression Test ===
NUM_ROUNDS:  1000000000
NUM_THREADS: 16
Scenario:    decks=1_ss17=False_das=True_sas=4_don=10-11_reSplitAces=True_hitSplitAces=False_surr=no_peek=True_bj-pays=1.2
============================

Cut Card (Penetration: 75%) Theoretical Edge %: 1.8243% Cut Card Empiric Edge %: -1.8162%
CSM (Penetration: 0.0%) Theoretical Edge %: 1.7113% CSM Empiric Edge %: -1.7141%
CSM Error: -0.0028%, Cut Card Error: 0.0081%
CSM Speed: 9147457 hands/sec, Cut Card Speed: 11919519 hands/sec

[131/3456] 
=== Starting Regression Test ===
NUM_ROUNDS:  1000000000
NUM_THREADS: 16
Scenario:    decks=6_ss17=False_das=False_sas=3_don=Any_reSplitAces=True_hitSplitAces=True_surr=2-10_peek=False_bj-pays=1.5
============================

NOTE: surr=2-10 + peek=False — theoretical table may not match implementation; edge assertion skipped.
Cut Card (Penetration: 75%) Theoretical Edge %: 0.5881% Cut Card Empiric Edge %: -0.4458%
CSM (Penetration: 0.0%) Theoretical Edge %: 0.5681% CSM Empiric Edge %: -0.4099%
CSM Error: 0.1581%, Cut Card Error: 0.1422%
CSM Speed: 3690405 hands/sec, Cut Card Speed: 10970807 hands/sec

[132/3456] 
=== Starting Regression Test ===
NUM_ROUNDS:  1000000000
NUM_THREADS: 16
Scenario:    decks=2_ss17=True_das=True_sas=4_don=10-11_reSplitAces=True_hitSplitAces=True_surr=yes_peek=True_bj-pays=1.5
============================

NOTE: surr=yes + peek=True — using the available surr=2-10 theoretical edge as a comparison baseline; edge assertion skipped.
Cut Card (Penetration: 75%) Theoretical Edge %: 0.2276% Cut Card Empiric Edge %: -0.2342%
CSM (Penetration: 0.0%) Theoretical Edge %: 0.1646% CSM Empiric Edge %: -0.1698%
CSM Error: -0.0052%, Cut Card Error: -0.0066%
CSM Speed: 6602185 hands/sec, Cut Card Speed: 11200968 hands/sec

[133/3456] 
=== Starting Regression Test ===
NUM_ROUNDS:  1000000000
NUM_THREADS: 16
Scenario:    decks=2_ss17=False_das=True_sas=3_don=9-11_reSplitAces=True_hitSplitAces=True_surr=2-10_peek=False_bj-pays=1.2
============================

NOTE: surr=2-10 + peek=False — theoretical table may not match implementation; edge assertion skipped.
Cut Card (Penetration: 75%) Theoretical Edge %: 1.8097% Cut Card Empiric Edge %: -1.6692%
CSM (Penetration: 0.0%) Theoretical Edge %: 1.7467% CSM Empiric Edge %: -1.5966%
CSM Error: 0.1501%, Cut Card Error: 0.1405%
CSM Speed: 6816818 hands/sec, Cut Card Speed: 11098410 hands/sec

[134/3456] 
=== Starting Regression Test ===
NUM_ROUNDS:  1000000000
NUM_THREADS: 16
Scenario:    decks=1_ss17=False_das=False_sas=3_don=10-11_reSplitAces=False_hitSplitAces=False_surr=2-10_peek=False_bj-pays=1.2
============================

NOTE: surr=2-10 + peek=False — theoretical table may not match implementation; edge assertion skipped.
Cut Card (Penetration: 75%) Theoretical Edge %: 2.0469% Cut Card Empiric Edge %: -1.9299%
CSM (Penetration: 0.0%) Theoretical Edge %: 1.9339% CSM Empiric Edge %: -1.7948%
CSM Error: 0.1391%, Cut Card Error: 0.1170%
CSM Speed: 8752812 hands/sec, Cut Card Speed: 11570057 hands/sec

[135/3456] 
=== Starting Regression Test ===
NUM_ROUNDS:  1000000000
NUM_THREADS: 16
Scenario:    decks=2_ss17=False_das=True_sas=4_don=10-11_reSplitAces=True_hitSplitAces=False_surr=no_peek=False_bj-pays=1.5
============================

Cut Card (Penetration: 75%) Theoretical Edge %: 0.7557% Cut Card Empiric Edge %: -0.7566%
CSM (Penetration: 0.0%) Theoretical Edge %: 0.6926% CSM Empiric Edge %: -0.6934%
CSM Error: -0.0007%, Cut Card Error: -0.0009%
CSM Speed: 6768235 hands/sec, Cut Card Speed: 10988045 hands/sec

[136/3456] 
=== Starting Regression Test ===
NUM_ROUNDS:  1000000000
NUM_THREADS: 16
Scenario:    decks=6_ss17=True_das=True_sas=4_don=10-11_reSplitAces=True_hitSplitAces=False_surr=yes_peek=True_bj-pays=1.5
============================

NOTE: surr=yes + peek=True — using the available surr=2-10 theoretical edge as a comparison baseline; edge assertion skipped.
Cut Card (Penetration: 75%) Theoretical Edge %: 0.4772% Cut Card Empiric Edge %: -0.4721%
CSM (Penetration: 0.0%) Theoretical Edge %: 0.4572% CSM Empiric Edge %: -0.4589%
CSM Error: -0.0018%, Cut Card Error: 0.0051%
CSM Speed: 3639156 hands/sec, Cut Card Speed: 11596354 hands/sec

[137/3456] 
=== Starting Regression Test ===
NUM_ROUNDS:  1000000000
NUM_THREADS: 16
Scenario:    decks=2_ss17=True_das=False_sas=4_don=Any_reSplitAces=False_hitSplitAces=True_surr=2-10_peek=False_bj-pays=1.5
============================

NOTE: surr=2-10 + peek=False — theoretical table may not match implementation; edge assertion skipped.
Cut Card (Penetration: 75%) Theoretical Edge %: 0.2937% Cut Card Empiric Edge %: -0.1405%
CSM (Penetration: 0.0%) Theoretical Edge %: 0.2307% CSM Empiric Edge %: -0.0660%
CSM Error: 0.1647%, Cut Card Error: 0.1532%
CSM Speed: 6961025 hands/sec, Cut Card Speed: 11025601 hands/sec

[138/3456] 
=== Starting Regression Test ===
NUM_ROUNDS:  1000000000
NUM_THREADS: 16
Scenario:    decks=6_ss17=True_das=True_sas=3_don=Any_reSplitAces=False_hitSplitAces=True_surr=no_peek=False_bj-pays=1.2
============================

Cut Card (Penetration: 75%) Theoretical Edge %: 1.7261% Cut Card Empiric Edge %: -1.7322%
CSM (Penetration: 0.0%) Theoretical Edge %: 1.7061% CSM Empiric Edge %: -1.7129%
CSM Error: -0.0067%, Cut Card Error: -0.0061%
CSM Speed: 3624607 hands/sec, Cut Card Speed: 11452917 hands/sec

[139/3456] 
=== Starting Regression Test ===
NUM_ROUNDS:  1000000000
NUM_THREADS: 16
Scenario:    decks=1_ss17=True_das=True_sas=2_don=10-11_reSplitAces=False_hitSplitAces=False_surr=no_peek=True_bj-pays=1.5
============================

Cut Card (Penetration: 75%) Theoretical Edge %: 0.2895% Cut Card Empiric Edge %: -0.2821%
CSM (Penetration: 0.0%) Theoretical Edge %: 0.1765% CSM Empiric Edge %: -0.1819%
CSM Error: -0.0054%, Cut Card Error: 0.0073%
CSM Speed: 9062568 hands/sec, Cut Card Speed: 12222100 hands/sec

[140/3456] 
=== Starting Regression Test ===
NUM_ROUNDS:  1000000000
NUM_THREADS: 16
Scenario:    decks=2_ss17=False_das=True_sas=3_don=10-11_reSplitAces=False_hitSplitAces=False_surr=2-10_peek=False_bj-pays=1.5
============================

NOTE: surr=2-10 + peek=False — theoretical table may not match implementation; edge assertion skipped.
Cut Card (Penetration: 75%) Theoretical Edge %: 0.7399% Cut Card Empiric Edge %: -0.6074%
CSM (Penetration: 0.0%) Theoretical Edge %: 0.6769% CSM Empiric Edge %: -0.5285%
CSM Error: 0.1484%, Cut Card Error: 0.1326%
CSM Speed: 6867141 hands/sec, Cut Card Speed: 11369967 hands/sec

[141/3456] 
=== Starting Regression Test ===
NUM_ROUNDS:  1000000000
NUM_THREADS: 16
Scenario:    decks=2_ss17=False_das=True_sas=2_don=9-11_reSplitAces=False_hitSplitAces=True_surr=yes_peek=True_bj-pays=1.2
============================

NOTE: surr=yes + peek=True — using the available surr=2-10 theoretical edge as a comparison baseline; edge assertion skipped.
Cut Card (Penetration: 75%) Theoretical Edge %: 1.7720% Cut Card Empiric Edge %: -1.7723%
CSM (Penetration: 0.0%) Theoretical Edge %: 1.7090% CSM Empiric Edge %: -1.7087%
CSM Error: 0.0004%, Cut Card Error: -0.0002%
CSM Speed: 7155840 hands/sec, Cut Card Speed: 11510791 hands/sec

[142/3456] 
=== Starting Regression Test ===
NUM_ROUNDS:  1000000000
NUM_THREADS: 16
Scenario:    decks=1_ss17=True_das=False_sas=3_don=Any_reSplitAces=True_hitSplitAces=True_surr=yes_peek=True_bj-pays=1.5
============================

NOTE: surr=yes + peek=True — using the available surr=2-10 theoretical edge as a comparison baseline; edge assertion skipped.
Cut Card (Penetration: 75%) Theoretical Edge %: -0.0671% Cut Card Empiric Edge %: 0.0550%
CSM (Penetration: 0.0%) Theoretical Edge %: -0.1801% CSM Empiric Edge %: 0.1708%
CSM Error: -0.0093%, Cut Card Error: -0.0121%
CSM Speed: 9303364 hands/sec, Cut Card Speed: 12131506 hands/sec

[143/3456] 
=== Starting Regression Test ===
NUM_ROUNDS:  1000000000
NUM_THREADS: 16
Scenario:    decks=2_ss17=True_das=True_sas=2_don=10-11_reSplitAces=True_hitSplitAces=True_surr=no_peek=False_bj-pays=1.2
============================

Cut Card (Penetration: 75%) Theoretical Edge %: 1.8500% Cut Card Empiric Edge %: -1.8455%
CSM (Penetration: 0.0%) Theoretical Edge %: 1.7870% CSM Empiric Edge %: -1.7947%
CSM Error: -0.0077%, Cut Card Error: 0.0045%
CSM Speed: 6848189 hands/sec, Cut Card Speed: 11226873 hands/sec

[144/3456] 
=== Starting Regression Test ===
NUM_ROUNDS:  1000000000
NUM_THREADS: 16
Scenario:    decks=1_ss17=True_das=False_sas=4_don=9-11_reSplitAces=True_hitSplitAces=True_surr=no_peek=True_bj-pays=1.5
============================

Cut Card (Penetration: 75%) Theoretical Edge %: 0.0883% Cut Card Empiric Edge %: -0.0959%
CSM (Penetration: 0.0%) Theoretical Edge %: -0.0247% CSM Empiric Edge %: 0.0301%
CSM Error: 0.0054%, Cut Card Error: -0.0076%
CSM Speed: 8813679 hands/sec, Cut Card Speed: 12005090 hands/sec

[145/3456] 
=== Starting Regression Test ===
NUM_ROUNDS:  1000000000
NUM_THREADS: 16
Scenario:    decks=6_ss17=False_das=True_sas=4_don=Any_reSplitAces=True_hitSplitAces=False_surr=no_peek=False_bj-pays=1.2
============================

Cut Card (Penetration: 75%) Theoretical Edge %: 2.0470% Cut Card Empiric Edge %: -2.0450%
CSM (Penetration: 0.0%) Theoretical Edge %: 2.0270% CSM Empiric Edge %: -2.0259%
CSM Error: 0.0011%, Cut Card Error: 0.0020%
CSM Speed: 3663957 hands/sec, Cut Card Speed: 11412138 hands/sec

[146/3456] 
=== Starting Regression Test ===
NUM_ROUNDS:  1000000000
NUM_THREADS: 16
Scenario:    decks=1_ss17=False_das=False_sas=3_don=9-11_reSplitAces=False_hitSplitAces=False_surr=2-10_peek=False_bj-pays=1.5
============================

NOTE: surr=2-10 + peek=False — theoretical table may not match implementation; edge assertion skipped.
Cut Card (Penetration: 75%) Theoretical Edge %: 0.5214% Cut Card Empiric Edge %: -0.4167%
CSM (Penetration: 0.0%) Theoretical Edge %: 0.4084% CSM Empiric Edge %: -0.2690%
CSM Error: 0.1394%, Cut Card Error: 0.1047%
CSM Speed: 8743246 hands/sec, Cut Card Speed: 11352542 hands/sec

[147/3456] 
=== Starting Regression Test ===
NUM_ROUNDS:  1000000000
NUM_THREADS: 16
Scenario:    decks=1_ss17=False_das=False_sas=3_don=10-11_reSplitAces=True_hitSplitAces=True_surr=2-10_peek=False_bj-pays=1.5
============================

NOTE: surr=2-10 + peek=False — theoretical table may not match implementation; edge assertion skipped.
Cut Card (Penetration: 75%) Theoretical Edge %: 0.5004% Cut Card Empiric Edge %: -0.3842%
CSM (Penetration: 0.0%) Theoretical Edge %: 0.3874% CSM Empiric Edge %: -0.2481%
CSM Error: 0.1393%, Cut Card Error: 0.1162%
CSM Speed: 8564650 hands/sec, Cut Card Speed: 10939363 hands/sec

[148/3456] 
=== Starting Regression Test ===
NUM_ROUNDS:  1000000000
NUM_THREADS: 16
Scenario:    decks=2_ss17=True_das=True_sas=2_don=9-11_reSplitAces=False_hitSplitAces=False_surr=2-10_peek=False_bj-pays=1.2
============================

NOTE: surr=2-10 + peek=False — theoretical table may not match implementation; edge assertion skipped.
Cut Card (Penetration: 75%) Theoretical Edge %: 1.8353% Cut Card Empiric Edge %: -1.6817%
CSM (Penetration: 0.0%) Theoretical Edge %: 1.7723% CSM Empiric Edge %: -1.6012%
CSM Error: 0.1711%, Cut Card Error: 0.1536%
CSM Speed: 6958313 hands/sec, Cut Card Speed: 11399259 hands/sec

[149/3456] 
=== Starting Regression Test ===
NUM_ROUNDS:  1000000000
NUM_THREADS: 16
Scenario:    decks=2_ss17=True_das=False_sas=4_don=10-11_reSplitAces=True_hitSplitAces=False_surr=2-10_peek=False_bj-pays=1.2
============================

NOTE: surr=2-10 + peek=False — theoretical table may not match implementation; edge assertion skipped.
Cut Card (Penetration: 75%) Theoretical Edge %: 1.9777% Cut Card Empiric Edge %: -1.8160%
CSM (Penetration: 0.0%) Theoretical Edge %: 1.9147% CSM Empiric Edge %: -1.7480%
CSM Error: 0.1668%, Cut Card Error: 0.1617%
CSM Speed: 7051291 hands/sec, Cut Card Speed: 11446231 hands/sec

[150/3456] 
=== Starting Regression Test ===
NUM_ROUNDS:  1000000000
NUM_THREADS: 16
Scenario:    decks=2_ss17=False_das=True_sas=4_don=10-11_reSplitAces=True_hitSplitAces=False_surr=no_peek=True_bj-pays=1.5
============================

Cut Card (Penetration: 75%) Theoretical Edge %: 0.6403% Cut Card Empiric Edge %: -0.6415%
CSM (Penetration: 0.0%) Theoretical Edge %: 0.5773% CSM Empiric Edge %: -0.5767%
CSM Error: 0.0006%, Cut Card Error: -0.0012%
CSM Speed: 7018480 hands/sec, Cut Card Speed: 11405890 hands/sec

[151/3456] 
=== Starting Regression Test ===
NUM_ROUNDS:  1000000000
NUM_THREADS: 16
Scenario:    decks=2_ss17=True_das=True_sas=2_don=10-11_reSplitAces=False_hitSplitAces=True_surr=2-10_peek=False_bj-pays=1.2
============================

NOTE: surr=2-10 + peek=False — theoretical table may not match implementation; edge assertion skipped.
Cut Card (Penetration: 75%) Theoretical Edge %: 1.7947% Cut Card Empiric Edge %: -1.6340%
CSM (Penetration: 0.0%) Theoretical Edge %: 1.7317% CSM Empiric Edge %: -1.5696%
CSM Error: 0.1621%, Cut Card Error: 0.1607%
CSM Speed: 6986802 hands/sec, Cut Card Speed: 11262530 hands/sec

[152/3456] 
=== Starting Regression Test ===
NUM_ROUNDS:  1000000000
NUM_THREADS: 16
Scenario:    decks=2_ss17=False_das=True_sas=3_don=Any_reSplitAces=False_hitSplitAces=True_surr=no_peek=False_bj-pays=1.2
============================

Cut Card (Penetration: 75%) Theoretical Edge %: 1.7868% Cut Card Empiric Edge %: -1.7872%
CSM (Penetration: 0.0%) Theoretical Edge %: 1.7238% CSM Empiric Edge %: -1.7283%
CSM Error: -0.0045%, Cut Card Error: -0.0004%
CSM Speed: 6909370 hands/sec, Cut Card Speed: 11465523 hands/sec

[153/3456] 
=== Starting Regression Test ===
NUM_ROUNDS:  1000000000
NUM_THREADS: 16
Scenario:    decks=6_ss17=False_das=True_sas=2_don=10-11_reSplitAces=True_hitSplitAces=False_surr=2-10_peek=False_bj-pays=1.2
============================

NOTE: surr=2-10 + peek=False — theoretical table may not match implementation; edge assertion skipped.
Cut Card (Penetration: 75%) Theoretical Edge %: 2.2649% Cut Card Empiric Edge %: -2.1095%
CSM (Penetration: 0.0%) Theoretical Edge %: 2.2449% CSM Empiric Edge %: -2.0846%
CSM Error: 0.1603%, Cut Card Error: 0.1555%
CSM Speed: 3646508 hands/sec, Cut Card Speed: 10823917 hands/sec

[154/3456] 
=== Starting Regression Test ===
NUM_ROUNDS:  1000000000
NUM_THREADS: 16
Scenario:    decks=6_ss17=False_das=True_sas=4_don=9-11_reSplitAces=True_hitSplitAces=False_surr=no_peek=True_bj-pays=1.2
============================

Cut Card (Penetration: 75%) Theoretical Edge %: 2.0365% Cut Card Empiric Edge %: -2.0288%
CSM (Penetration: 0.0%) Theoretical Edge %: 2.0165% CSM Empiric Edge %: -2.0204%
CSM Error: -0.0039%, Cut Card Error: 0.0077%
CSM Speed: 3555404 hands/sec, Cut Card Speed: 11453573 hands/sec

[155/3456] 
=== Starting Regression Test ===
NUM_ROUNDS:  1000000000
NUM_THREADS: 16
Scenario:    decks=6_ss17=False_das=False_sas=2_don=9-11_reSplitAces=False_hitSplitAces=True_surr=no_peek=True_bj-pays=1.2
============================

Cut Card (Penetration: 75%) Theoretical Edge %: 2.0972% Cut Card Empiric Edge %: -2.0965%
CSM (Penetration: 0.0%) Theoretical Edge %: 2.0772% CSM Empiric Edge %: -2.0639%
CSM Error: 0.0133%, Cut Card Error: 0.0007%
CSM Speed: 3550405 hands/sec, Cut Card Speed: 11649716 hands/sec

[156/3456] 
=== Starting Regression Test ===
NUM_ROUNDS:  1000000000
NUM_THREADS: 16
Scenario:    decks=1_ss17=False_das=True_sas=4_don=Any_reSplitAces=True_hitSplitAces=False_surr=2-10_peek=False_bj-pays=1.5
============================

NOTE: surr=2-10 + peek=False — theoretical table may not match implementation; edge assertion skipped.
Cut Card (Penetration: 75%) Theoretical Edge %: 0.2014% Cut Card Empiric Edge %: -0.1135%
CSM (Penetration: 0.0%) Theoretical Edge %: 0.0884% CSM Empiric Edge %: 0.0535%
CSM Error: 0.1419%, Cut Card Error: 0.0879%
CSM Speed: 8558933 hands/sec, Cut Card Speed: 11774402 hands/sec

[157/3456] 
=== Starting Regression Test ===
NUM_ROUNDS:  1000000000
NUM_THREADS: 16
Scenario:    decks=1_ss17=False_das=True_sas=4_don=10-11_reSplitAces=True_hitSplitAces=False_surr=2-10_peek=False_bj-pays=1.2
============================

NOTE: surr=2-10 + peek=False — theoretical table may not match implementation; edge assertion skipped.
Cut Card (Penetration: 75%) Theoretical Edge %: 1.8984% Cut Card Empiric Edge %: -1.7837%
CSM (Penetration: 0.0%) Theoretical Edge %: 1.7854% CSM Empiric Edge %: -1.6434%
CSM Error: 0.1419%, Cut Card Error: 0.1147%
CSM Speed: 8362812 hands/sec, Cut Card Speed: 10900846 hands/sec

[158/3456] 
=== Starting Regression Test ===
NUM_ROUNDS:  1000000000
NUM_THREADS: 16
Scenario:    decks=1_ss17=True_das=True_sas=3_don=10-11_reSplitAces=False_hitSplitAces=True_surr=2-10_peek=False_bj-pays=1.2
============================

NOTE: surr=2-10 + peek=False — theoretical table may not match implementation; edge assertion skipped.
Cut Card (Penetration: 75%) Theoretical Edge %: 1.6138% Cut Card Empiric Edge %: -1.4809%
CSM (Penetration: 0.0%) Theoretical Edge %: 1.5008% CSM Empiric Edge %: -1.3493%
CSM Error: 0.1515%, Cut Card Error: 0.1329%
CSM Speed: 8592099 hands/sec, Cut Card Speed: 11584532 hands/sec

[159/3456] 
=== Starting Regression Test ===
NUM_ROUNDS:  1000000000
NUM_THREADS: 16
Scenario:    decks=6_ss17=True_das=False_sas=4_don=10-11_reSplitAces=True_hitSplitAces=True_surr=no_peek=False_bj-pays=1.5
============================

Cut Card (Penetration: 75%) Theoretical Edge %: 0.6249% Cut Card Empiric Edge %: -0.6323%
CSM (Penetration: 0.0%) Theoretical Edge %: 0.6049% CSM Empiric Edge %: -0.6042%
CSM Error: 0.0007%, Cut Card Error: -0.0074%
CSM Speed: 3639527 hands/sec, Cut Card Speed: 11383169 hands/sec

[160/3456] 
=== Starting Regression Test ===
NUM_ROUNDS:  1000000000
NUM_THREADS: 16
Scenario:    decks=1_ss17=False_das=False_sas=3_don=10-11_reSplitAces=False_hitSplitAces=True_surr=no_peek=True_bj-pays=1.5
============================

Cut Card (Penetration: 75%) Theoretical Edge %: 0.4507% Cut Card Empiric Edge %: -0.4424%
CSM (Penetration: 0.0%) Theoretical Edge %: 0.3377% CSM Empiric Edge %: -0.3324%
CSM Error: 0.0053%, Cut Card Error: 0.0083%
CSM Speed: 8611707 hands/sec, Cut Card Speed: 11207998 hands/sec

[161/3456] 
=== Starting Regression Test ===
NUM_ROUNDS:  1000000000
NUM_THREADS: 16
Scenario:    decks=6_ss17=False_das=False_sas=3_don=10-11_reSplitAces=False_hitSplitAces=True_surr=yes_peek=True_bj-pays=1.2
============================

NOTE: surr=yes + peek=True — using the available surr=2-10 theoretical edge as a comparison baseline; edge assertion skipped.
Cut Card (Penetration: 75%) Theoretical Edge %: 2.0642% Cut Card Empiric Edge %: -2.0635%
CSM (Penetration: 0.0%) Theoretical Edge %: 2.0442% CSM Empiric Edge %: -2.0337%
CSM Error: 0.0105%, Cut Card Error: 0.0008%
CSM Speed: 3666375 hands/sec, Cut Card Speed: 11479079 hands/sec

[162/3456] 
=== Starting Regression Test ===
NUM_ROUNDS:  1000000000
NUM_THREADS: 16
Scenario:    decks=6_ss17=False_das=True_sas=3_don=10-11_reSplitAces=True_hitSplitAces=False_surr=no_peek=False_bj-pays=1.2
============================

Cut Card (Penetration: 75%) Theoretical Edge %: 2.2652% Cut Card Empiric Edge %: -2.2633%
CSM (Penetration: 0.0%) Theoretical Edge %: 2.2452% CSM Empiric Edge %: -2.2442%
CSM Error: 0.0010%, Cut Card Error: 0.0019%
CSM Speed: 3487675 hands/sec, Cut Card Speed: 10926454 hands/sec

[163/3456] 
=== Starting Regression Test ===
NUM_ROUNDS:  1000000000
NUM_THREADS: 16
Scenario:    decks=1_ss17=False_das=True_sas=3_don=9-11_reSplitAces=False_hitSplitAces=False_surr=no_peek=False_bj-pays=1.2
============================

Cut Card (Penetration: 75%) Theoretical Edge %: 1.8248% Cut Card Empiric Edge %: -1.8242%
CSM (Penetration: 0.0%) Theoretical Edge %: 1.7118% CSM Empiric Edge %: -1.7114%
CSM Error: 0.0005%, Cut Card Error: 0.0006%
CSM Speed: 8619129 hands/sec, Cut Card Speed: 11437329 hands/sec

[164/3456] 
=== Starting Regression Test ===
NUM_ROUNDS:  1000000000
NUM_THREADS: 16
Scenario:    decks=2_ss17=False_das=True_sas=3_don=10-11_reSplitAces=False_hitSplitAces=False_surr=no_peek=False_bj-pays=1.5
============================

Cut Card (Penetration: 75%) Theoretical Edge %: 0.8109% Cut Card Empiric Edge %: -0.8130%
CSM (Penetration: 0.0%) Theoretical Edge %: 0.7479% CSM Empiric Edge %: -0.7471%
CSM Error: 0.0008%, Cut Card Error: -0.0020%
CSM Speed: 6766220 hands/sec, Cut Card Speed: 10967919 hands/sec

[165/3456] 
=== Starting Regression Test ===
NUM_ROUNDS:  1000000000
NUM_THREADS: 16
Scenario:    decks=2_ss17=False_das=False_sas=2_don=Any_reSplitAces=False_hitSplitAces=False_surr=no_peek=False_bj-pays=1.5
============================

Cut Card (Penetration: 75%) Theoretical Edge %: 0.7388% Cut Card Empiric Edge %: -0.7420%
CSM (Penetration: 0.0%) Theoretical Edge %: 0.6758% CSM Empiric Edge %: -0.6737%
CSM Error: 0.0021%, Cut Card Error: -0.0032%
CSM Speed: 6790434 hands/sec, Cut Card Speed: 11242018 hands/sec

[166/3456] 
=== Starting Regression Test ===
NUM_ROUNDS:  1000000000
NUM_THREADS: 16
Scenario:    decks=2_ss17=False_das=True_sas=3_don=9-11_reSplitAces=True_hitSplitAces=True_surr=no_peek=False_bj-pays=1.5
============================

Cut Card (Penetration: 75%) Theoretical Edge %: 0.5072% Cut Card Empiric Edge %: -0.5094%
CSM (Penetration: 0.0%) Theoretical Edge %: 0.4442% CSM Empiric Edge %: -0.4425%
CSM Error: 0.0017%, Cut Card Error: -0.0022%
CSM Speed: 6845705 hands/sec, Cut Card Speed: 11043134 hands/sec

[167/3456] 
=== Starting Regression Test ===
NUM_ROUNDS:  1000000000
NUM_THREADS: 16
Scenario:    decks=1_ss17=False_das=True_sas=4_don=Any_reSplitAces=False_hitSplitAces=False_surr=no_peek=True_bj-pays=1.2
============================

Cut Card (Penetration: 75%) Theoretical Edge %: 1.5542% Cut Card Empiric Edge %: -1.5575%
CSM (Penetration: 0.0%) Theoretical Edge %: 1.4412% CSM Empiric Edge %: -1.4383%
CSM Error: 0.0029%, Cut Card Error: -0.0033%
CSM Speed: 9022828 hands/sec, Cut Card Speed: 11984803 hands/sec

[168/3456] 
=== Starting Regression Test ===
NUM_ROUNDS:  1000000000
NUM_THREADS: 16
Scenario:    decks=1_ss17=True_das=True_sas=3_don=9-11_reSplitAces=False_hitSplitAces=True_surr=no_peek=True_bj-pays=1.2
============================

Cut Card (Penetration: 75%) Theoretical Edge %: 1.3791% Cut Card Empiric Edge %: -1.3658%
CSM (Penetration: 0.0%) Theoretical Edge %: 1.2661% CSM Empiric Edge %: -1.2611%
CSM Error: 0.0050%, Cut Card Error: 0.0133%
CSM Speed: 8807469 hands/sec, Cut Card Speed: 11417611 hands/sec

[169/3456] 
=== Starting Regression Test ===
NUM_ROUNDS:  1000000000
NUM_THREADS: 16
Scenario:    decks=2_ss17=False_das=True_sas=3_don=9-11_reSplitAces=True_hitSplitAces=True_surr=yes_peek=True_bj-pays=1.5
============================

NOTE: surr=yes + peek=True — using the available surr=2-10 theoretical edge as a comparison baseline; edge assertion skipped.
Cut Card (Penetration: 75%) Theoretical Edge %: 0.3217% Cut Card Empiric Edge %: -0.3307%
CSM (Penetration: 0.0%) Theoretical Edge %: 0.2587% CSM Empiric Edge %: -0.2540%
CSM Error: 0.0047%, Cut Card Error: -0.0090%
CSM Speed: 6765442 hands/sec, Cut Card Speed: 11370097 hands/sec

[170/3456] 
=== Starting Regression Test ===
NUM_ROUNDS:  1000000000
NUM_THREADS: 16
Scenario:    decks=1_ss17=False_das=True_sas=2_don=Any_reSplitAces=False_hitSplitAces=False_surr=no_peek=True_bj-pays=1.5
============================

Cut Card (Penetration: 75%) Theoretical Edge %: 0.1892% Cut Card Empiric Edge %: -0.2037%
CSM (Penetration: 0.0%) Theoretical Edge %: 0.0762% CSM Empiric Edge %: -0.0733%
CSM Error: 0.0029%, Cut Card Error: -0.0146%
CSM Speed: 8994423 hands/sec, Cut Card Speed: 11817817 hands/sec

[171/3456] 
=== Starting Regression Test ===
NUM_ROUNDS:  1000000000
NUM_THREADS: 16
Scenario:    decks=6_ss17=True_das=False_sas=4_don=Any_reSplitAces=True_hitSplitAces=False_surr=yes_peek=True_bj-pays=1.5
============================

NOTE: surr=yes + peek=True — using the available surr=2-10 theoretical edge as a comparison baseline; edge assertion skipped.
Cut Card (Penetration: 75%) Theoretical Edge %: 0.4268% Cut Card Empiric Edge %: -0.4290%
CSM (Penetration: 0.0%) Theoretical Edge %: 0.4068% CSM Empiric Edge %: -0.4020%
CSM Error: 0.0049%, Cut Card Error: -0.0021%
CSM Speed: 3511088 hands/sec, Cut Card Speed: 11643748 hands/sec

[172/3456] 
=== Starting Regression Test ===
NUM_ROUNDS:  1000000000
NUM_THREADS: 16
Scenario:    decks=2_ss17=True_das=False_sas=3_don=9-11_reSplitAces=True_hitSplitAces=True_surr=no_peek=False_bj-pays=1.2
============================

Cut Card (Penetration: 75%) Theoretical Edge %: 1.7932% Cut Card Empiric Edge %: -1.7897%
CSM (Penetration: 0.0%) Theoretical Edge %: 1.7302% CSM Empiric Edge %: -1.7368%
CSM Error: -0.0066%, Cut Card Error: 0.0035%
CSM Speed: 6679625 hands/sec, Cut Card Speed: 10995657 hands/sec

[173/3456] 
=== Starting Regression Test ===
NUM_ROUNDS:  1000000000
NUM_THREADS: 16
Scenario:    decks=6_ss17=False_das=True_sas=2_don=10-11_reSplitAces=False_hitSplitAces=True_surr=no_peek=True_bj-pays=1.5
============================

Cut Card (Penetration: 75%) Theoretical Edge %: 0.7126% Cut Card Empiric Edge %: -0.7172%
CSM (Penetration: 0.0%) Theoretical Edge %: 0.6926% CSM Empiric Edge %: -0.6904%
CSM Error: 0.0022%, Cut Card Error: -0.0046%
CSM Speed: 3624278 hands/sec, Cut Card Speed: 11615076 hands/sec

[174/3456] 
=== Starting Regression Test ===
NUM_ROUNDS:  1000000000
NUM_THREADS: 16
Scenario:    decks=1_ss17=False_das=True_sas=3_don=Any_reSplitAces=False_hitSplitAces=True_surr=no_peek=True_bj-pays=1.2
============================

Cut Card (Penetration: 75%) Theoretical Edge %: 1.4158% Cut Card Empiric Edge %: -1.4118%
CSM (Penetration: 0.0%) Theoretical Edge %: 1.3028% CSM Empiric Edge %: -1.2994%
CSM Error: 0.0034%, Cut Card Error: 0.0040%
CSM Speed: 8910750 hands/sec, Cut Card Speed: 11937305 hands/sec

[175/3456] 
=== Starting Regression Test ===
NUM_ROUNDS:  1000000000
NUM_THREADS: 16
Scenario:    decks=6_ss17=True_das=False_sas=4_don=9-11_reSplitAces=True_hitSplitAces=False_surr=no_peek=False_bj-pays=1.5
============================

Cut Card (Penetration: 75%) Theoretical Edge %: 0.7034% Cut Card Empiric Edge %: -0.7072%
CSM (Penetration: 0.0%) Theoretical Edge %: 0.6834% CSM Empiric Edge %: -0.6800%
CSM Error: 0.0033%, Cut Card Error: -0.0038%
CSM Speed: 3604552 hands/sec, Cut Card Speed: 11238228 hands/sec

[176/3456] 
=== Starting Regression Test ===
NUM_ROUNDS:  1000000000
NUM_THREADS: 16
Scenario:    decks=6_ss17=False_das=True_sas=4_don=10-11_reSplitAces=False_hitSplitAces=True_surr=no_peek=False_bj-pays=1.2
============================

Cut Card (Penetration: 75%) Theoretical Edge %: 2.1405% Cut Card Empiric Edge %: -2.1434%
CSM (Penetration: 0.0%) Theoretical Edge %: 2.1205% CSM Empiric Edge %: -2.1286%
CSM Error: -0.0081%, Cut Card Error: -0.0029%
CSM Speed: 3579265 hands/sec, Cut Card Speed: 11072603 hands/sec

[177/3456] 
=== Starting Regression Test ===
NUM_ROUNDS:  1000000000
NUM_THREADS: 16
Scenario:    decks=2_ss17=False_das=False_sas=3_don=10-11_reSplitAces=True_hitSplitAces=True_surr=no_peek=True_bj-pays=1.5
============================

Cut Card (Penetration: 75%) Theoretical Edge %: 0.6232% Cut Card Empiric Edge %: -0.6175%
CSM (Penetration: 0.0%) Theoretical Edge %: 0.5602% CSM Empiric Edge %: -0.5614%
CSM Error: -0.0012%, Cut Card Error: 0.0057%
CSM Speed: 6779615 hands/sec, Cut Card Speed: 11519410 hands/sec

[178/3456] 
=== Starting Regression Test ===
NUM_ROUNDS:  1000000000
NUM_THREADS: 16
Scenario:    decks=6_ss17=True_das=False_sas=2_don=Any_reSplitAces=False_hitSplitAces=True_surr=yes_peek=True_bj-pays=1.5
============================

NOTE: surr=yes + peek=True — using the available surr=2-10 theoretical edge as a comparison baseline; edge assertion skipped.
Cut Card (Penetration: 75%) Theoretical Edge %: 0.3488% Cut Card Empiric Edge %: -0.3494%
CSM (Penetration: 0.0%) Theoretical Edge %: 0.3288% CSM Empiric Edge %: -0.3318%
CSM Error: -0.0030%, Cut Card Error: -0.0006%
CSM Speed: 3586080 hands/sec, Cut Card Speed: 11182555 hands/sec

[179/3456] 
=== Starting Regression Test ===
NUM_ROUNDS:  1000000000
NUM_THREADS: 16
Scenario:    decks=6_ss17=False_das=False_sas=4_don=10-11_reSplitAces=True_hitSplitAces=True_surr=yes_peek=True_bj-pays=1.5
============================

NOTE: surr=yes + peek=True — using the available surr=2-10 theoretical edge as a comparison baseline; edge assertion skipped.
Cut Card (Penetration: 75%) Theoretical Edge %: 0.6418% Cut Card Empiric Edge %: -0.6377%
CSM (Penetration: 0.0%) Theoretical Edge %: 0.6218% CSM Empiric Edge %: -0.6218%
CSM Error: -0.0000%, Cut Card Error: 0.0041%
CSM Speed: 3523919 hands/sec, Cut Card Speed: 11424785 hands/sec

[180/3456] 
=== Starting Regression Test ===
NUM_ROUNDS:  1000000000
NUM_THREADS: 16
Scenario:    decks=6_ss17=False_das=True_sas=2_don=Any_reSplitAces=True_hitSplitAces=False_surr=no_peek=True_bj-pays=1.5
============================

Cut Card (Penetration: 75%) Theoretical Edge %: 0.6921% Cut Card Empiric Edge %: -0.6926%
CSM (Penetration: 0.0%) Theoretical Edge %: 0.6721% CSM Empiric Edge %: -0.6696%
CSM Error: 0.0025%, Cut Card Error: -0.0005%
CSM Speed: 3617552 hands/sec, Cut Card Speed: 11476445 hands/sec

[181/3456] 
=== Starting Regression Test ===
NUM_ROUNDS:  1000000000
NUM_THREADS: 16
Scenario:    decks=6_ss17=False_das=False_sas=4_don=9-11_reSplitAces=True_hitSplitAces=False_surr=no_peek=False_bj-pays=1.5
============================

Cut Card (Penetration: 75%) Theoretical Edge %: 0.9284% Cut Card Empiric Edge %: -0.9286%
CSM (Penetration: 0.0%) Theoretical Edge %: 0.9084% CSM Empiric Edge %: -0.9098%
CSM Error: -0.0013%, Cut Card Error: -0.0002%
CSM Speed: 3574377 hands/sec, Cut Card Speed: 11050334 hands/sec

[182/3456] 
=== Starting Regression Test ===
NUM_ROUNDS:  1000000000
NUM_THREADS: 16
Scenario:    decks=6_ss17=True_das=True_sas=4_don=9-11_reSplitAces=False_hitSplitAces=True_surr=2-10_peek=False_bj-pays=1.2
============================

NOTE: surr=2-10 + peek=False — theoretical table may not match implementation; edge assertion skipped.
Cut Card (Penetration: 75%) Theoretical Edge %: 1.7422% Cut Card Empiric Edge %: -1.5797%
CSM (Penetration: 0.0%) Theoretical Edge %: 1.7222% CSM Empiric Edge %: -1.5490%
CSM Error: 0.1732%, Cut Card Error: 0.1625%
CSM Speed: 3519441 hands/sec, Cut Card Speed: 10876186 hands/sec

[183/3456] 
=== Starting Regression Test ===
NUM_ROUNDS:  1000000000
NUM_THREADS: 16
Scenario:    decks=1_ss17=False_das=True_sas=2_don=10-11_reSplitAces=False_hitSplitAces=False_surr=no_peek=False_bj-pays=1.2
============================

Cut Card (Penetration: 75%) Theoretical Edge %: 1.9963% Cut Card Empiric Edge %: -1.9889%
CSM (Penetration: 0.0%) Theoretical Edge %: 1.8833% CSM Empiric Edge %: -1.8887%
CSM Error: -0.0054%, Cut Card Error: 0.0074%
CSM Speed: 8607333 hands/sec, Cut Card Speed: 11347260 hands/sec

[184/3456] 
=== Starting Regression Test ===
NUM_ROUNDS:  1000000000
NUM_THREADS: 16
Scenario:    decks=1_ss17=False_das=False_sas=4_don=10-11_reSplitAces=True_hitSplitAces=False_surr=2-10_peek=False_bj-pays=1.2
============================

NOTE: surr=2-10 + peek=False — theoretical table may not match implementation; edge assertion skipped.
Cut Card (Penetration: 75%) Theoretical Edge %: 2.0147% Cut Card Empiric Edge %: -1.9047%
CSM (Penetration: 0.0%) Theoretical Edge %: 1.9017% CSM Empiric Edge %: -1.7660%
CSM Error: 0.1356%, Cut Card Error: 0.1100%
CSM Speed: 8513464 hands/sec, Cut Card Speed: 10822862 hands/sec

[185/3456] 
=== Starting Regression Test ===
NUM_ROUNDS:  1000000000
NUM_THREADS: 16
Scenario:    decks=1_ss17=False_das=False_sas=4_don=Any_reSplitAces=True_hitSplitAces=True_surr=no_peek=True_bj-pays=1.2
============================

Cut Card (Penetration: 75%) Theoretical Edge %: 1.5419% Cut Card Empiric Edge %: -1.5417%
CSM (Penetration: 0.0%) Theoretical Edge %: 1.4289% CSM Empiric Edge %: -1.4270%
CSM Error: 0.0019%, Cut Card Error: 0.0002%
CSM Speed: 8822621 hands/sec, Cut Card Speed: 11151753 hands/sec

[186/3456] 
=== Starting Regression Test ===
NUM_ROUNDS:  1000000000
NUM_THREADS: 16
Scenario:    decks=2_ss17=False_das=False_sas=2_don=9-11_reSplitAces=False_hitSplitAces=False_surr=2-10_peek=False_bj-pays=1.2
============================

NOTE: surr=2-10 + peek=False — theoretical table may not match implementation; edge assertion skipped.
Cut Card (Penetration: 75%) Theoretical Edge %: 2.1549% Cut Card Empiric Edge %: -2.0147%
CSM (Penetration: 0.0%) Theoretical Edge %: 2.0919% CSM Empiric Edge %: -1.9432%
CSM Error: 0.1486%, Cut Card Error: 0.1402%
CSM Speed: 6776812 hands/sec, Cut Card Speed: 10806955 hands/sec

[187/3456] 
=== Starting Regression Test ===
NUM_ROUNDS:  1000000000
NUM_THREADS: 16
Scenario:    decks=6_ss17=False_das=True_sas=2_don=Any_reSplitAces=True_hitSplitAces=False_surr=yes_peek=True_bj-pays=1.5
============================

NOTE: surr=yes + peek=True — using the available surr=2-10 theoretical edge as a comparison baseline; edge assertion skipped.
Cut Card (Penetration: 75%) Theoretical Edge %: 0.6037% Cut Card Empiric Edge %: -0.6142%
CSM (Penetration: 0.0%) Theoretical Edge %: 0.5837% CSM Empiric Edge %: -0.5817%
CSM Error: 0.0021%, Cut Card Error: -0.0105%
CSM Speed: 3621876 hands/sec, Cut Card Speed: 11759310 hands/sec

[188/3456] 
=== Starting Regression Test ===
NUM_ROUNDS:  1000000000
NUM_THREADS: 16
Scenario:    decks=6_ss17=True_das=True_sas=3_don=10-11_reSplitAces=False_hitSplitAces=False_surr=no_peek=False_bj-pays=1.2
============================

Cut Card (Penetration: 75%) Theoretical Edge %: 2.0968% Cut Card Empiric Edge %: -2.0959%
CSM (Penetration: 0.0%) Theoretical Edge %: 2.0768% CSM Empiric Edge %: -2.0767%
CSM Error: 0.0001%, Cut Card Error: 0.0009%
CSM Speed: 3522020 hands/sec, Cut Card Speed: 10398037 hands/sec

[189/3456] 
=== Starting Regression Test ===
NUM_ROUNDS:  1000000000
NUM_THREADS: 16
Scenario:    decks=1_ss17=False_das=True_sas=3_don=9-11_reSplitAces=False_hitSplitAces=True_surr=no_peek=False_bj-pays=1.2
============================

Cut Card (Penetration: 75%) Theoretical Edge %: 1.6971% Cut Card Empiric Edge %: -1.6945%
CSM (Penetration: 0.0%) Theoretical Edge %: 1.5841% CSM Empiric Edge %: -1.5910%
CSM Error: -0.0068%, Cut Card Error: 0.0026%
CSM Speed: 8506801 hands/sec, Cut Card Speed: 10704346 hands/sec

[190/3456] 
=== Starting Regression Test ===
NUM_ROUNDS:  1000000000
NUM_THREADS: 16
Scenario:    decks=2_ss17=True_das=True_sas=3_don=9-11_reSplitAces=False_hitSplitAces=False_surr=no_peek=True_bj-pays=1.2
============================

Cut Card (Penetration: 75%) Theoretical Edge %: 1.7468% Cut Card Empiric Edge %: -1.7412%
CSM (Penetration: 0.0%) Theoretical Edge %: 1.6838% CSM Empiric Edge %: -1.6822%
CSM Error: 0.0016%, Cut Card Error: 0.0056%
CSM Speed: 6624008 hands/sec, Cut Card Speed: 10621575 hands/sec

[191/3456] 
=== Starting Regression Test ===
NUM_ROUNDS:  1000000000
NUM_THREADS: 16
Scenario:    decks=2_ss17=False_das=False_sas=3_don=9-11_reSplitAces=True_hitSplitAces=True_surr=no_peek=True_bj-pays=1.2
============================

Cut Card (Penetration: 75%) Theoretical Edge %: 1.8960% Cut Card Empiric Edge %: -1.8858%
CSM (Penetration: 0.0%) Theoretical Edge %: 1.8330% CSM Empiric Edge %: -1.8320%
CSM Error: 0.0010%, Cut Card Error: 0.0102%
CSM Speed: 6807306 hands/sec, Cut Card Speed: 10914767 hands/sec

[192/3456] 
=== Starting Regression Test ===
NUM_ROUNDS:  1000000000
NUM_THREADS: 16
Scenario:    decks=6_ss17=True_das=False_sas=2_don=10-11_reSplitAces=True_hitSplitAces=True_surr=2-10_peek=False_bj-pays=1.5
============================

NOTE: surr=2-10 + peek=False — theoretical table may not match implementation; edge assertion skipped.
Cut Card (Penetration: 75%) Theoretical Edge %: 0.6322% Cut Card Empiric Edge %: -0.4617%
CSM (Penetration: 0.0%) Theoretical Edge %: 0.6122% CSM Empiric Edge %: -0.4380%
CSM Error: 0.1741%, Cut Card Error: 0.1704%
CSM Speed: 3611347 hands/sec, Cut Card Speed: 10983338 hands/sec

[193/3456] 
=== Starting Regression Test ===
NUM_ROUNDS:  1000000000
NUM_THREADS: 16
Scenario:    decks=1_ss17=True_das=False_sas=2_don=10-11_reSplitAces=False_hitSplitAces=True_surr=no_peek=False_bj-pays=1.5
============================

Cut Card (Penetration: 75%) Theoretical Edge %: 0.3720% Cut Card Empiric Edge %: -0.3675%
CSM (Penetration: 0.0%) Theoretical Edge %: 0.2590% CSM Empiric Edge %: -0.2641%
CSM Error: -0.0051%, Cut Card Error: 0.0045%
CSM Speed: 8935832 hands/sec, Cut Card Speed: 11104942 hands/sec

[194/3456] 
=== Starting Regression Test ===
NUM_ROUNDS:  1000000000
NUM_THREADS: 16
Scenario:    decks=2_ss17=False_das=False_sas=4_don=9-11_reSplitAces=True_hitSplitAces=False_surr=no_peek=True_bj-pays=1.2
============================

Cut Card (Penetration: 75%) Theoretical Edge %: 2.0362% Cut Card Empiric Edge %: -2.0306%
CSM (Penetration: 0.0%) Theoretical Edge %: 1.9732% CSM Empiric Edge %: -1.9761%
CSM Error: -0.0029%, Cut Card Error: 0.0056%
CSM Speed: 6866434 hands/sec, Cut Card Speed: 10668374 hands/sec

[195/3456] 
=== Starting Regression Test ===
NUM_ROUNDS:  1000000000
NUM_THREADS: 16
Scenario:    decks=2_ss17=False_das=False_sas=3_don=10-11_reSplitAces=True_hitSplitAces=True_surr=2-10_peek=False_bj-pays=1.2
============================

NOTE: surr=2-10 + peek=False — theoretical table may not match implementation; edge assertion skipped.
Cut Card (Penetration: 75%) Theoretical Edge %: 2.0432% Cut Card Empiric Edge %: -1.9023%
CSM (Penetration: 0.0%) Theoretical Edge %: 1.9802% CSM Empiric Edge %: -1.8276%
CSM Error: 0.1526%, Cut Card Error: 0.1410%
CSM Speed: 6776629 hands/sec, Cut Card Speed: 11149266 hands/sec

[196/3456] 
=== Starting Regression Test ===
NUM_ROUNDS:  1000000000
NUM_THREADS: 16
Scenario:    decks=2_ss17=False_das=True_sas=3_don=10-11_reSplitAces=True_hitSplitAces=True_surr=no_peek=True_bj-pays=1.2
============================

Cut Card (Penetration: 75%) Theoretical Edge %: 1.8754% Cut Card Empiric Edge %: -1.8641%
CSM (Penetration: 0.0%) Theoretical Edge %: 1.8124% CSM Empiric Edge %: -1.8099%
CSM Error: 0.0025%, Cut Card Error: 0.0113%
CSM Speed: 6749961 hands/sec, Cut Card Speed: 11087089 hands/sec

[197/3456] 
=== Starting Regression Test ===
NUM_ROUNDS:  1000000000
NUM_THREADS: 16
Scenario:    decks=6_ss17=False_das=False_sas=4_don=9-11_reSplitAces=False_hitSplitAces=False_surr=no_peek=False_bj-pays=1.5
============================

Cut Card (Penetration: 75%) Theoretical Edge %: 0.9913% Cut Card Empiric Edge %: -0.9982%
CSM (Penetration: 0.0%) Theoretical Edge %: 0.9713% CSM Empiric Edge %: -0.9721%
CSM Error: -0.0008%, Cut Card Error: -0.0069%
CSM Speed: 3509856 hands/sec, Cut Card Speed: 11107162 hands/sec

[198/3456] 
=== Starting Regression Test ===
NUM_ROUNDS:  1000000000
NUM_THREADS: 16
Scenario:    decks=2_ss17=False_das=False_sas=3_don=Any_reSplitAces=False_hitSplitAces=False_surr=no_peek=True_bj-pays=1.2
============================

Cut Card (Penetration: 75%) Theoretical Edge %: 1.9792% Cut Card Empiric Edge %: -1.9759%
CSM (Penetration: 0.0%) Theoretical Edge %: 1.9162% CSM Empiric Edge %: -1.9131%
CSM Error: 0.0031%, Cut Card Error: 0.0033%
CSM Speed: 6774104 hands/sec, Cut Card Speed: 11529770 hands/sec

[199/3456] 
=== Starting Regression Test ===
NUM_ROUNDS:  1000000000
NUM_THREADS: 16
Scenario:    decks=1_ss17=True_das=False_sas=3_don=Any_reSplitAces=True_hitSplitAces=False_surr=no_peek=True_bj-pays=1.2
============================

Cut Card (Penetration: 75%) Theoretical Edge %: 1.4755% Cut Card Empiric Edge %: -1.4658%
CSM (Penetration: 0.0%) Theoretical Edge %: 1.3625% CSM Empiric Edge %: -1.3686%
CSM Error: -0.0061%, Cut Card Error: 0.0097%
CSM Speed: 9032037 hands/sec, Cut Card Speed: 11419436 hands/sec

[200/3456] 
=== Starting Regression Test ===
NUM_ROUNDS:  1000000000
NUM_THREADS: 16
Scenario:    decks=2_ss17=True_das=False_sas=3_don=Any_reSplitAces=True_hitSplitAces=False_surr=yes_peek=True_bj-pays=1.5
============================

NOTE: surr=yes + peek=True — using the available surr=2-10 theoretical edge as a comparison baseline; edge assertion skipped.
Cut Card (Penetration: 75%) Theoretical Edge %: 0.3035% Cut Card Empiric Edge %: -0.3156%
CSM (Penetration: 0.0%) Theoretical Edge %: 0.2405% CSM Empiric Edge %: -0.2474%
CSM Error: -0.0069%, Cut Card Error: -0.0121%
CSM Speed: 6825706 hands/sec, Cut Card Speed: 11339797 hands/sec

[201/3456] 
=== Starting Regression Test ===
NUM_ROUNDS:  1000000000
NUM_THREADS: 16
Scenario:    decks=6_ss17=True_das=True_sas=2_don=Any_reSplitAces=True_hitSplitAces=False_surr=2-10_peek=False_bj-pays=1.5
============================

NOTE: surr=2-10 + peek=False — theoretical table may not match implementation; edge assertion skipped.
Cut Card (Penetration: 75%) Theoretical Edge %: 0.5104% Cut Card Empiric Edge %: -0.3474%
CSM (Penetration: 0.0%) Theoretical Edge %: 0.4904% CSM Empiric Edge %: -0.3150%
CSM Error: 0.1754%, Cut Card Error: 0.1630%
CSM Speed: 3515544 hands/sec, Cut Card Speed: 11431707 hands/sec

[202/3456] 
=== Starting Regression Test ===
NUM_ROUNDS:  1000000000
NUM_THREADS: 16
Scenario:    decks=6_ss17=False_das=False_sas=4_don=Any_reSplitAces=True_hitSplitAces=True_surr=no_peek=True_bj-pays=1.2
============================

Cut Card (Penetration: 75%) Theoretical Edge %: 1.9084% Cut Card Empiric Edge %: -1.9101%
CSM (Penetration: 0.0%) Theoretical Edge %: 1.8884% CSM Empiric Edge %: -1.8912%
CSM Error: -0.0028%, Cut Card Error: -0.0017%
CSM Speed: 3537619 hands/sec, Cut Card Speed: 11591246 hands/sec

[203/3456] 
=== Starting Regression Test ===
NUM_ROUNDS:  1000000000
NUM_THREADS: 16
Scenario:    decks=6_ss17=True_das=True_sas=2_don=9-11_reSplitAces=False_hitSplitAces=False_surr=2-10_peek=False_bj-pays=1.2
============================

NOTE: surr=2-10 + peek=False — theoretical table may not match implementation; edge assertion skipped.
Cut Card (Penetration: 75%) Theoretical Edge %: 1.9652% Cut Card Empiric Edge %: -1.8021%
CSM (Penetration: 0.0%) Theoretical Edge %: 1.9452% CSM Empiric Edge %: -1.7682%
CSM Error: 0.1770%, Cut Card Error: 0.1631%
CSM Speed: 3522888 hands/sec, Cut Card Speed: 11138462 hands/sec

[204/3456] 
=== Starting Regression Test ===
NUM_ROUNDS:  1000000000
NUM_THREADS: 16
Scenario:    decks=2_ss17=False_das=False_sas=3_don=Any_reSplitAces=False_hitSplitAces=True_surr=no_peek=False_bj-pays=1.2
============================

Cut Card (Penetration: 75%) Theoretical Edge %: 1.9368% Cut Card Empiric Edge %: -1.9356%
CSM (Penetration: 0.0%) Theoretical Edge %: 1.8738% CSM Empiric Edge %: -1.8759%
CSM Error: -0.0021%, Cut Card Error: 0.0012%
CSM Speed: 6869123 hands/sec, Cut Card Speed: 11099888 hands/sec

[205/3456] 
=== Starting Regression Test ===
NUM_ROUNDS:  1000000000
NUM_THREADS: 16
Scenario:    decks=2_ss17=False_das=True_sas=3_don=Any_reSplitAces=False_hitSplitAces=True_surr=yes_peek=True_bj-pays=1.2
============================

NOTE: surr=yes + peek=True — using the available surr=2-10 theoretical edge as a comparison baseline; edge assertion skipped.
Cut Card (Penetration: 75%) Theoretical Edge %: 1.6034% Cut Card Empiric Edge %: -1.6081%
CSM (Penetration: 0.0%) Theoretical Edge %: 1.5404% CSM Empiric Edge %: -1.5446%
CSM Error: -0.0042%, Cut Card Error: -0.0047%
CSM Speed: 6790941 hands/sec, Cut Card Speed: 11346745 hands/sec

[206/3456] 
=== Starting Regression Test ===
NUM_ROUNDS:  1000000000
NUM_THREADS: 16
Scenario:    decks=6_ss17=True_das=True_sas=3_don=Any_reSplitAces=False_hitSplitAces=True_surr=no_peek=True_bj-pays=1.5
============================

Cut Card (Penetration: 75%) Theoretical Edge %: 0.2475% Cut Card Empiric Edge %: -0.2485%
CSM (Penetration: 0.0%) Theoretical Edge %: 0.2275% CSM Empiric Edge %: -0.2252%
CSM Error: 0.0023%, Cut Card Error: -0.0010%
CSM Speed: 3550657 hands/sec, Cut Card Speed: 11175932 hands/sec

[207/3456] 
=== Starting Regression Test ===
NUM_ROUNDS:  1000000000
NUM_THREADS: 16
Scenario:    decks=1_ss17=False_das=False_sas=2_don=9-11_reSplitAces=False_hitSplitAces=True_surr=yes_peek=True_bj-pays=1.5
============================

NOTE: surr=yes + peek=True — using the available surr=2-10 theoretical edge as a comparison baseline; edge assertion skipped.
Cut Card (Penetration: 75%) Theoretical Edge %: 0.2980% Cut Card Empiric Edge %: -0.3080%
CSM (Penetration: 0.0%) Theoretical Edge %: 0.1850% CSM Empiric Edge %: -0.1937%
CSM Error: -0.0087%, Cut Card Error: -0.0100%
CSM Speed: 8695350 hands/sec, Cut Card Speed: 11393285 hands/sec

[208/3456] 
=== Starting Regression Test ===
NUM_ROUNDS:  1000000000
NUM_THREADS: 16
Scenario:    decks=6_ss17=True_das=True_sas=4_don=Any_reSplitAces=True_hitSplitAces=True_surr=no_peek=True_bj-pays=1.5
============================

Cut Card (Penetration: 75%) Theoretical Edge %: 0.1800% Cut Card Empiric Edge %: -0.1742%
CSM (Penetration: 0.0%) Theoretical Edge %: 0.1600% CSM Empiric Edge %: -0.1604%
CSM Error: -0.0004%, Cut Card Error: 0.0058%
CSM Speed: 3498669 hands/sec, Cut Card Speed: 11055465 hands/sec

[209/3456] 
=== Starting Regression Test ===
NUM_ROUNDS:  1000000000
NUM_THREADS: 16
Scenario:    decks=2_ss17=True_das=True_sas=4_don=9-11_reSplitAces=False_hitSplitAces=False_surr=no_peek=True_bj-pays=1.2
============================

Cut Card (Penetration: 75%) Theoretical Edge %: 1.7412% Cut Card Empiric Edge %: -1.7356%
CSM (Penetration: 0.0%) Theoretical Edge %: 1.6782% CSM Empiric Edge %: -1.6768%
CSM Error: 0.0014%, Cut Card Error: 0.0056%
CSM Speed: 6656327 hands/sec, Cut Card Speed: 11161213 hands/sec

[210/3456] 
=== Starting Regression Test ===
NUM_ROUNDS:  1000000000
NUM_THREADS: 16
Scenario:    decks=6_ss17=True_das=False_sas=3_don=Any_reSplitAces=True_hitSplitAces=True_surr=no_peek=False_bj-pays=1.5
============================

Cut Card (Penetration: 75%) Theoretical Edge %: 0.4647% Cut Card Empiric Edge %: -0.4754%
CSM (Penetration: 0.0%) Theoretical Edge %: 0.4447% CSM Empiric Edge %: -0.4491%
CSM Error: -0.0044%, Cut Card Error: -0.0107%
CSM Speed: 3474877 hands/sec, Cut Card Speed: 10616049 hands/sec

[211/3456] 
=== Starting Regression Test ===
NUM_ROUNDS:  1000000000
NUM_THREADS: 16
Scenario:    decks=6_ss17=True_das=False_sas=4_don=10-11_reSplitAces=False_hitSplitAces=True_surr=no_peek=False_bj-pays=1.5
============================

Cut Card (Penetration: 75%) Theoretical Edge %: 0.6786% Cut Card Empiric Edge %: -0.6866%
CSM (Penetration: 0.0%) Theoretical Edge %: 0.6586% CSM Empiric Edge %: -0.6642%
CSM Error: -0.0056%, Cut Card Error: -0.0080%
CSM Speed: 3511347 hands/sec, Cut Card Speed: 11027912 hands/sec

[212/3456] 
=== Starting Regression Test ===
NUM_ROUNDS:  1000000000
NUM_THREADS: 16
Scenario:    decks=6_ss17=True_das=True_sas=2_don=10-11_reSplitAces=False_hitSplitAces=True_surr=2-10_peek=False_bj-pays=1.5
============================

NOTE: surr=2-10 + peek=False — theoretical table may not match implementation; edge assertion skipped.
Cut Card (Penetration: 75%) Theoretical Edge %: 0.5277% Cut Card Empiric Edge %: -0.3712%
CSM (Penetration: 0.0%) Theoretical Edge %: 0.5077% CSM Empiric Edge %: -0.3330%
CSM Error: 0.1746%, Cut Card Error: 0.1565%
CSM Speed: 3495953 hands/sec, Cut Card Speed: 10863661 hands/sec

[213/3456] 
=== Starting Regression Test ===
NUM_ROUNDS:  1000000000
NUM_THREADS: 16
Scenario:    decks=6_ss17=False_das=True_sas=3_don=10-11_reSplitAces=False_hitSplitAces=True_surr=no_peek=True_bj-pays=1.5
============================

Cut Card (Penetration: 75%) Theoretical Edge %: 0.6702% Cut Card Empiric Edge %: -0.6679%
CSM (Penetration: 0.0%) Theoretical Edge %: 0.6502% CSM Empiric Edge %: -0.6510%
CSM Error: -0.0008%, Cut Card Error: 0.0023%
CSM Speed: 3547357 hands/sec, Cut Card Speed: 11144421 hands/sec

[214/3456] 
=== Starting Regression Test ===
NUM_ROUNDS:  1000000000
NUM_THREADS: 16
Scenario:    decks=6_ss17=True_das=True_sas=4_don=10-11_reSplitAces=True_hitSplitAces=False_surr=2-10_peek=False_bj-pays=1.5
============================

NOTE: surr=2-10 + peek=False — theoretical table may not match implementation; edge assertion skipped.
Cut Card (Penetration: 75%) Theoretical Edge %: 0.5874% Cut Card Empiric Edge %: -0.4252%
CSM (Penetration: 0.0%) Theoretical Edge %: 0.5674% CSM Empiric Edge %: -0.3904%
CSM Error: 0.1770%, Cut Card Error: 0.1622%
CSM Speed: 3533794 hands/sec, Cut Card Speed: 10743331 hands/sec

[215/3456] 
=== Starting Regression Test ===
NUM_ROUNDS:  1000000000
NUM_THREADS: 16
Scenario:    decks=6_ss17=True_das=False_sas=2_don=9-11_reSplitAces=True_hitSplitAces=False_surr=yes_peek=True_bj-pays=1.2
============================

NOTE: surr=yes + peek=True — using the available surr=2-10 theoretical edge as a comparison baseline; edge assertion skipped.
Cut Card (Penetration: 75%) Theoretical Edge %: 1.9783% Cut Card Empiric Edge %: -1.9766%
CSM (Penetration: 0.0%) Theoretical Edge %: 1.9583% CSM Empiric Edge %: -1.9668%
CSM Error: -0.0085%, Cut Card Error: 0.0017%
CSM Speed: 3560569 hands/sec, Cut Card Speed: 11550812 hands/sec

[216/3456] 
=== Starting Regression Test ===
NUM_ROUNDS:  1000000000
NUM_THREADS: 16
Scenario:    decks=1_ss17=True_das=False_sas=4_don=10-11_reSplitAces=True_hitSplitAces=False_surr=2-10_peek=False_bj-pays=1.2
============================

NOTE: surr=2-10 + peek=False — theoretical table may not match implementation; edge assertion skipped.
Cut Card (Penetration: 75%) Theoretical Edge %: 1.8239% Cut Card Empiric Edge %: -1.6918%
CSM (Penetration: 0.0%) Theoretical Edge %: 1.7109% CSM Empiric Edge %: -1.5614%
CSM Error: 0.1495%, Cut Card Error: 0.1321%
CSM Speed: 8381106 hands/sec, Cut Card Speed: 11358731 hands/sec

[217/3456] 
=== Starting Regression Test ===
NUM_ROUNDS:  1000000000
NUM_THREADS: 16
Scenario:    decks=2_ss17=False_das=True_sas=4_don=10-11_reSplitAces=True_hitSplitAces=True_surr=no_peek=True_bj-pays=1.2
============================

Cut Card (Penetration: 75%) Theoretical Edge %: 1.8649% Cut Card Empiric Edge %: -1.8528%
CSM (Penetration: 0.0%) Theoretical Edge %: 1.8019% CSM Empiric Edge %: -1.8052%
CSM Error: -0.0033%, Cut Card Error: 0.0121%
CSM Speed: 6740498 hands/sec, Cut Card Speed: 11106052 hands/sec

[218/3456] 
=== Starting Regression Test ===
NUM_ROUNDS:  1000000000
NUM_THREADS: 16
Scenario:    decks=2_ss17=True_das=True_sas=4_don=10-11_reSplitAces=True_hitSplitAces=False_surr=2-10_peek=False_bj-pays=1.2
============================

NOTE: surr=2-10 + peek=False — theoretical table may not match implementation; edge assertion skipped.
Cut Card (Penetration: 75%) Theoretical Edge %: 1.8583% Cut Card Empiric Edge %: -1.7033%
CSM (Penetration: 0.0%) Theoretical Edge %: 1.7953% CSM Empiric Edge %: -1.6302%
CSM Error: 0.1652%, Cut Card Error: 0.1550%
CSM Speed: 6643635 hands/sec, Cut Card Speed: 10878789 hands/sec

[219/3456] 
=== Starting Regression Test ===
NUM_ROUNDS:  1000000000
NUM_THREADS: 16
Scenario:    decks=1_ss17=True_das=False_sas=3_don=10-11_reSplitAces=True_hitSplitAces=True_surr=2-10_peek=False_bj-pays=1.5
============================

NOTE: surr=2-10 + peek=False — theoretical table may not match implementation; edge assertion skipped.
Cut Card (Penetration: 75%) Theoretical Edge %: 0.3087% Cut Card Empiric Edge %: -0.1851%
CSM (Penetration: 0.0%) Theoretical Edge %: 0.1957% CSM Empiric Edge %: -0.0425%
CSM Error: 0.1533%, Cut Card Error: 0.1236%
CSM Speed: 8195311 hands/sec, Cut Card Speed: 11034970 hands/sec

[220/3456] 
=== Starting Regression Test ===
NUM_ROUNDS:  1000000000
NUM_THREADS: 16
Scenario:    decks=2_ss17=True_das=False_sas=4_don=10-11_reSplitAces=False_hitSplitAces=True_surr=yes_peek=True_bj-pays=1.5
============================

NOTE: surr=yes + peek=True — using the available surr=2-10 theoretical edge as a comparison baseline; edge assertion skipped.
Cut Card (Penetration: 75%) Theoretical Edge %: 0.3931% Cut Card Empiric Edge %: -0.3969%
CSM (Penetration: 0.0%) Theoretical Edge %: 0.3301% CSM Empiric Edge %: -0.3332%
CSM Error: -0.0031%, Cut Card Error: -0.0038%
CSM Speed: 6665911 hands/sec, Cut Card Speed: 10739639 hands/sec

[221/3456] 
=== Starting Regression Test ===
NUM_ROUNDS:  1000000000
NUM_THREADS: 16
Scenario:    decks=6_ss17=False_das=True_sas=3_don=9-11_reSplitAces=False_hitSplitAces=True_surr=yes_peek=True_bj-pays=1.5
============================

NOTE: surr=yes + peek=True — using the available surr=2-10 theoretical edge as a comparison baseline; edge assertion skipped.
Cut Card (Penetration: 75%) Theoretical Edge %: 0.4876% Cut Card Empiric Edge %: -0.4881%
CSM (Penetration: 0.0%) Theoretical Edge %: 0.4676% CSM Empiric Edge %: -0.4669%
CSM Error: 0.0007%, Cut Card Error: -0.0005%
CSM Speed: 3556668 hands/sec, Cut Card Speed: 10502878 hands/sec

[222/3456] 
=== Starting Regression Test ===
NUM_ROUNDS:  1000000000
NUM_THREADS: 16
Scenario:    decks=1_ss17=False_das=True_sas=3_don=9-11_reSplitAces=True_hitSplitAces=True_surr=no_peek=True_bj-pays=1.5
============================

Cut Card (Penetration: 75%) Theoretical Edge %: 0.1620% Cut Card Empiric Edge %: -0.1639%
CSM (Penetration: 0.0%) Theoretical Edge %: 0.0490% CSM Empiric Edge %: -0.0503%
CSM Error: -0.0013%, Cut Card Error: -0.0019%
CSM Speed: 8734158 hands/sec, Cut Card Speed: 11569789 hands/sec

[223/3456] 
=== Starting Regression Test ===
NUM_ROUNDS:  1000000000
NUM_THREADS: 16
Scenario:    decks=1_ss17=True_das=True_sas=3_don=10-11_reSplitAces=True_hitSplitAces=True_surr=yes_peek=True_bj-pays=1.5
============================

NOTE: surr=yes + peek=True — using the available surr=2-10 theoretical edge as a comparison baseline; edge assertion skipped.
Cut Card (Penetration: 75%) Theoretical Edge %: 0.0855% Cut Card Empiric Edge %: -0.0958%
CSM (Penetration: 0.0%) Theoretical Edge %: -0.0275% CSM Empiric Edge %: 0.0193%
CSM Error: -0.0083%, Cut Card Error: -0.0104%
CSM Speed: 8299100 hands/sec, Cut Card Speed: 11185057 hands/sec

[224/3456] 
=== Starting Regression Test ===
NUM_ROUNDS:  1000000000
NUM_THREADS: 16
Scenario:    decks=2_ss17=False_das=True_sas=4_don=9-11_reSplitAces=True_hitSplitAces=True_surr=yes_peek=True_bj-pays=1.5
============================

NOTE: surr=yes + peek=True — using the available surr=2-10 theoretical edge as a comparison baseline; edge assertion skipped.
Cut Card (Penetration: 75%) Theoretical Edge %: 0.3109% Cut Card Empiric Edge %: -0.3230%
CSM (Penetration: 0.0%) Theoretical Edge %: 0.2479% CSM Empiric Edge %: -0.2457%
CSM Error: 0.0023%, Cut Card Error: -0.0121%
CSM Speed: 6635612 hands/sec, Cut Card Speed: 10812915 hands/sec

[225/3456] 
=== Starting Regression Test ===
NUM_ROUNDS:  1000000000
NUM_THREADS: 16
Scenario:    decks=6_ss17=False_das=True_sas=2_don=10-11_reSplitAces=True_hitSplitAces=True_surr=2-10_peek=False_bj-pays=1.5
============================

NOTE: surr=2-10 + peek=False — theoretical table may not match implementation; edge assertion skipped.
Cut Card (Penetration: 75%) Theoretical Edge %: 0.7354% Cut Card Empiric Edge %: -0.5910%
CSM (Penetration: 0.0%) Theoretical Edge %: 0.7154% CSM Empiric Edge %: -0.5651%
CSM Error: 0.1503%, Cut Card Error: 0.1444%
CSM Speed: 3485827 hands/sec, Cut Card Speed: 10945949 hands/sec

[226/3456] 
=== Starting Regression Test ===
NUM_ROUNDS:  1000000000
NUM_THREADS: 16
Scenario:    decks=6_ss17=False_das=False_sas=3_don=9-11_reSplitAces=True_hitSplitAces=True_surr=no_peek=False_bj-pays=1.5
============================

Cut Card (Penetration: 75%) Theoretical Edge %: 0.7812% Cut Card Empiric Edge %: -0.7818%
CSM (Penetration: 0.0%) Theoretical Edge %: 0.7612% CSM Empiric Edge %: -0.7605%
CSM Error: 0.0007%, Cut Card Error: -0.0006%
CSM Speed: 3454828 hands/sec, Cut Card Speed: 10813149 hands/sec

[227/3456] 
=== Starting Regression Test ===
NUM_ROUNDS:  1000000000
NUM_THREADS: 16
Scenario:    decks=6_ss17=False_das=False_sas=2_don=10-11_reSplitAces=True_hitSplitAces=True_surr=yes_peek=True_bj-pays=1.5
============================

NOTE: surr=yes + peek=True — using the available surr=2-10 theoretical edge as a comparison baseline; edge assertion skipped.
Cut Card (Penetration: 75%) Theoretical Edge %: 0.7321% Cut Card Empiric Edge %: -0.7379%
CSM (Penetration: 0.0%) Theoretical Edge %: 0.7121% CSM Empiric Edge %: -0.7134%
CSM Error: -0.0013%, Cut Card Error: -0.0058%
CSM Speed: 3489232 hands/sec, Cut Card Speed: 11041184 hands/sec

[228/3456] 
=== Starting Regression Test ===
NUM_ROUNDS:  1000000000
NUM_THREADS: 16
Scenario:    decks=2_ss17=True_das=False_sas=2_don=Any_reSplitAces=True_hitSplitAces=True_surr=yes_peek=True_bj-pays=1.5
============================

NOTE: surr=yes + peek=True — using the available surr=2-10 theoretical edge as a comparison baseline; edge assertion skipped.
Cut Card (Penetration: 75%) Theoretical Edge %: 0.2141% Cut Card Empiric Edge %: -0.2138%
CSM (Penetration: 0.0%) Theoretical Edge %: 0.1511% CSM Empiric Edge %: -0.1560%
CSM Error: -0.0049%, Cut Card Error: 0.0002%
CSM Speed: 6833355 hands/sec, Cut Card Speed: 11599044 hands/sec

[229/3456] 
=== Starting Regression Test ===
NUM_ROUNDS:  1000000000
NUM_THREADS: 16
Scenario:    decks=1_ss17=False_das=True_sas=3_don=10-11_reSplitAces=False_hitSplitAces=False_surr=no_peek=True_bj-pays=1.5
============================

Cut Card (Penetration: 75%) Theoretical Edge %: 0.4633% Cut Card Empiric Edge %: -0.4631%
CSM (Penetration: 0.0%) Theoretical Edge %: 0.3503% CSM Empiric Edge %: -0.3470%
CSM Error: 0.0034%, Cut Card Error: 0.0002%
CSM Speed: 8591508 hands/sec, Cut Card Speed: 11400169 hands/sec

[230/3456] 
=== Starting Regression Test ===
NUM_ROUNDS:  1000000000
NUM_THREADS: 16
Scenario:    decks=6_ss17=True_das=True_sas=4_don=Any_reSplitAces=True_hitSplitAces=True_surr=yes_peek=True_bj-pays=1.5
============================

NOTE: surr=yes + peek=True — using the available surr=2-10 theoretical edge as a comparison baseline; edge assertion skipped.
Cut Card (Penetration: 75%) Theoretical Edge %: 0.1074% Cut Card Empiric Edge %: -0.1032%
CSM (Penetration: 0.0%) Theoretical Edge %: 0.0874% CSM Empiric Edge %: -0.0890%
CSM Error: -0.0016%, Cut Card Error: 0.0042%
CSM Speed: 3591167 hands/sec, Cut Card Speed: 11628718 hands/sec

[231/3456] 
=== Starting Regression Test ===
NUM_ROUNDS:  1000000000
NUM_THREADS: 16
Scenario:    decks=6_ss17=False_das=True_sas=3_don=Any_reSplitAces=True_hitSplitAces=True_surr=no_peek=True_bj-pays=1.2
============================

Cut Card (Penetration: 75%) Theoretical Edge %: 1.7725% Cut Card Empiric Edge %: -1.7717%
CSM (Penetration: 0.0%) Theoretical Edge %: 1.7525% CSM Empiric Edge %: -1.7451%
CSM Error: 0.0074%, Cut Card Error: 0.0007%
CSM Speed: 3438116 hands/sec, Cut Card Speed: 10956383 hands/sec

[232/3456] 
=== Starting Regression Test ===
NUM_ROUNDS:  1000000000
NUM_THREADS: 16
Scenario:    decks=6_ss17=False_das=False_sas=4_don=9-11_reSplitAces=True_hitSplitAces=True_surr=yes_peek=True_bj-pays=1.2
============================

NOTE: surr=yes + peek=True — using the available surr=2-10 theoretical edge as a comparison baseline; edge assertion skipped.
Cut Card (Penetration: 75%) Theoretical Edge %: 1.9186% Cut Card Empiric Edge %: -1.9232%
CSM (Penetration: 0.0%) Theoretical Edge %: 1.8986% CSM Empiric Edge %: -1.8951%
CSM Error: 0.0035%, Cut Card Error: -0.0047%
CSM Speed: 3434373 hands/sec, Cut Card Speed: 10633094 hands/sec

[233/3456] 
=== Starting Regression Test ===
NUM_ROUNDS:  1000000000
NUM_THREADS: 16
Scenario:    decks=1_ss17=False_das=False_sas=4_don=9-11_reSplitAces=False_hitSplitAces=False_surr=2-10_peek=False_bj-pays=1.2
============================

NOTE: surr=2-10 + peek=False — theoretical table may not match implementation; edge assertion skipped.
Cut Card (Penetration: 75%) Theoretical Edge %: 1.9152% Cut Card Empiric Edge %: -1.8036%
CSM (Penetration: 0.0%) Theoretical Edge %: 1.8022% CSM Empiric Edge %: -1.6597%
CSM Error: 0.1425%, Cut Card Error: 0.1116%
CSM Speed: 8106093 hands/sec, Cut Card Speed: 11319132 hands/sec

[234/3456] 
=== Starting Regression Test ===
NUM_ROUNDS:  1000000000
NUM_THREADS: 16
Scenario:    decks=1_ss17=False_das=True_sas=4_don=9-11_reSplitAces=True_hitSplitAces=True_surr=yes_peek=True_bj-pays=1.5
============================

NOTE: surr=yes + peek=True — using the available surr=2-10 theoretical edge as a comparison baseline; edge assertion skipped.
Cut Card (Penetration: 75%) Theoretical Edge %: 0.1208% Cut Card Empiric Edge %: -0.1322%
CSM (Penetration: 0.0%) Theoretical Edge %: 0.0078% CSM Empiric Edge %: -0.0039%
CSM Error: 0.0038%, Cut Card Error: -0.0114%
CSM Speed: 8306752 hands/sec, Cut Card Speed: 11451737 hands/sec

[235/3456] 
=== Starting Regression Test ===
NUM_ROUNDS:  1000000000
NUM_THREADS: 16
Scenario:    decks=1_ss17=True_das=True_sas=3_don=10-11_reSplitAces=False_hitSplitAces=True_surr=yes_peek=True_bj-pays=1.5
============================

NOTE: surr=yes + peek=True — using the available surr=2-10 theoretical edge as a comparison baseline; edge assertion skipped.
Cut Card (Penetration: 75%) Theoretical Edge %: 0.1103% Cut Card Empiric Edge %: -0.1252%
CSM (Penetration: 0.0%) Theoretical Edge %: -0.0027% CSM Empiric Edge %: -0.0083%
CSM Error: -0.0110%, Cut Card Error: -0.0149%
CSM Speed: 8513681 hands/sec, Cut Card Speed: 11475523 hands/sec

[236/3456] 
=== Starting Regression Test ===
NUM_ROUNDS:  1000000000
NUM_THREADS: 16
Scenario:    decks=1_ss17=False_das=False_sas=2_don=9-11_reSplitAces=True_hitSplitAces=False_surr=yes_peek=True_bj-pays=1.5
============================

NOTE: surr=yes + peek=True — using the available surr=2-10 theoretical edge as a comparison baseline; edge assertion skipped.
Cut Card (Penetration: 75%) Theoretical Edge %: 0.4281% Cut Card Empiric Edge %: -0.4356%
CSM (Penetration: 0.0%) Theoretical Edge %: 0.3151% CSM Empiric Edge %: -0.3217%
CSM Error: -0.0066%, Cut Card Error: -0.0075%
CSM Speed: 8721513 hands/sec, Cut Card Speed: 11348290 hands/sec

[237/3456] 
=== Starting Regression Test ===
NUM_ROUNDS:  1000000000
NUM_THREADS: 16
Scenario:    decks=6_ss17=False_das=False_sas=3_don=Any_reSplitAces=True_hitSplitAces=True_surr=no_peek=False_bj-pays=1.5
============================

Cut Card (Penetration: 75%) Theoretical Edge %: 0.6828% Cut Card Empiric Edge %: -0.6911%
CSM (Penetration: 0.0%) Theoretical Edge %: 0.6628% CSM Empiric Edge %: -0.6674%
CSM Error: -0.0047%, Cut Card Error: -0.0083%
CSM Speed: 3498644 hands/sec, Cut Card Speed: 10371615 hands/sec

[238/3456] 
=== Starting Regression Test ===
NUM_ROUNDS:  1000000000
NUM_THREADS: 16
Scenario:    decks=2_ss17=True_das=True_sas=2_don=Any_reSplitAces=False_hitSplitAces=True_surr=no_peek=False_bj-pays=1.2
============================

Cut Card (Penetration: 75%) Theoretical Edge %: 1.6168% Cut Card Empiric Edge %: -1.6178%
CSM (Penetration: 0.0%) Theoretical Edge %: 1.5538% CSM Empiric Edge %: -1.5586%
CSM Error: -0.0048%, Cut Card Error: -0.0010%
CSM Speed: 6624974 hands/sec, Cut Card Speed: 10767508 hands/sec

[239/3456] 
=== Starting Regression Test ===
NUM_ROUNDS:  1000000000
NUM_THREADS: 16
Scenario:    decks=6_ss17=False_das=False_sas=4_don=Any_reSplitAces=True_hitSplitAces=True_surr=no_peek=False_bj-pays=1.5
============================

Cut Card (Penetration: 75%) Theoretical Edge %: 0.6696% Cut Card Empiric Edge %: -0.6746%
CSM (Penetration: 0.0%) Theoretical Edge %: 0.6496% CSM Empiric Edge %: -0.6520%
CSM Error: -0.0024%, Cut Card Error: -0.0050%
CSM Speed: 3503989 hands/sec, Cut Card Speed: 10525762 hands/sec

[240/3456] 
=== Starting Regression Test ===
NUM_ROUNDS:  1000000000
NUM_THREADS: 16
Scenario:    decks=1_ss17=False_das=False_sas=4_don=Any_reSplitAces=True_hitSplitAces=True_surr=2-10_peek=False_bj-pays=1.5
============================

NOTE: surr=2-10 + peek=False — theoretical table may not match implementation; edge assertion skipped.
Cut Card (Penetration: 75%) Theoretical Edge %: 0.2216% Cut Card Empiric Edge %: -0.1214%
CSM (Penetration: 0.0%) Theoretical Edge %: 0.1086% CSM Empiric Edge %: 0.0294%
CSM Error: 0.1380%, Cut Card Error: 0.1003%
CSM Speed: 8368271 hands/sec, Cut Card Speed: 11411747 hands/sec

[241/3456] 
=== Starting Regression Test ===
NUM_ROUNDS:  1000000000
NUM_THREADS: 16
Scenario:    decks=1_ss17=False_das=False_sas=2_don=10-11_reSplitAces=False_hitSplitAces=True_surr=no_peek=False_bj-pays=1.5
============================

Cut Card (Penetration: 75%) Theoretical Edge %: 0.5800% Cut Card Empiric Edge %: -0.5801%
CSM (Penetration: 0.0%) Theoretical Edge %: 0.4670% CSM Empiric Edge %: -0.4708%
CSM Error: -0.0038%, Cut Card Error: -0.0001%
CSM Speed: 8542774 hands/sec, Cut Card Speed: 11130528 hands/sec

[242/3456] 
=== Starting Regression Test ===
NUM_ROUNDS:  1000000000
NUM_THREADS: 16
Scenario:    decks=2_ss17=False_das=False_sas=2_don=10-11_reSplitAces=False_hitSplitAces=False_surr=no_peek=True_bj-pays=1.2
============================

Cut Card (Penetration: 75%) Theoretical Edge %: 2.2169% Cut Card Empiric Edge %: -2.2087%
CSM (Penetration: 0.0%) Theoretical Edge %: 2.1539% CSM Empiric Edge %: -2.1483%
CSM Error: 0.0056%, Cut Card Error: 0.0081%
CSM Speed: 6565385 hands/sec, Cut Card Speed: 10806021 hands/sec

[243/3456] 
=== Starting Regression Test ===
NUM_ROUNDS:  1000000000
NUM_THREADS: 16
Scenario:    decks=2_ss17=True_das=False_sas=3_don=10-11_reSplitAces=True_hitSplitAces=False_surr=no_peek=True_bj-pays=1.2
============================

Cut Card (Penetration: 75%) Theoretical Edge %: 1.9346% Cut Card Empiric Edge %: -1.9229%
CSM (Penetration: 0.0%) Theoretical Edge %: 1.8716% CSM Empiric Edge %: -1.8680%
CSM Error: 0.0036%, Cut Card Error: 0.0118%
CSM Speed: 6675567 hands/sec, Cut Card Speed: 11142806 hands/sec

[244/3456] 
=== Starting Regression Test ===
NUM_ROUNDS:  1000000000
NUM_THREADS: 16
Scenario:    decks=1_ss17=False_das=True_sas=3_don=Any_reSplitAces=False_hitSplitAces=True_surr=no_peek=False_bj-pays=1.2
============================

Cut Card (Penetration: 75%) Theoretical Edge %: 1.5314% Cut Card Empiric Edge %: -1.5347%
CSM (Penetration: 0.0%) Theoretical Edge %: 1.4184% CSM Empiric Edge %: -1.4263%
CSM Error: -0.0079%, Cut Card Error: -0.0033%
CSM Speed: 8551028 hands/sec, Cut Card Speed: 11250492 hands/sec

[245/3456] 
=== Starting Regression Test ===
NUM_ROUNDS:  1000000000
NUM_THREADS: 16
Scenario:    decks=2_ss17=True_das=False_sas=2_don=Any_reSplitAces=False_hitSplitAces=True_surr=no_peek=True_bj-pays=1.2
============================

Cut Card (Penetration: 75%) Theoretical Edge %: 1.6387% Cut Card Empiric Edge %: -1.6326%
CSM (Penetration: 0.0%) Theoretical Edge %: 1.5757% CSM Empiric Edge %: -1.5746%
CSM Error: 0.0012%, Cut Card Error: 0.0062%
CSM Speed: 6866811 hands/sec, Cut Card Speed: 11270272 hands/sec

[246/3456] 
=== Starting Regression Test ===
NUM_ROUNDS:  1000000000
NUM_THREADS: 16
Scenario:    decks=2_ss17=True_das=False_sas=2_don=9-11_reSplitAces=False_hitSplitAces=True_surr=no_peek=False_bj-pays=1.2
============================

Cut Card (Penetration: 75%) Theoretical Edge %: 1.8531% Cut Card Empiric Edge %: -1.8506%
CSM (Penetration: 0.0%) Theoretical Edge %: 1.7901% CSM Empiric Edge %: -1.7948%
CSM Error: -0.0047%, Cut Card Error: 0.0025%
CSM Speed: 6802397 hands/sec, Cut Card Speed: 10963350 hands/sec

[247/3456] 
=== Starting Regression Test ===
NUM_ROUNDS:  1000000000
NUM_THREADS: 16
Scenario:    decks=2_ss17=True_das=True_sas=3_don=10-11_reSplitAces=False_hitSplitAces=False_surr=no_peek=True_bj-pays=1.2
============================

Cut Card (Penetration: 75%) Theoretical Edge %: 1.8622% Cut Card Empiric Edge %: -1.8566%
CSM (Penetration: 0.0%) Theoretical Edge %: 1.7993% CSM Empiric Edge %: -1.7978%
CSM Error: 0.0015%, Cut Card Error: 0.0056%
CSM Speed: 6718850 hands/sec, Cut Card Speed: 11192443 hands/sec

[248/3456] 
=== Starting Regression Test ===
NUM_ROUNDS:  1000000000
NUM_THREADS: 16
Scenario:    decks=1_ss17=True_das=False_sas=3_don=9-11_reSplitAces=True_hitSplitAces=True_surr=2-10_peek=False_bj-pays=1.2
============================

NOTE: surr=2-10 + peek=False — theoretical table may not match implementation; edge assertion skipped.
Cut Card (Penetration: 75%) Theoretical Edge %: 1.5715% Cut Card Empiric Edge %: -1.4351%
CSM (Penetration: 0.0%) Theoretical Edge %: 1.4585% CSM Empiric Edge %: -1.3075%
CSM Error: 0.1509%, Cut Card Error: 0.1364%
CSM Speed: 8371914 hands/sec, Cut Card Speed: 10911194 hands/sec

[249/3456] 
=== Starting Regression Test ===
NUM_ROUNDS:  1000000000
NUM_THREADS: 16
Scenario:    decks=2_ss17=False_das=False_sas=3_don=9-11_reSplitAces=False_hitSplitAces=True_surr=2-10_peek=False_bj-pays=1.5
============================

NOTE: surr=2-10 + peek=False — theoretical table may not match implementation; edge assertion skipped.
Cut Card (Penetration: 75%) Theoretical Edge %: 0.6059% Cut Card Empiric Edge %: -0.4736%
CSM (Penetration: 0.0%) Theoretical Edge %: 0.5429% CSM Empiric Edge %: -0.3866%
CSM Error: 0.1563%, Cut Card Error: 0.1323%
CSM Speed: 6497219 hands/sec, Cut Card Speed: 10710881 hands/sec

[250/3456] 
=== Starting Regression Test ===
NUM_ROUNDS:  1000000000
NUM_THREADS: 16
Scenario:    decks=2_ss17=False_das=True_sas=3_don=9-11_reSplitAces=False_hitSplitAces=True_surr=no_peek=False_bj-pays=1.5
============================

Cut Card (Penetration: 75%) Theoretical Edge %: 0.5441% Cut Card Empiric Edge %: -0.5533%
CSM (Penetration: 0.0%) Theoretical Edge %: 0.4811% CSM Empiric Edge %: -0.4836%
CSM Error: -0.0025%, Cut Card Error: -0.0092%
CSM Speed: 6682616 hands/sec, Cut Card Speed: 10763915 hands/sec

[251/3456] 
=== Starting Regression Test ===
NUM_ROUNDS:  1000000000
NUM_THREADS: 16
Scenario:    decks=6_ss17=True_das=False_sas=3_don=Any_reSplitAces=False_hitSplitAces=True_surr=no_peek=True_bj-pays=1.2
============================

Cut Card (Penetration: 75%) Theoretical Edge %: 1.7528% Cut Card Empiric Edge %: -1.7489%
CSM (Penetration: 0.0%) Theoretical Edge %: 1.7328% CSM Empiric Edge %: -1.7338%
CSM Error: -0.0010%, Cut Card Error: 0.0038%
CSM Speed: 3496406 hands/sec, Cut Card Speed: 11166696 hands/sec

[252/3456] 
=== Starting Regression Test ===
NUM_ROUNDS:  1000000000
NUM_THREADS: 16
Scenario:    decks=2_ss17=False_das=False_sas=2_don=9-11_reSplitAces=False_hitSplitAces=True_surr=no_peek=False_bj-pays=1.5
============================

Cut Card (Penetration: 75%) Theoretical Edge %: 0.6995% Cut Card Empiric Edge %: -0.6985%
CSM (Penetration: 0.0%) Theoretical Edge %: 0.6365% CSM Empiric Edge %: -0.6335%
CSM Error: 0.0030%, Cut Card Error: 0.0011%
CSM Speed: 6718940 hands/sec, Cut Card Speed: 10804854 hands/sec

[253/3456] 
=== Starting Regression Test ===
NUM_ROUNDS:  1000000000
NUM_THREADS: 16
Scenario:    decks=1_ss17=False_das=True_sas=2_don=9-11_reSplitAces=True_hitSplitAces=True_surr=2-10_peek=False_bj-pays=1.2
============================

NOTE: surr=2-10 + peek=False — theoretical table may not match implementation; edge assertion skipped.
Cut Card (Penetration: 75%) Theoretical Edge %: 1.6834% Cut Card Empiric Edge %: -1.5711%
CSM (Penetration: 0.0%) Theoretical Edge %: 1.5704% CSM Empiric Edge %: -1.4315%
CSM Error: 0.1389%, Cut Card Error: 0.1123%
CSM Speed: 8421124 hands/sec, Cut Card Speed: 11163331 hands/sec

[254/3456] 
=== Starting Regression Test ===
NUM_ROUNDS:  1000000000
NUM_THREADS: 16
Scenario:    decks=1_ss17=False_das=True_sas=2_don=9-11_reSplitAces=False_hitSplitAces=True_surr=2-10_peek=False_bj-pays=1.2
============================

NOTE: surr=2-10 + peek=False — theoretical table may not match implementation; edge assertion skipped.
Cut Card (Penetration: 75%) Theoretical Edge %: 1.6834% Cut Card Empiric Edge %: -1.5731%
CSM (Penetration: 0.0%) Theoretical Edge %: 1.5704% CSM Empiric Edge %: -1.4318%
CSM Error: 0.1386%, Cut Card Error: 0.1103%
CSM Speed: 8550590 hands/sec, Cut Card Speed: 10768552 hands/sec

[255/3456] 
=== Starting Regression Test ===
NUM_ROUNDS:  1000000000
NUM_THREADS: 16
Scenario:    decks=2_ss17=True_das=False_sas=4_don=Any_reSplitAces=False_hitSplitAces=False_surr=no_peek=False_bj-pays=1.2
============================

Cut Card (Penetration: 75%) Theoretical Edge %: 1.8770% Cut Card Empiric Edge %: -1.8742%
CSM (Penetration: 0.0%) Theoretical Edge %: 1.8140% CSM Empiric Edge %: -1.8152%
CSM Error: -0.0012%, Cut Card Error: 0.0028%
CSM Speed: 6712085 hands/sec, Cut Card Speed: 10904650 hands/sec

[256/3456] 
=== Starting Regression Test ===
NUM_ROUNDS:  1000000000
NUM_THREADS: 16
Scenario:    decks=6_ss17=False_das=True_sas=4_don=9-11_reSplitAces=True_hitSplitAces=False_surr=yes_peek=True_bj-pays=1.2
============================

NOTE: surr=yes + peek=True — using the available surr=2-10 theoretical edge as a comparison baseline; edge assertion skipped.
Cut Card (Penetration: 75%) Theoretical Edge %: 1.9483% Cut Card Empiric Edge %: -1.9553%
CSM (Penetration: 0.0%) Theoretical Edge %: 1.9283% CSM Empiric Edge %: -1.9285%
CSM Error: -0.0003%, Cut Card Error: -0.0070%
CSM Speed: 3514037 hands/sec, Cut Card Speed: 10618529 hands/sec

[257/3456] 
=== Starting Regression Test ===
NUM_ROUNDS:  1000000000
NUM_THREADS: 16
Scenario:    decks=1_ss17=False_das=True_sas=2_don=Any_reSplitAces=False_hitSplitAces=False_surr=no_peek=True_bj-pays=1.2
============================

Cut Card (Penetration: 75%) Theoretical Edge %: 1.5840% Cut Card Empiric Edge %: -1.5869%
CSM (Penetration: 0.0%) Theoretical Edge %: 1.4710% CSM Empiric Edge %: -1.4657%
CSM Error: 0.0052%, Cut Card Error: -0.0030%
CSM Speed: 8852143 hands/sec, Cut Card Speed: 11691394 hands/sec

[258/3456] 
=== Starting Regression Test ===
NUM_ROUNDS:  1000000000
NUM_THREADS: 16
Scenario:    decks=2_ss17=False_das=False_sas=4_don=Any_reSplitAces=False_hitSplitAces=False_surr=no_peek=True_bj-pays=1.5
============================

Cut Card (Penetration: 75%) Theoretical Edge %: 0.6022% Cut Card Empiric Edge %: -0.6070%
CSM (Penetration: 0.0%) Theoretical Edge %: 0.5393% CSM Empiric Edge %: -0.5386%
CSM Error: 0.0007%, Cut Card Error: -0.0047%
CSM Speed: 6653183 hands/sec, Cut Card Speed: 11217050 hands/sec

[259/3456] 
=== Starting Regression Test ===
NUM_ROUNDS:  1000000000
NUM_THREADS: 16
Scenario:    decks=1_ss17=True_das=False_sas=3_don=9-11_reSplitAces=False_hitSplitAces=True_surr=no_peek=False_bj-pays=1.5
============================

Cut Card (Penetration: 75%) Theoretical Edge %: 0.2244% Cut Card Empiric Edge %: -0.2244%
CSM (Penetration: 0.0%) Theoretical Edge %: 0.1114% CSM Empiric Edge %: -0.1162%
CSM Error: -0.0049%, Cut Card Error: -0.0001%
CSM Speed: 8535118 hands/sec, Cut Card Speed: 11130404 hands/sec

[260/3456] 
=== Starting Regression Test ===
NUM_ROUNDS:  1000000000
NUM_THREADS: 16
Scenario:    decks=6_ss17=False_das=False_sas=4_don=9-11_reSplitAces=True_hitSplitAces=False_surr=2-10_peek=False_bj-pays=1.5
============================

NOTE: surr=2-10 + peek=False — theoretical table may not match implementation; edge assertion skipped.
Cut Card (Penetration: 75%) Theoretical Edge %: 0.8337% Cut Card Empiric Edge %: -0.6854%
CSM (Penetration: 0.0%) Theoretical Edge %: 0.8137% CSM Empiric Edge %: -0.6490%
CSM Error: 0.1647%, Cut Card Error: 0.1483%
CSM Speed: 3445994 hands/sec, Cut Card Speed: 10756042 hands/sec

[261/3456] 
=== Starting Regression Test ===
NUM_ROUNDS:  1000000000
NUM_THREADS: 16
Scenario:    decks=2_ss17=False_das=False_sas=2_don=9-11_reSplitAces=True_hitSplitAces=True_surr=no_peek=False_bj-pays=1.5
============================

Cut Card (Penetration: 75%) Theoretical Edge %: 0.6995% Cut Card Empiric Edge %: -0.6973%
CSM (Penetration: 0.0%) Theoretical Edge %: 0.6365% CSM Empiric Edge %: -0.6355%
CSM Error: 0.0010%, Cut Card Error: 0.0022%
CSM Speed: 6473749 hands/sec, Cut Card Speed: 10341048 hands/sec

[262/3456] 
=== Starting Regression Test ===
NUM_ROUNDS:  1000000000
NUM_THREADS: 16
Scenario:    decks=2_ss17=True_das=True_sas=2_don=10-11_reSplitAces=True_hitSplitAces=False_surr=no_peek=False_bj-pays=1.5
============================

Cut Card (Penetration: 75%) Theoretical Edge %: 0.6310% Cut Card Empiric Edge %: -0.6277%
CSM (Penetration: 0.0%) Theoretical Edge %: 0.5680% CSM Empiric Edge %: -0.5722%
CSM Error: -0.0043%, Cut Card Error: 0.0033%
CSM Speed: 6374299 hands/sec, Cut Card Speed: 10864605 hands/sec

[263/3456] 
=== Starting Regression Test ===
NUM_ROUNDS:  1000000000
NUM_THREADS: 16
Scenario:    decks=2_ss17=False_das=True_sas=2_don=10-11_reSplitAces=True_hitSplitAces=False_surr=yes_peek=True_bj-pays=1.2
============================

NOTE: surr=yes + peek=True — using the available surr=2-10 theoretical edge as a comparison baseline; edge assertion skipped.
Cut Card (Penetration: 75%) Theoretical Edge %: 2.0424% Cut Card Empiric Edge %: -2.0392%
CSM (Penetration: 0.0%) Theoretical Edge %: 1.9794% CSM Empiric Edge %: -1.9753%
CSM Error: 0.0040%, Cut Card Error: 0.0031%
CSM Speed: 6682169 hands/sec, Cut Card Speed: 11181805 hands/sec

[264/3456] 
=== Starting Regression Test ===
NUM_ROUNDS:  1000000000
NUM_THREADS: 16
Scenario:    decks=2_ss17=False_das=True_sas=3_don=Any_reSplitAces=True_hitSplitAces=False_surr=no_peek=True_bj-pays=1.5
============================

Cut Card (Penetration: 75%) Theoretical Edge %: 0.4160% Cut Card Empiric Edge %: -0.4166%
CSM (Penetration: 0.0%) Theoretical Edge %: 0.3530% CSM Empiric Edge %: -0.3536%
CSM Error: -0.0006%, Cut Card Error: -0.0005%
CSM Speed: 6528651 hands/sec, Cut Card Speed: 11293055 hands/sec

[265/3456] 
=== Starting Regression Test ===
NUM_ROUNDS:  1000000000
NUM_THREADS: 16
Scenario:    decks=2_ss17=True_das=False_sas=2_don=Any_reSplitAces=True_hitSplitAces=False_surr=no_peek=False_bj-pays=1.5
============================

Cut Card (Penetration: 75%) Theoretical Edge %: 0.5296% Cut Card Empiric Edge %: -0.5295%
CSM (Penetration: 0.0%) Theoretical Edge %: 0.4666% CSM Empiric Edge %: -0.4775%
CSM Error: -0.0109%, Cut Card Error: 0.0001%
CSM Speed: 6688068 hands/sec, Cut Card Speed: 10975985 hands/sec

[266/3456] 
=== Starting Regression Test ===
NUM_ROUNDS:  1000000000
NUM_THREADS: 16
Scenario:    decks=1_ss17=True_das=False_sas=4_don=Any_reSplitAces=False_hitSplitAces=True_surr=2-10_peek=False_bj-pays=1.2
============================

NOTE: surr=2-10 + peek=False — theoretical table may not match implementation; edge assertion skipped.
Cut Card (Penetration: 75%) Theoretical Edge %: 1.4586% Cut Card Empiric Edge %: -1.3300%
CSM (Penetration: 0.0%) Theoretical Edge %: 1.3456% CSM Empiric Edge %: -1.1906%
CSM Error: 0.1551%, Cut Card Error: 0.1286%
CSM Speed: 8740266 hands/sec, Cut Card Speed: 11464866 hands/sec

[267/3456] 
=== Starting Regression Test ===
NUM_ROUNDS:  1000000000
NUM_THREADS: 16
Scenario:    decks=6_ss17=True_das=True_sas=2_don=9-11_reSplitAces=True_hitSplitAces=True_surr=yes_peek=True_bj-pays=1.2
============================

NOTE: surr=yes + peek=True — using the available surr=2-10 theoretical edge as a comparison baseline; edge assertion skipped.
Cut Card (Penetration: 75%) Theoretical Edge %: 1.6817% Cut Card Empiric Edge %: -1.6823%
CSM (Penetration: 0.0%) Theoretical Edge %: 1.6617% CSM Empiric Edge %: -1.6641%
CSM Error: -0.0024%, Cut Card Error: -0.0006%
CSM Speed: 3530924 hands/sec, Cut Card Speed: 11271035 hands/sec

[268/3456] 
=== Starting Regression Test ===
NUM_ROUNDS:  1000000000
NUM_THREADS: 16
Scenario:    decks=6_ss17=True_das=False_sas=2_don=9-11_reSplitAces=False_hitSplitAces=False_surr=2-10_peek=False_bj-pays=1.5
============================

NOTE: surr=2-10 + peek=False — theoretical table may not match implementation; edge assertion skipped.
Cut Card (Penetration: 75%) Theoretical Edge %: 0.7201% Cut Card Empiric Edge %: -0.5504%
CSM (Penetration: 0.0%) Theoretical Edge %: 0.7001% CSM Empiric Edge %: -0.5334%
CSM Error: 0.1667%, Cut Card Error: 0.1697%
CSM Speed: 3502946 hands/sec, Cut Card Speed: 10893365 hands/sec

[269/3456] 
=== Starting Regression Test ===
NUM_ROUNDS:  1000000000
NUM_THREADS: 16
Scenario:    decks=1_ss17=True_das=False_sas=3_don=10-11_reSplitAces=False_hitSplitAces=False_surr=yes_peek=True_bj-pays=1.2
============================

NOTE: surr=yes + peek=True — using the available surr=2-10 theoretical edge as a comparison baseline; edge assertion skipped.
Cut Card (Penetration: 75%) Theoretical Edge %: 1.7518% Cut Card Empiric Edge %: -1.7522%
CSM (Penetration: 0.0%) Theoretical Edge %: 1.6388% CSM Empiric Edge %: -1.6413%
CSM Error: -0.0025%, Cut Card Error: -0.0004%
CSM Speed: 8417296 hands/sec, Cut Card Speed: 10884946 hands/sec

[270/3456] 
=== Starting Regression Test ===
NUM_ROUNDS:  1000000000
NUM_THREADS: 16
Scenario:    decks=6_ss17=False_das=True_sas=2_don=Any_reSplitAces=False_hitSplitAces=True_surr=no_peek=True_bj-pays=1.5
============================

Cut Card (Penetration: 75%) Theoretical Edge %: 0.5072% Cut Card Empiric Edge %: -0.5076%
CSM (Penetration: 0.0%) Theoretical Edge %: 0.4872% CSM Empiric Edge %: -0.4855%
CSM Error: 0.0017%, Cut Card Error: -0.0004%
CSM Speed: 3542858 hands/sec, Cut Card Speed: 11306589 hands/sec

[271/3456] 
=== Starting Regression Test ===
NUM_ROUNDS:  1000000000
NUM_THREADS: 16
Scenario:    decks=6_ss17=True_das=False_sas=3_don=10-11_reSplitAces=False_hitSplitAces=True_surr=no_peek=True_bj-pays=1.5
============================

Cut Card (Penetration: 75%) Theoretical Edge %: 0.5665% Cut Card Empiric Edge %: -0.5649%
CSM (Penetration: 0.0%) Theoretical Edge %: 0.5465% CSM Empiric Edge %: -0.5485%
CSM Error: -0.0020%, Cut Card Error: 0.0016%
CSM Speed: 3427310 hands/sec, Cut Card Speed: 11028398 hands/sec

[272/3456] 
=== Starting Regression Test ===
NUM_ROUNDS:  1000000000
NUM_THREADS: 16
Scenario:    decks=2_ss17=True_das=False_sas=2_don=Any_reSplitAces=True_hitSplitAces=False_surr=no_peek=False_bj-pays=1.2
============================

Cut Card (Penetration: 75%) Theoretical Edge %: 1.9031% Cut Card Empiric Edge %: -1.9024%
CSM (Penetration: 0.0%) Theoretical Edge %: 1.8401% CSM Empiric Edge %: -1.8481%
CSM Error: -0.0080%, Cut Card Error: 0.0008%
CSM Speed: 6721695 hands/sec, Cut Card Speed: 11058277 hands/sec

[273/3456] 
=== Starting Regression Test ===
NUM_ROUNDS:  1000000000
NUM_THREADS: 16
Scenario:    decks=2_ss17=True_das=False_sas=4_don=10-11_reSplitAces=True_hitSplitAces=True_surr=no_peek=True_bj-pays=1.2
============================

Cut Card (Penetration: 75%) Theoretical Edge %: 1.7733% Cut Card Empiric Edge %: -1.7550%
CSM (Penetration: 0.0%) Theoretical Edge %: 1.7104% CSM Empiric Edge %: -1.7106%
CSM Error: -0.0002%, Cut Card Error: 0.0184%
CSM Speed: 6777272 hands/sec, Cut Card Speed: 10714554 hands/sec

[274/3456] 
=== Starting Regression Test ===
NUM_ROUNDS:  1000000000
NUM_THREADS: 16
Scenario:    decks=2_ss17=False_das=False_sas=2_don=Any_reSplitAces=False_hitSplitAces=True_surr=2-10_peek=False_bj-pays=1.5
============================

NOTE: surr=2-10 + peek=False — theoretical table may not match implementation; edge assertion skipped.
Cut Card (Penetration: 75%) Theoretical Edge %: 0.5150% Cut Card Empiric Edge %: -0.3792%
CSM (Penetration: 0.0%) Theoretical Edge %: 0.4520% CSM Empiric Edge %: -0.2979%
CSM Error: 0.1540%, Cut Card Error: 0.1357%
CSM Speed: 6580593 hands/sec, Cut Card Speed: 11254797 hands/sec

[275/3456] 
=== Starting Regression Test ===
NUM_ROUNDS:  1000000000
NUM_THREADS: 16
Scenario:    decks=2_ss17=True_das=False_sas=4_don=Any_reSplitAces=False_hitSplitAces=False_surr=no_peek=False_bj-pays=1.5
============================

Cut Card (Penetration: 75%) Theoretical Edge %: 0.5035% Cut Card Empiric Edge %: -0.5086%
CSM (Penetration: 0.0%) Theoretical Edge %: 0.4405% CSM Empiric Edge %: -0.4416%
CSM Error: -0.0011%, Cut Card Error: -0.0052%
CSM Speed: 6738227 hands/sec, Cut Card Speed: 11037649 hands/sec

[276/3456] 
=== Starting Regression Test ===
NUM_ROUNDS:  1000000000
NUM_THREADS: 16
Scenario:    decks=2_ss17=True_das=True_sas=4_don=10-11_reSplitAces=False_hitSplitAces=True_surr=2-10_peek=False_bj-pays=1.2
============================

NOTE: surr=2-10 + peek=False — theoretical table may not match implementation; edge assertion skipped.
Cut Card (Penetration: 75%) Theoretical Edge %: 1.7542% Cut Card Empiric Edge %: -1.5979%
CSM (Penetration: 0.0%) Theoretical Edge %: 1.6912% CSM Empiric Edge %: -1.5215%
CSM Error: 0.1697%, Cut Card Error: 0.1564%
CSM Speed: 6415685 hands/sec, Cut Card Speed: 10879144 hands/sec

[277/3456] 
=== Starting Regression Test ===
NUM_ROUNDS:  1000000000
NUM_THREADS: 16
Scenario:    decks=1_ss17=True_das=False_sas=2_don=10-11_reSplitAces=False_hitSplitAces=False_surr=no_peek=False_bj-pays=1.2
============================

Cut Card (Penetration: 75%) Theoretical Edge %: 1.8954% Cut Card Empiric Edge %: -1.8884%
CSM (Penetration: 0.0%) Theoretical Edge %: 1.7824% CSM Empiric Edge %: -1.7863%
CSM Error: -0.0040%, Cut Card Error: 0.0070%
CSM Speed: 8274584 hands/sec, Cut Card Speed: 10471533 hands/sec

[278/3456] 
=== Starting Regression Test ===
NUM_ROUNDS:  1000000000
NUM_THREADS: 16
Scenario:    decks=6_ss17=False_das=False_sas=3_don=9-11_reSplitAces=False_hitSplitAces=False_surr=no_peek=True_bj-pays=1.2
============================

Cut Card (Penetration: 75%) Theoretical Edge %: 2.2468% Cut Card Empiric Edge %: -2.2477%
CSM (Penetration: 0.0%) Theoretical Edge %: 2.2268% CSM Empiric Edge %: -2.2303%
CSM Error: -0.0035%, Cut Card Error: -0.0009%
CSM Speed: 3532146 hands/sec, Cut Card Speed: 11038380 hands/sec

[279/3456] 
=== Starting Regression Test ===
NUM_ROUNDS:  1000000000
NUM_THREADS: 16
Scenario:    decks=6_ss17=True_das=False_sas=2_don=10-11_reSplitAces=True_hitSplitAces=True_surr=yes_peek=True_bj-pays=1.5
============================

NOTE: surr=yes + peek=True — using the available surr=2-10 theoretical edge as a comparison baseline; edge assertion skipped.
Cut Card (Penetration: 75%) Theoretical Edge %: 0.5223% Cut Card Empiric Edge %: -0.5230%
CSM (Penetration: 0.0%) Theoretical Edge %: 0.5023% CSM Empiric Edge %: -0.5006%
CSM Error: 0.0017%, Cut Card Error: -0.0007%
CSM Speed: 3438435 hands/sec, Cut Card Speed: 10537186 hands/sec

[280/3456] 
=== Starting Regression Test ===
NUM_ROUNDS:  1000000000
NUM_THREADS: 16
Scenario:    decks=1_ss17=True_das=True_sas=3_don=9-11_reSplitAces=False_hitSplitAces=False_surr=no_peek=True_bj-pays=1.2
============================

Cut Card (Penetration: 75%) Theoretical Edge %: 1.5105% Cut Card Empiric Edge %: -1.4971%
CSM (Penetration: 0.0%) Theoretical Edge %: 1.3975% CSM Empiric Edge %: -1.3938%
CSM Error: 0.0037%, Cut Card Error: 0.0134%
CSM Speed: 8294350 hands/sec, Cut Card Speed: 10906910 hands/sec

[281/3456] 
=== Starting Regression Test ===
NUM_ROUNDS:  1000000000
NUM_THREADS: 16
Scenario:    decks=1_ss17=False_das=False_sas=2_don=9-11_reSplitAces=False_hitSplitAces=False_surr=2-10_peek=False_bj-pays=1.2
============================

NOTE: surr=2-10 + peek=False — theoretical table may not match implementation; edge assertion skipped.
Cut Card (Penetration: 75%) Theoretical Edge %: 1.9317% Cut Card Empiric Edge %: -1.8165%
CSM (Penetration: 0.0%) Theoretical Edge %: 1.8187% CSM Empiric Edge %: -1.6780%
CSM Error: 0.1407%, Cut Card Error: 0.1152%
CSM Speed: 8253140 hands/sec, Cut Card Speed: 10596812 hands/sec

[282/3456] 
=== Starting Regression Test ===
NUM_ROUNDS:  1000000000
NUM_THREADS: 16
Scenario:    decks=6_ss17=True_das=False_sas=4_don=Any_reSplitAces=True_hitSplitAces=False_surr=no_peek=True_bj-pays=1.5
============================

Cut Card (Penetration: 75%) Theoretical Edge %: 0.4995% Cut Card Empiric Edge %: -0.4950%
CSM (Penetration: 0.0%) Theoretical Edge %: 0.4794% CSM Empiric Edge %: -0.4866%
CSM Error: -0.0072%, Cut Card Error: 0.0045%
CSM Speed: 3446481 hands/sec, Cut Card Speed: 10662572 hands/sec

[283/3456] 
=== Starting Regression Test ===
NUM_ROUNDS:  1000000000
NUM_THREADS: 16
Scenario:    decks=2_ss17=False_das=False_sas=2_don=10-11_reSplitAces=True_hitSplitAces=True_surr=2-10_peek=False_bj-pays=1.2
============================

NOTE: surr=2-10 + peek=False — theoretical table may not match implementation; edge assertion skipped.
Cut Card (Penetration: 75%) Theoretical Edge %: 2.1028% Cut Card Empiric Edge %: -1.9575%
CSM (Penetration: 0.0%) Theoretical Edge %: 2.0398% CSM Empiric Edge %: -1.8896%
CSM Error: 0.1502%, Cut Card Error: 0.1453%
CSM Speed: 6307835 hands/sec, Cut Card Speed: 10752919 hands/sec

[284/3456] 
=== Starting Regression Test ===
NUM_ROUNDS:  1000000000
NUM_THREADS: 16
Scenario:    decks=2_ss17=False_das=False_sas=3_don=10-11_reSplitAces=True_hitSplitAces=True_surr=no_peek=False_bj-pays=1.5
============================

Cut Card (Penetration: 75%) Theoretical Edge %: 0.7407% Cut Card Empiric Edge %: -0.7349%
CSM (Penetration: 0.0%) Theoretical Edge %: 0.6777% CSM Empiric Edge %: -0.6810%
CSM Error: -0.0032%, Cut Card Error: 0.0058%
CSM Speed: 6268296 hands/sec, Cut Card Speed: 10418077 hands/sec

[285/3456] 
=== Starting Regression Test ===
NUM_ROUNDS:  1000000000
NUM_THREADS: 16
Scenario:    decks=6_ss17=False_das=True_sas=2_don=9-11_reSplitAces=True_hitSplitAces=False_surr=2-10_peek=False_bj-pays=1.5
============================

NOTE: surr=2-10 + peek=False — theoretical table may not match implementation; edge assertion skipped.
Cut Card (Penetration: 75%) Theoretical Edge %: 0.8123% Cut Card Empiric Edge %: -0.6614%
CSM (Penetration: 0.0%) Theoretical Edge %: 0.7923% CSM Empiric Edge %: -0.6391%
CSM Error: 0.1532%, Cut Card Error: 0.1509%
CSM Speed: 3387442 hands/sec, Cut Card Speed: 10964792 hands/sec

[286/3456] 
=== Starting Regression Test ===
NUM_ROUNDS:  1000000000
NUM_THREADS: 16
Scenario:    decks=6_ss17=False_das=False_sas=2_don=Any_reSplitAces=True_hitSplitAces=True_surr=no_peek=False_bj-pays=1.2
============================

Cut Card (Penetration: 75%) Theoretical Edge %: 2.1147% Cut Card Empiric Edge %: -2.1208%
CSM (Penetration: 0.0%) Theoretical Edge %: 2.0947% CSM Empiric Edge %: -2.0952%
CSM Error: -0.0005%, Cut Card Error: -0.0061%
CSM Speed: 3523894 hands/sec, Cut Card Speed: 10617402 hands/sec

[287/3456] 
=== Starting Regression Test ===
NUM_ROUNDS:  1000000000
NUM_THREADS: 16
Scenario:    decks=1_ss17=True_das=False_sas=2_don=Any_reSplitAces=True_hitSplitAces=False_surr=no_peek=False_bj-pays=1.2
============================

Cut Card (Penetration: 75%) Theoretical Edge %: 1.6274% Cut Card Empiric Edge %: -1.6275%
CSM (Penetration: 0.0%) Theoretical Edge %: 1.5144% CSM Empiric Edge %: -1.5179%
CSM Error: -0.0035%, Cut Card Error: -0.0001%
CSM Speed: 8718092 hands/sec, Cut Card Speed: 11700696 hands/sec

[288/3456] 
=== Starting Regression Test ===
NUM_ROUNDS:  1000000000
NUM_THREADS: 16
Scenario:    decks=2_ss17=False_das=False_sas=4_don=9-11_reSplitAces=False_hitSplitAces=True_surr=no_peek=False_bj-pays=1.2
============================

Cut Card (Penetration: 75%) Theoretical Edge %: 2.0471% Cut Card Empiric Edge %: -2.0429%
CSM (Penetration: 0.0%) Theoretical Edge %: 1.9841% CSM Empiric Edge %: -1.9882%
CSM Error: -0.0041%, Cut Card Error: 0.0042%
CSM Speed: 6383617 hands/sec, Cut Card Speed: 10955302 hands/sec

[289/3456] 
=== Starting Regression Test ===
NUM_ROUNDS:  1000000000
NUM_THREADS: 16
Scenario:    decks=1_ss17=True_das=False_sas=4_don=10-11_reSplitAces=False_hitSplitAces=False_surr=no_peek=False_bj-pays=1.2
============================

Cut Card (Penetration: 75%) Theoretical Edge %: 1.8788% Cut Card Empiric Edge %: -1.8758%
CSM (Penetration: 0.0%) Theoretical Edge %: 1.7658% CSM Empiric Edge %: -1.7653%
CSM Error: 0.0005%, Cut Card Error: 0.0030%
CSM Speed: 8143190 hands/sec, Cut Card Speed: 10561223 hands/sec

[290/3456] 
=== Starting Regression Test ===
NUM_ROUNDS:  1000000000
NUM_THREADS: 16
Scenario:    decks=1_ss17=False_das=False_sas=4_don=10-11_reSplitAces=False_hitSplitAces=False_surr=2-10_peek=False_bj-pays=1.2
============================

NOTE: surr=2-10 + peek=False — theoretical table may not match implementation; edge assertion skipped.
Cut Card (Penetration: 75%) Theoretical Edge %: 2.0459% Cut Card Empiric Edge %: -1.9271%
CSM (Penetration: 0.0%) Theoretical Edge %: 1.9329% CSM Empiric Edge %: -1.7967%
CSM Error: 0.1362%, Cut Card Error: 0.1189%
CSM Speed: 8187728 hands/sec, Cut Card Speed: 10983218 hands/sec

[291/3456] 
=== Starting Regression Test ===
NUM_ROUNDS:  1000000000
NUM_THREADS: 16
Scenario:    decks=1_ss17=True_das=True_sas=3_don=Any_reSplitAces=False_hitSplitAces=False_surr=2-10_peek=False_bj-pays=1.5
============================

NOTE: surr=2-10 + peek=False — theoretical table may not match implementation; edge assertion skipped.
Cut Card (Penetration: 75%) Theoretical Edge %: 0.0546% Cut Card Empiric Edge %: 0.0554%
CSM (Penetration: 0.0%) Theoretical Edge %: -0.0584% CSM Empiric Edge %: 0.2091%
CSM Error: 0.1507%, Cut Card Error: 0.1100%
CSM Speed: 8532933 hands/sec, Cut Card Speed: 11164826 hands/sec

[292/3456] 
=== Starting Regression Test ===
NUM_ROUNDS:  1000000000
NUM_THREADS: 16
Scenario:    decks=1_ss17=False_das=True_sas=3_don=9-11_reSplitAces=True_hitSplitAces=False_surr=no_peek=True_bj-pays=1.2
============================

Cut Card (Penetration: 75%) Theoretical Edge %: 1.6814% Cut Card Empiric Edge %: -1.6783%
CSM (Penetration: 0.0%) Theoretical Edge %: 1.5684% CSM Empiric Edge %: -1.5680%
CSM Error: 0.0004%, Cut Card Error: 0.0031%
CSM Speed: 8393064 hands/sec, Cut Card Speed: 11228890 hands/sec

[293/3456] 
=== Starting Regression Test ===
NUM_ROUNDS:  1000000000
NUM_THREADS: 16
Scenario:    decks=1_ss17=True_das=False_sas=2_don=Any_reSplitAces=False_hitSplitAces=True_surr=yes_peek=True_bj-pays=1.2
============================

NOTE: surr=yes + peek=True — using the available surr=2-10 theoretical edge as a comparison baseline; edge assertion skipped.
Cut Card (Penetration: 75%) Theoretical Edge %: 1.3687% Cut Card Empiric Edge %: -1.3758%
CSM (Penetration: 0.0%) Theoretical Edge %: 1.2557% CSM Empiric Edge %: -1.2590%
CSM Error: -0.0032%, Cut Card Error: -0.0070%
CSM Speed: 8863048 hands/sec, Cut Card Speed: 11683062 hands/sec

[294/3456] 
=== Starting Regression Test ===
NUM_ROUNDS:  1000000000
NUM_THREADS: 16
Scenario:    decks=6_ss17=True_das=False_sas=4_don=Any_reSplitAces=False_hitSplitAces=True_surr=yes_peek=True_bj-pays=1.5
============================

NOTE: surr=yes + peek=True — using the available surr=2-10 theoretical edge as a comparison baseline; edge assertion skipped.
Cut Card (Penetration: 75%) Theoretical Edge %: 0.3149% Cut Card Empiric Edge %: -0.3247%
CSM (Penetration: 0.0%) Theoretical Edge %: 0.2949% CSM Empiric Edge %: -0.2996%
CSM Error: -0.0048%, Cut Card Error: -0.0098%
CSM Speed: 3441263 hands/sec, Cut Card Speed: 11150261 hands/sec

[295/3456] 
=== Starting Regression Test ===
NUM_ROUNDS:  1000000000
NUM_THREADS: 16
Scenario:    decks=2_ss17=False_das=True_sas=2_don=10-11_reSplitAces=False_hitSplitAces=False_surr=yes_peek=True_bj-pays=1.5
============================

NOTE: surr=yes + peek=True — using the available surr=2-10 theoretical edge as a comparison baseline; edge assertion skipped.
Cut Card (Penetration: 75%) Theoretical Edge %: 0.6689% Cut Card Empiric Edge %: -0.6697%
CSM (Penetration: 0.0%) Theoretical Edge %: 0.6059% CSM Empiric Edge %: -0.6138%
CSM Error: -0.0079%, Cut Card Error: -0.0008%
CSM Speed: 6344051 hands/sec, Cut Card Speed: 10756389 hands/sec

[296/3456] 
=== Starting Regression Test ===
NUM_ROUNDS:  1000000000
NUM_THREADS: 16
Scenario:    decks=6_ss17=True_das=False_sas=3_don=9-11_reSplitAces=True_hitSplitAces=False_surr=yes_peek=True_bj-pays=1.5
============================

NOTE: surr=yes + peek=True — using the available surr=2-10 theoretical edge as a comparison baseline; edge assertion skipped.
Cut Card (Penetration: 75%) Theoretical Edge %: 0.5324% Cut Card Empiric Edge %: -0.5344%
CSM (Penetration: 0.0%) Theoretical Edge %: 0.5124% CSM Empiric Edge %: -0.5072%
CSM Error: 0.0052%, Cut Card Error: -0.0020%
CSM Speed: 3464439 hands/sec, Cut Card Speed: 10994206 hands/sec

[297/3456] 
=== Starting Regression Test ===
NUM_ROUNDS:  1000000000
NUM_THREADS: 16
Scenario:    decks=6_ss17=False_das=True_sas=3_don=9-11_reSplitAces=True_hitSplitAces=False_surr=2-10_peek=False_bj-pays=1.5
============================

NOTE: surr=2-10 + peek=False — theoretical table may not match implementation; edge assertion skipped.
Cut Card (Penetration: 75%) Theoretical Edge %: 0.7165% Cut Card Empiric Edge %: -0.5673%
CSM (Penetration: 0.0%) Theoretical Edge %: 0.6965% CSM Empiric Edge %: -0.5437%
CSM Error: 0.1528%, Cut Card Error: 0.1491%
CSM Speed: 3502652 hands/sec, Cut Card Speed: 10663823 hands/sec

[298/3456] 
=== Starting Regression Test ===
NUM_ROUNDS:  1000000000
NUM_THREADS: 16
Scenario:    decks=1_ss17=False_das=False_sas=2_don=Any_reSplitAces=False_hitSplitAces=True_surr=no_peek=False_bj-pays=1.2
============================

Cut Card (Penetration: 75%) Theoretical Edge %: 1.6984% Cut Card Empiric Edge %: -1.7042%
CSM (Penetration: 0.0%) Theoretical Edge %: 1.5854% CSM Empiric Edge %: -1.5877%
CSM Error: -0.0023%, Cut Card Error: -0.0058%
CSM Speed: 8505354 hands/sec, Cut Card Speed: 11344686 hands/sec

[299/3456] 
=== Starting Regression Test ===
NUM_ROUNDS:  1000000000
NUM_THREADS: 16
Scenario:    decks=1_ss17=True_das=True_sas=2_don=9-11_reSplitAces=False_hitSplitAces=False_surr=no_peek=True_bj-pays=1.5
============================

Cut Card (Penetration: 75%) Theoretical Edge %: 0.1429% Cut Card Empiric Edge %: -0.1403%
CSM (Penetration: 0.0%) Theoretical Edge %: 0.0299% CSM Empiric Edge %: -0.0283%
CSM Error: 0.0016%, Cut Card Error: 0.0026%
CSM Speed: 8831270 hands/sec, Cut Card Speed: 11742878 hands/sec

[300/3456] 
=== Starting Regression Test ===
NUM_ROUNDS:  1000000000
NUM_THREADS: 16
Scenario:    decks=6_ss17=True_das=False_sas=4_don=9-11_reSplitAces=True_hitSplitAces=True_surr=yes_peek=True_bj-pays=1.2
============================

NOTE: surr=yes + peek=True — using the available surr=2-10 theoretical edge as a comparison baseline; edge assertion skipped.
Cut Card (Penetration: 75%) Theoretical Edge %: 1.7062% Cut Card Empiric Edge %: -1.7073%
CSM (Penetration: 0.0%) Theoretical Edge %: 1.6862% CSM Empiric Edge %: -1.6914%
CSM Error: -0.0052%, Cut Card Error: -0.0011%
CSM Speed: 3419563 hands/sec, Cut Card Speed: 10913337 hands/sec

[301/3456] 
=== Starting Regression Test ===
NUM_ROUNDS:  1000000000
NUM_THREADS: 16
Scenario:    decks=1_ss17=True_das=True_sas=2_don=Any_reSplitAces=False_hitSplitAces=True_surr=2-10_peek=False_bj-pays=1.2
============================

NOTE: surr=2-10 + peek=False — theoretical table may not match implementation; edge assertion skipped.
Cut Card (Penetration: 75%) Theoretical Edge %: 1.3381% Cut Card Empiric Edge %: -1.2232%
CSM (Penetration: 0.0%) Theoretical Edge %: 1.2251% CSM Empiric Edge %: -1.0726%
CSM Error: 0.1525%, Cut Card Error: 0.1149%
CSM Speed: 8651043 hands/sec, Cut Card Speed: 10880801 hands/sec

[302/3456] 
=== Starting Regression Test ===
NUM_ROUNDS:  1000000000
NUM_THREADS: 16
Scenario:    decks=6_ss17=True_das=False_sas=2_don=10-11_reSplitAces=True_hitSplitAces=True_surr=no_peek=True_bj-pays=1.2
============================

Cut Card (Penetration: 75%) Theoretical Edge %: 1.9546% Cut Card Empiric Edge %: -1.9493%
CSM (Penetration: 0.0%) Theoretical Edge %: 1.9345% CSM Empiric Edge %: -1.9355%
CSM Error: -0.0010%, Cut Card Error: 0.0052%
CSM Speed: 3541076 hands/sec, Cut Card Speed: 11312217 hands/sec

[303/3456] 
=== Starting Regression Test ===
NUM_ROUNDS:  1000000000
NUM_THREADS: 16
Scenario:    decks=1_ss17=True_das=False_sas=2_don=Any_reSplitAces=False_hitSplitAces=False_surr=2-10_peek=False_bj-pays=1.2
============================

NOTE: surr=2-10 + peek=False — theoretical table may not match implementation; edge assertion skipped.
Cut Card (Penetration: 75%) Theoretical Edge %: 1.6038% Cut Card Empiric Edge %: -1.4745%
CSM (Penetration: 0.0%) Theoretical Edge %: 1.4908% CSM Empiric Edge %: -1.3347%
CSM Error: 0.1561%, Cut Card Error: 0.1293%
CSM Speed: 8620615 hands/sec, Cut Card Speed: 11700149 hands/sec

[304/3456] 
=== Starting Regression Test ===
NUM_ROUNDS:  1000000000
NUM_THREADS: 16
Scenario:    decks=6_ss17=False_das=True_sas=3_don=Any_reSplitAces=False_hitSplitAces=True_surr=no_peek=True_bj-pays=1.5
============================

Cut Card (Penetration: 75%) Theoretical Edge %: 0.4624% Cut Card Empiric Edge %: -0.4686%
CSM (Penetration: 0.0%) Theoretical Edge %: 0.4424% CSM Empiric Edge %: -0.4412%
CSM Error: 0.0012%, Cut Card Error: -0.0062%
CSM Speed: 3425972 hands/sec, Cut Card Speed: 10820637 hands/sec

[305/3456] 
=== Starting Regression Test ===
NUM_ROUNDS:  1000000000
NUM_THREADS: 16
Scenario:    decks=1_ss17=True_das=True_sas=3_don=Any_reSplitAces=True_hitSplitAces=False_surr=no_peek=True_bj-pays=1.2
============================

Cut Card (Penetration: 75%) Theoretical Edge %: 1.3350% Cut Card Empiric Edge %: -1.3363%
CSM (Penetration: 0.0%) Theoretical Edge %: 1.2220% CSM Empiric Edge %: -1.2284%
CSM Error: -0.0063%, Cut Card Error: -0.0013%
CSM Speed: 8545402 hands/sec, Cut Card Speed: 11587486 hands/sec

[306/3456] 
=== Starting Regression Test ===
NUM_ROUNDS:  1000000000
NUM_THREADS: 16
Scenario:    decks=2_ss17=False_das=True_sas=3_don=9-11_reSplitAces=False_hitSplitAces=False_surr=2-10_peek=False_bj-pays=1.5
============================

NOTE: surr=2-10 + peek=False — theoretical table may not match implementation; edge assertion skipped.
Cut Card (Penetration: 75%) Theoretical Edge %: 0.6259% Cut Card Empiric Edge %: -0.4932%
CSM (Penetration: 0.0%) Theoretical Edge %: 0.5629% CSM Empiric Edge %: -0.4116%
CSM Error: 0.1513%, Cut Card Error: 0.1327%
CSM Speed: 6502627 hands/sec, Cut Card Speed: 10371292 hands/sec

[307/3456] 
=== Starting Regression Test ===
NUM_ROUNDS:  1000000000
NUM_THREADS: 16
Scenario:    decks=6_ss17=True_das=True_sas=3_don=9-11_reSplitAces=False_hitSplitAces=True_surr=no_peek=False_bj-pays=1.2
============================

Cut Card (Penetration: 75%) Theoretical Edge %: 1.8290% Cut Card Empiric Edge %: -1.8334%
CSM (Penetration: 0.0%) Theoretical Edge %: 1.8090% CSM Empiric Edge %: -1.8161%
CSM Error: -0.0072%, Cut Card Error: -0.0044%
CSM Speed: 3475456 hands/sec, Cut Card Speed: 10920130 hands/sec

[308/3456] 
=== Starting Regression Test ===
NUM_ROUNDS:  1000000000
NUM_THREADS: 16
Scenario:    decks=1_ss17=False_das=True_sas=4_don=Any_reSplitAces=True_hitSplitAces=False_surr=yes_peek=True_bj-pays=1.5
============================

NOTE: surr=yes + peek=True — using the available surr=2-10 theoretical edge as a comparison baseline; edge assertion skipped.
Cut Card (Penetration: 75%) Theoretical Edge %: 0.0893% Cut Card Empiric Edge %: -0.1145%
CSM (Penetration: 0.0%) Theoretical Edge %: -0.0237% CSM Empiric Edge %: 0.0120%
CSM Error: -0.0117%, Cut Card Error: -0.0252%
CSM Speed: 8780402 hands/sec, Cut Card Speed: 11852976 hands/sec

[309/3456] 
=== Starting Regression Test ===
NUM_ROUNDS:  1000000000
NUM_THREADS: 16
Scenario:    decks=2_ss17=True_das=False_sas=2_don=10-11_reSplitAces=False_hitSplitAces=True_surr=yes_peek=True_bj-pays=1.5
============================

NOTE: surr=yes + peek=True — using the available surr=2-10 theoretical edge as a comparison baseline; edge assertion skipped.
Cut Card (Penetration: 75%) Theoretical Edge %: 0.4205% Cut Card Empiric Edge %: -0.4164%
CSM (Penetration: 0.0%) Theoretical Edge %: 0.3575% CSM Empiric Edge %: -0.3606%
CSM Error: -0.0031%, Cut Card Error: 0.0041%
CSM Speed: 6535862 hands/sec, Cut Card Speed: 10444301 hands/sec

[310/3456] 
=== Starting Regression Test ===
NUM_ROUNDS:  1000000000
NUM_THREADS: 16
Scenario:    decks=2_ss17=False_das=False_sas=2_don=Any_reSplitAces=False_hitSplitAces=False_surr=no_peek=True_bj-pays=1.5
============================

Cut Card (Penetration: 75%) Theoretical Edge %: 0.6291% Cut Card Empiric Edge %: -0.6207%
CSM (Penetration: 0.0%) Theoretical Edge %: 0.5661% CSM Empiric Edge %: -0.5612%
CSM Error: 0.0048%, Cut Card Error: 0.0084%
CSM Speed: 6765168 hands/sec, Cut Card Speed: 11441255 hands/sec

[311/3456] 
=== Starting Regression Test ===
NUM_ROUNDS:  1000000000
NUM_THREADS: 16
Scenario:    decks=6_ss17=False_das=True_sas=4_don=10-11_reSplitAces=False_hitSplitAces=True_surr=no_peek=True_bj-pays=1.5
============================

Cut Card (Penetration: 75%) Theoretical Edge %: 0.6620% Cut Card Empiric Edge %: -0.6620%
CSM (Penetration: 0.0%) Theoretical Edge %: 0.6420% CSM Empiric Edge %: -0.6445%
CSM Error: -0.0024%, Cut Card Error: 0.0000%
CSM Speed: 3494549 hands/sec, Cut Card Speed: 10961307 hands/sec

[312/3456] 
=== Starting Regression Test ===
NUM_ROUNDS:  1000000000
NUM_THREADS: 16
Scenario:    decks=2_ss17=False_das=False_sas=2_don=Any_reSplitAces=False_hitSplitAces=False_surr=2-10_peek=False_bj-pays=1.5
============================

NOTE: surr=2-10 + peek=False — theoretical table may not match implementation; edge assertion skipped.
Cut Card (Penetration: 75%) Theoretical Edge %: 0.6678% Cut Card Empiric Edge %: -0.5302%
CSM (Penetration: 0.0%) Theoretical Edge %: 0.6048% CSM Empiric Edge %: -0.4520%
CSM Error: 0.1527%, Cut Card Error: 0.1376%
CSM Speed: 6775527 hands/sec, Cut Card Speed: 11267352 hands/sec

[313/3456] 
=== Starting Regression Test ===
NUM_ROUNDS:  1000000000
NUM_THREADS: 16
Scenario:    decks=1_ss17=False_das=True_sas=3_don=9-11_reSplitAces=True_hitSplitAces=True_surr=yes_peek=True_bj-pays=1.5
============================

NOTE: surr=yes + peek=True — using the available surr=2-10 theoretical edge as a comparison baseline; edge assertion skipped.
Cut Card (Penetration: 75%) Theoretical Edge %: 0.1240% Cut Card Empiric Edge %: -0.1374%
CSM (Penetration: 0.0%) Theoretical Edge %: 0.0110% CSM Empiric Edge %: -0.0123%
CSM Error: -0.0013%, Cut Card Error: -0.0134%
CSM Speed: 8268905 hands/sec, Cut Card Speed: 11747292 hands/sec

[314/3456] 
=== Starting Regression Test ===
NUM_ROUNDS:  1000000000
NUM_THREADS: 16
Scenario:    decks=1_ss17=False_das=False_sas=2_don=Any_reSplitAces=False_hitSplitAces=False_surr=2-10_peek=False_bj-pays=1.2
============================

NOTE: surr=2-10 + peek=False — theoretical table may not match implementation; edge assertion skipped.
Cut Card (Penetration: 75%) Theoretical Edge %: 1.7860% Cut Card Empiric Edge %: -1.6872%
CSM (Penetration: 0.0%) Theoretical Edge %: 1.6730% CSM Empiric Edge %: -1.5326%
CSM Error: 0.1404%, Cut Card Error: 0.0989%
CSM Speed: 8923393 hands/sec, Cut Card Speed: 11719208 hands/sec

[315/3456] 
=== Starting Regression Test ===
NUM_ROUNDS:  1000000000
NUM_THREADS: 16
Scenario:    decks=2_ss17=True_das=True_sas=4_don=Any_reSplitAces=True_hitSplitAces=True_surr=no_peek=True_bj-pays=1.2
============================

Cut Card (Penetration: 75%) Theoretical Edge %: 1.4152% Cut Card Empiric Edge %: -1.4122%
CSM (Penetration: 0.0%) Theoretical Edge %: 1.3522% CSM Empiric Edge %: -1.3587%
CSM Error: -0.0065%, Cut Card Error: 0.0031%
CSM Speed: 6929431 hands/sec, Cut Card Speed: 11556151 hands/sec

[316/3456] 
=== Starting Regression Test ===
NUM_ROUNDS:  1000000000
NUM_THREADS: 16
Scenario:    decks=6_ss17=True_das=True_sas=2_don=9-11_reSplitAces=False_hitSplitAces=False_surr=no_peek=False_bj-pays=1.2
============================

Cut Card (Penetration: 75%) Theoretical Edge %: 2.0440% Cut Card Empiric Edge %: -2.0425%
CSM (Penetration: 0.0%) Theoretical Edge %: 2.0240% CSM Empiric Edge %: -2.0236%
CSM Error: 0.0004%, Cut Card Error: 0.0014%
CSM Speed: 3598805 hands/sec, Cut Card Speed: 10852579 hands/sec

[317/3456] 
=== Starting Regression Test ===
NUM_ROUNDS:  1000000000
NUM_THREADS: 16
Scenario:    decks=6_ss17=False_das=True_sas=4_don=10-11_reSplitAces=False_hitSplitAces=True_surr=no_peek=True_bj-pays=1.2
============================

Cut Card (Penetration: 75%) Theoretical Edge %: 2.0217% Cut Card Empiric Edge %: -2.0179%
CSM (Penetration: 0.0%) Theoretical Edge %: 2.0017% CSM Empiric Edge %: -2.0015%
CSM Error: 0.0002%, Cut Card Error: 0.0038%
CSM Speed: 3535380 hands/sec, Cut Card Speed: 11035700 hands/sec

[318/3456] 
=== Starting Regression Test ===
NUM_ROUNDS:  1000000000
NUM_THREADS: 16
Scenario:    decks=1_ss17=False_das=True_sas=2_don=10-11_reSplitAces=False_hitSplitAces=True_surr=no_peek=True_bj-pays=1.5
============================

Cut Card (Penetration: 75%) Theoretical Edge %: 0.3589% Cut Card Empiric Edge %: -0.3583%
CSM (Penetration: 0.0%) Theoretical Edge %: 0.2459% CSM Empiric Edge %: -0.2456%
CSM Error: 0.0003%, Cut Card Error: 0.0007%
CSM Speed: 8998470 hands/sec, Cut Card Speed: 11811396 hands/sec

[319/3456] 
=== Starting Regression Test ===
NUM_ROUNDS:  1000000000
NUM_THREADS: 16
Scenario:    decks=1_ss17=True_das=True_sas=2_don=9-11_reSplitAces=True_hitSplitAces=True_surr=no_peek=False_bj-pays=1.2
============================

Cut Card (Penetration: 75%) Theoretical Edge %: 1.5158% Cut Card Empiric Edge %: -1.5029%
CSM (Penetration: 0.0%) Theoretical Edge %: 1.4028% CSM Empiric Edge %: -1.4079%
CSM Error: -0.0051%, Cut Card Error: 0.0129%
CSM Speed: 9018596 hands/sec, Cut Card Speed: 11353444 hands/sec

[320/3456] 
=== Starting Regression Test ===
NUM_ROUNDS:  1000000000
NUM_THREADS: 16
Scenario:    decks=6_ss17=True_das=False_sas=4_don=10-11_reSplitAces=True_hitSplitAces=True_surr=no_peek=True_bj-pays=1.2
============================

Cut Card (Penetration: 75%) Theoretical Edge %: 1.8630% Cut Card Empiric Edge %: -1.8669%
CSM (Penetration: 0.0%) Theoretical Edge %: 1.8430% CSM Empiric Edge %: -1.8385%
CSM Error: 0.0045%, Cut Card Error: -0.0039%
CSM Speed: 3580738 hands/sec, Cut Card Speed: 11529637 hands/sec

[321/3456] 
=== Starting Regression Test ===
NUM_ROUNDS:  1000000000
NUM_THREADS: 16
Scenario:    decks=6_ss17=False_das=True_sas=3_don=Any_reSplitAces=True_hitSplitAces=False_surr=no_peek=True_bj-pays=1.5
============================

Cut Card (Penetration: 75%) Theoretical Edge %: 0.5900% Cut Card Empiric Edge %: -0.5887%
CSM (Penetration: 0.0%) Theoretical Edge %: 0.5700% CSM Empiric Edge %: -0.5707%
CSM Error: -0.0006%, Cut Card Error: 0.0013%
CSM Speed: 3533569 hands/sec, Cut Card Speed: 11527909 hands/sec

[322/3456] 
=== Starting Regression Test ===
NUM_ROUNDS:  1000000000
NUM_THREADS: 16
Scenario:    decks=2_ss17=False_das=False_sas=2_don=Any_reSplitAces=False_hitSplitAces=False_surr=no_peek=True_bj-pays=1.2
============================

Cut Card (Penetration: 75%) Theoretical Edge %: 2.0026% Cut Card Empiric Edge %: -1.9962%
CSM (Penetration: 0.0%) Theoretical Edge %: 1.9396% CSM Empiric Edge %: -1.9412%
CSM Error: -0.0016%, Cut Card Error: 0.0063%
CSM Speed: 6859746 hands/sec, Cut Card Speed: 11432491 hands/sec

[323/3456] 
=== Starting Regression Test ===
NUM_ROUNDS:  1000000000
NUM_THREADS: 16
Scenario:    decks=6_ss17=False_das=True_sas=3_don=9-11_reSplitAces=False_hitSplitAces=False_surr=yes_peek=True_bj-pays=1.2
============================

NOTE: surr=yes + peek=True — using the available surr=2-10 theoretical edge as a comparison baseline; edge assertion skipped.
Cut Card (Penetration: 75%) Theoretical Edge %: 2.0245% Cut Card Empiric Edge %: -2.0302%
CSM (Penetration: 0.0%) Theoretical Edge %: 2.0045% CSM Empiric Edge %: -2.0056%
CSM Error: -0.0011%, Cut Card Error: -0.0057%
CSM Speed: 3590007 hands/sec, Cut Card Speed: 11249733 hands/sec

[324/3456] 
=== Starting Regression Test ===
NUM_ROUNDS:  1000000000
NUM_THREADS: 16
Scenario:    decks=1_ss17=False_das=True_sas=4_don=9-11_reSplitAces=False_hitSplitAces=True_surr=no_peek=False_bj-pays=1.5
============================

Cut Card (Penetration: 75%) Theoretical Edge %: 0.3007% Cut Card Empiric Edge %: -0.3076%
CSM (Penetration: 0.0%) Theoretical Edge %: 0.1877% CSM Empiric Edge %: -0.1836%
CSM Error: 0.0041%, Cut Card Error: -0.0069%
CSM Speed: 8638563 hands/sec, Cut Card Speed: 11410575 hands/sec

[325/3456] 
=== Starting Regression Test ===
NUM_ROUNDS:  1000000000
NUM_THREADS: 16
Scenario:    decks=2_ss17=False_das=False_sas=3_don=10-11_reSplitAces=True_hitSplitAces=True_surr=yes_peek=True_bj-pays=1.5
============================

NOTE: surr=yes + peek=True — using the available surr=2-10 theoretical edge as a comparison baseline; edge assertion skipped.
Cut Card (Penetration: 75%) Theoretical Edge %: 0.5570% Cut Card Empiric Edge %: -0.5612%
CSM (Penetration: 0.0%) Theoretical Edge %: 0.4940% CSM Empiric Edge %: -0.4901%
CSM Error: 0.0039%, Cut Card Error: -0.0041%
CSM Speed: 6805962 hands/sec, Cut Card Speed: 11249606 hands/sec

[326/3456] 
=== Starting Regression Test ===
NUM_ROUNDS:  1000000000
NUM_THREADS: 16
Scenario:    decks=6_ss17=False_das=True_sas=3_don=Any_reSplitAces=True_hitSplitAces=True_surr=no_peek=False_bj-pays=1.2
============================

Cut Card (Penetration: 75%) Theoretical Edge %: 1.8943% Cut Card Empiric Edge %: -1.9015%
CSM (Penetration: 0.0%) Theoretical Edge %: 1.8743% CSM Empiric Edge %: -1.8743%
CSM Error: -0.0000%, Cut Card Error: -0.0072%
CSM Speed: 3621811 hands/sec, Cut Card Speed: 10997712 hands/sec

[327/3456] 
=== Starting Regression Test ===
NUM_ROUNDS:  1000000000
NUM_THREADS: 16
Scenario:    decks=6_ss17=False_das=False_sas=4_don=Any_reSplitAces=True_hitSplitAces=True_surr=2-10_peek=False_bj-pays=1.5
============================

NOTE: surr=2-10 + peek=False — theoretical table may not match implementation; edge assertion skipped.
Cut Card (Penetration: 75%) Theoretical Edge %: 0.5749% Cut Card Empiric Edge %: -0.4330%
CSM (Penetration: 0.0%) Theoretical Edge %: 0.5549% CSM Empiric Edge %: -0.4040%
CSM Error: 0.1509%, Cut Card Error: 0.1419%
CSM Speed: 3685345 hands/sec, Cut Card Speed: 11538683 hands/sec

[328/3456] 
=== Starting Regression Test ===
NUM_ROUNDS:  1000000000
NUM_THREADS: 16
Scenario:    decks=1_ss17=False_das=False_sas=2_don=Any_reSplitAces=False_hitSplitAces=False_surr=yes_peek=True_bj-pays=1.5
============================

NOTE: surr=yes + peek=True — using the available surr=2-10 theoretical edge as a comparison baseline; edge assertion skipped.
Cut Card (Penetration: 75%) Theoretical Edge %: 0.2825% Cut Card Empiric Edge %: -0.3064%
CSM (Penetration: 0.0%) Theoretical Edge %: 0.1695% CSM Empiric Edge %: -0.1733%
CSM Error: -0.0039%, Cut Card Error: -0.0240%
CSM Speed: 8898539 hands/sec, Cut Card Speed: 12070589 hands/sec

[329/3456] 
=== Starting Regression Test ===
NUM_ROUNDS:  1000000000
NUM_THREADS: 16
Scenario:    decks=2_ss17=False_das=True_sas=2_don=9-11_reSplitAces=True_hitSplitAces=True_surr=no_peek=False_bj-pays=1.5
============================

Cut Card (Penetration: 75%) Theoretical Edge %: 0.5810% Cut Card Empiric Edge %: -0.5769%
CSM (Penetration: 0.0%) Theoretical Edge %: 0.5180% CSM Empiric Edge %: -0.5207%
CSM Error: -0.0027%, Cut Card Error: 0.0042%
CSM Speed: 6611658 hands/sec, Cut Card Speed: 11442957 hands/sec

[330/3456] 
=== Starting Regression Test ===
NUM_ROUNDS:  1000000000
NUM_THREADS: 16
Scenario:    decks=2_ss17=False_das=False_sas=4_don=10-11_reSplitAces=False_hitSplitAces=True_surr=yes_peek=True_bj-pays=1.2
============================

NOTE: surr=yes + peek=True — using the available surr=2-10 theoretical edge as a comparison baseline; edge assertion skipped.
Cut Card (Penetration: 75%) Theoretical Edge %: 1.9660% Cut Card Empiric Edge %: -1.9635%
CSM (Penetration: 0.0%) Theoretical Edge %: 1.9030% CSM Empiric Edge %: -1.9026%
CSM Error: 0.0005%, Cut Card Error: 0.0025%
CSM Speed: 6775986 hands/sec, Cut Card Speed: 11615076 hands/sec

[331/3456] 
=== Starting Regression Test ===
NUM_ROUNDS:  1000000000
NUM_THREADS: 16
Scenario:    decks=1_ss17=False_das=False_sas=4_don=10-11_reSplitAces=False_hitSplitAces=True_surr=yes_peek=True_bj-pays=1.5
============================

NOTE: surr=yes + peek=True — using the available surr=2-10 theoretical edge as a comparison baseline; edge assertion skipped.
Cut Card (Penetration: 75%) Theoretical Edge %: 0.4117% Cut Card Empiric Edge %: -0.4237%
CSM (Penetration: 0.0%) Theoretical Edge %: 0.2987% CSM Empiric Edge %: -0.2965%
CSM Error: 0.0022%, Cut Card Error: -0.0120%
CSM Speed: 8913450 hands/sec, Cut Card Speed: 11156356 hands/sec

[332/3456] 
=== Starting Regression Test ===
NUM_ROUNDS:  1000000000
NUM_THREADS: 16
Scenario:    decks=6_ss17=False_das=True_sas=4_don=9-11_reSplitAces=False_hitSplitAces=False_surr=2-10_peek=False_bj-pays=1.5
============================

NOTE: surr=2-10 + peek=False — theoretical table may not match implementation; edge assertion skipped.
Cut Card (Penetration: 75%) Theoretical Edge %: 0.7614% Cut Card Empiric Edge %: -0.6089%
CSM (Penetration: 0.0%) Theoretical Edge %: 0.7414% CSM Empiric Edge %: -0.5869%
CSM Error: 0.1546%, Cut Card Error: 0.1525%
CSM Speed: 3573611 hands/sec, Cut Card Speed: 11229394 hands/sec

[333/3456] 
=== Starting Regression Test ===
NUM_ROUNDS:  1000000000
NUM_THREADS: 16
Scenario:    decks=6_ss17=False_das=False_sas=3_don=10-11_reSplitAces=False_hitSplitAces=True_surr=yes_peek=True_bj-pays=1.5
============================

NOTE: surr=yes + peek=True — using the available surr=2-10 theoretical edge as a comparison baseline; edge assertion skipped.
Cut Card (Penetration: 75%) Theoretical Edge %: 0.7045% Cut Card Empiric Edge %: -0.7017%
CSM (Penetration: 0.0%) Theoretical Edge %: 0.6845% CSM Empiric Edge %: -0.6876%
CSM Error: -0.0031%, Cut Card Error: 0.0028%
CSM Speed: 3613944 hands/sec, Cut Card Speed: 11121120 hands/sec

[334/3456] 
=== Starting Regression Test ===
NUM_ROUNDS:  1000000000
NUM_THREADS: 16
Scenario:    decks=1_ss17=False_das=False_sas=2_don=10-11_reSplitAces=True_hitSplitAces=True_surr=2-10_peek=False_bj-pays=1.2
============================

NOTE: surr=2-10 + peek=False — theoretical table may not match implementation; edge assertion skipped.
Cut Card (Penetration: 75%) Theoretical Edge %: 1.9347% Cut Card Empiric Edge %: -1.8178%
CSM (Penetration: 0.0%) Theoretical Edge %: 1.8217% CSM Empiric Edge %: -1.6824%
CSM Error: 0.1393%, Cut Card Error: 0.1169%
CSM Speed: 8495960 hands/sec, Cut Card Speed: 10784229 hands/sec

[335/3456] 
=== Starting Regression Test ===
NUM_ROUNDS:  1000000000
NUM_THREADS: 16
Scenario:    decks=2_ss17=False_das=False_sas=4_don=9-11_reSplitAces=True_hitSplitAces=False_surr=2-10_peek=False_bj-pays=1.2
============================

NOTE: surr=2-10 + peek=False — theoretical table may not match implementation; edge assertion skipped.
Cut Card (Penetration: 75%) Theoretical Edge %: 2.0787% Cut Card Empiric Edge %: -1.9372%
CSM (Penetration: 0.0%) Theoretical Edge %: 2.0158% CSM Empiric Edge %: -1.8580%
CSM Error: 0.1577%, Cut Card Error: 0.1416%
CSM Speed: 6851427 hands/sec, Cut Card Speed: 10843870 hands/sec

[336/3456] 
=== Starting Regression Test ===
NUM_ROUNDS:  1000000000
NUM_THREADS: 16
Scenario:    decks=2_ss17=False_das=False_sas=2_don=10-11_reSplitAces=True_hitSplitAces=False_surr=no_peek=False_bj-pays=1.5
============================

Cut Card (Penetration: 75%) Theoretical Edge %: 0.9531% Cut Card Empiric Edge %: -0.9481%
CSM (Penetration: 0.0%) Theoretical Edge %: 0.8901% CSM Empiric Edge %: -0.8916%
CSM Error: -0.0015%, Cut Card Error: 0.0049%
CSM Speed: 6696085 hands/sec, Cut Card Speed: 10795755 hands/sec

[337/3456] 
=== Starting Regression Test ===
NUM_ROUNDS:  1000000000
NUM_THREADS: 16
Scenario:    decks=1_ss17=True_das=True_sas=2_don=9-11_reSplitAces=False_hitSplitAces=True_surr=no_peek=True_bj-pays=1.5
============================

Cut Card (Penetration: 75%) Theoretical Edge %: 0.0115% Cut Card Empiric Edge %: -0.0108%
CSM (Penetration: 0.0%) Theoretical Edge %: -0.1015% CSM Empiric Edge %: 0.1012%
CSM Error: -0.0003%, Cut Card Error: 0.0007%
CSM Speed: 8986583 hands/sec, Cut Card Speed: 11298797 hands/sec

[338/3456] 
=== Starting Regression Test ===
NUM_ROUNDS:  1000000000
NUM_THREADS: 16
Scenario:    decks=1_ss17=True_das=True_sas=4_don=Any_reSplitAces=False_hitSplitAces=False_surr=no_peek=False_bj-pays=1.5
============================

Cut Card (Penetration: 75%) Theoretical Edge %: 0.0765% Cut Card Empiric Edge %: -0.0892%
CSM (Penetration: 0.0%) Theoretical Edge %: -0.0365% CSM Empiric Edge %: 0.0377%
CSM Error: 0.0012%, Cut Card Error: -0.0128%
CSM Speed: 8778167 hands/sec, Cut Card Speed: 11844973 hands/sec

[339/3456] 
=== Starting Regression Test ===
NUM_ROUNDS:  1000000000
NUM_THREADS: 16
Scenario:    decks=6_ss17=False_das=True_sas=2_don=10-11_reSplitAces=True_hitSplitAces=False_surr=no_peek=False_bj-pays=1.5
============================

Cut Card (Penetration: 75%) Theoretical Edge %: 0.9999% Cut Card Empiric Edge %: -1.0022%
CSM (Penetration: 0.0%) Theoretical Edge %: 0.9799% CSM Empiric Edge %: -0.9807%
CSM Error: -0.0008%, Cut Card Error: -0.0023%
CSM Speed: 3633404 hands/sec, Cut Card Speed: 11194448 hands/sec

[340/3456] 
=== Starting Regression Test ===
NUM_ROUNDS:  1000000000
NUM_THREADS: 16
Scenario:    decks=2_ss17=False_das=True_sas=4_don=Any_reSplitAces=True_hitSplitAces=False_surr=no_peek=True_bj-pays=1.5
============================

Cut Card (Penetration: 75%) Theoretical Edge %: 0.4037% Cut Card Empiric Edge %: -0.4071%
CSM (Penetration: 0.0%) Theoretical Edge %: 0.3407% CSM Empiric Edge %: -0.3401%
CSM Error: 0.0006%, Cut Card Error: -0.0033%
CSM Speed: 6954732 hands/sec, Cut Card Speed: 11375400 hands/sec

[341/3456] 
=== Starting Regression Test ===
NUM_ROUNDS:  1000000000
NUM_THREADS: 16
Scenario:    decks=6_ss17=True_das=False_sas=4_don=10-11_reSplitAces=True_hitSplitAces=True_surr=2-10_peek=False_bj-pays=1.2
============================

NOTE: surr=2-10 + peek=False — theoretical table may not match implementation; edge assertion skipped.
Cut Card (Penetration: 75%) Theoretical Edge %: 1.9058% Cut Card Empiric Edge %: -1.7424%
CSM (Penetration: 0.0%) Theoretical Edge %: 1.8858% CSM Empiric Edge %: -1.7189%
CSM Error: 0.1669%, Cut Card Error: 0.1634%
CSM Speed: 3478588 hands/sec, Cut Card Speed: 11306206 hands/sec

[342/3456] 
=== Starting Regression Test ===
NUM_ROUNDS:  1000000000
NUM_THREADS: 16
Scenario:    decks=6_ss17=False_das=True_sas=2_don=Any_reSplitAces=False_hitSplitAces=False_surr=no_peek=True_bj-pays=1.2
============================

Cut Card (Penetration: 75%) Theoretical Edge %: 2.0517% Cut Card Empiric Edge %: -2.0521%
CSM (Penetration: 0.0%) Theoretical Edge %: 2.0317% CSM Empiric Edge %: -2.0319%
CSM Error: -0.0002%, Cut Card Error: -0.0003%
CSM Speed: 3643598 hands/sec, Cut Card Speed: 11801081 hands/sec

[343/3456] 
=== Starting Regression Test ===
NUM_ROUNDS:  1000000000
NUM_THREADS: 16
Scenario:    decks=1_ss17=True_das=False_sas=4_don=Any_reSplitAces=False_hitSplitAces=True_surr=no_peek=True_bj-pays=1.2
============================

Cut Card (Penetration: 75%) Theoretical Edge %: 1.3734% Cut Card Empiric Edge %: -1.3674%
CSM (Penetration: 0.0%) Theoretical Edge %: 1.2604% CSM Empiric Edge %: -1.2524%
CSM Error: 0.0080%, Cut Card Error: 0.0060%
CSM Speed: 8782021 hands/sec, Cut Card Speed: 11382262 hands/sec

[344/3456] 
=== Starting Regression Test ===
NUM_ROUNDS:  1000000000
NUM_THREADS: 16
Scenario:    decks=2_ss17=False_das=False_sas=2_don=9-11_reSplitAces=True_hitSplitAces=False_surr=no_peek=False_bj-pays=1.2
============================

Cut Card (Penetration: 75%) Theoretical Edge %: 2.2258% Cut Card Empiric Edge %: -2.2217%
CSM (Penetration: 0.0%) Theoretical Edge %: 2.1629% CSM Empiric Edge %: -2.1563%
CSM Error: 0.0066%, Cut Card Error: 0.0042%
CSM Speed: 6925831 hands/sec, Cut Card Speed: 10960466 hands/sec

[345/3456] 
=== Starting Regression Test ===
NUM_ROUNDS:  1000000000
NUM_THREADS: 16
Scenario:    decks=6_ss17=False_das=False_sas=3_don=9-11_reSplitAces=False_hitSplitAces=True_surr=no_peek=False_bj-pays=1.5
============================

Cut Card (Penetration: 75%) Theoretical Edge %: 0.8265% Cut Card Empiric Edge %: -0.8288%
CSM (Penetration: 0.0%) Theoretical Edge %: 0.8065% CSM Empiric Edge %: -0.8049%
CSM Error: 0.0016%, Cut Card Error: -0.0022%
CSM Speed: 3519107 hands/sec, Cut Card Speed: 11110247 hands/sec

[346/3456] 
=== Starting Regression Test ===
NUM_ROUNDS:  1000000000
NUM_THREADS: 16
Scenario:    decks=6_ss17=True_das=True_sas=2_don=10-11_reSplitAces=False_hitSplitAces=True_surr=yes_peek=True_bj-pays=1.2
============================

NOTE: surr=yes + peek=True — using the available surr=2-10 theoretical edge as a comparison baseline; edge assertion skipped.
Cut Card (Penetration: 75%) Theoretical Edge %: 1.7759% Cut Card Empiric Edge %: -1.7763%
CSM (Penetration: 0.0%) Theoretical Edge %: 1.7559% CSM Empiric Edge %: -1.7561%
CSM Error: -0.0002%, Cut Card Error: -0.0003%
CSM Speed: 3636218 hands/sec, Cut Card Speed: 11250619 hands/sec

[347/3456] 
=== Starting Regression Test ===
NUM_ROUNDS:  1000000000
NUM_THREADS: 16
Scenario:    decks=2_ss17=True_das=True_sas=2_don=9-11_reSplitAces=False_hitSplitAces=False_surr=no_peek=False_bj-pays=1.2
============================

Cut Card (Penetration: 75%) Theoretical Edge %: 1.8905% Cut Card Empiric Edge %: -1.8856%
CSM (Penetration: 0.0%) Theoretical Edge %: 1.8276% CSM Empiric Edge %: -1.8294%
CSM Error: -0.0018%, Cut Card Error: 0.0050%
CSM Speed: 6748094 hands/sec, Cut Card Speed: 11119265 hands/sec

[348/3456] 
=== Starting Regression Test ===
NUM_ROUNDS:  1000000000
NUM_THREADS: 16
Scenario:    decks=6_ss17=False_das=True_sas=4_don=Any_reSplitAces=True_hitSplitAces=False_surr=no_peek=False_bj-pays=1.5
============================

Cut Card (Penetration: 75%) Theoretical Edge %: 0.6873% Cut Card Empiric Edge %: -0.6946%
CSM (Penetration: 0.0%) Theoretical Edge %: 0.6673% CSM Empiric Edge %: -0.6688%
CSM Error: -0.0015%, Cut Card Error: -0.0073%
CSM Speed: 3649648 hands/sec, Cut Card Speed: 11519676 hands/sec

[349/3456] 
=== Starting Regression Test ===
NUM_ROUNDS:  1000000000
NUM_THREADS: 16
Scenario:    decks=2_ss17=True_das=False_sas=4_don=Any_reSplitAces=False_hitSplitAces=True_surr=no_peek=False_bj-pays=1.2
============================

Cut Card (Penetration: 75%) Theoretical Edge %: 1.7225% Cut Card Empiric Edge %: -1.7251%
CSM (Penetration: 0.0%) Theoretical Edge %: 1.6595% CSM Empiric Edge %: -1.6657%
CSM Error: -0.0062%, Cut Card Error: -0.0026%
CSM Speed: 6901168 hands/sec, Cut Card Speed: 11322720 hands/sec

[350/3456] 
=== Starting Regression Test ===
NUM_ROUNDS:  1000000000
NUM_THREADS: 16
Scenario:    decks=2_ss17=True_das=False_sas=2_don=10-11_reSplitAces=True_hitSplitAces=False_surr=no_peek=True_bj-pays=1.2
============================

Cut Card (Penetration: 75%) Theoretical Edge %: 2.0054% Cut Card Empiric Edge %: -1.9988%
CSM (Penetration: 0.0%) Theoretical Edge %: 1.9424% CSM Empiric Edge %: -1.9393%
CSM Error: 0.0031%, Cut Card Error: 0.0066%
CSM Speed: 7099247 hands/sec, Cut Card Speed: 11467890 hands/sec

[351/3456] 
=== Starting Regression Test ===
NUM_ROUNDS:  1000000000
NUM_THREADS: 16
Scenario:    decks=6_ss17=True_das=False_sas=4_don=10-11_reSplitAces=True_hitSplitAces=False_surr=yes_peek=True_bj-pays=1.5
============================

NOTE: surr=yes + peek=True — using the available surr=2-10 theoretical edge as a comparison baseline; edge assertion skipped.
Cut Card (Penetration: 75%) Theoretical Edge %: 0.6003% Cut Card Empiric Edge %: -0.6023%
CSM (Penetration: 0.0%) Theoretical Edge %: 0.5803% CSM Empiric Edge %: -0.5794%
CSM Error: 0.0009%, Cut Card Error: -0.0020%
CSM Speed: 3610304 hands/sec, Cut Card Speed: 11396401 hands/sec

[352/3456] 
=== Starting Regression Test ===
NUM_ROUNDS:  1000000000
NUM_THREADS: 16
Scenario:    decks=1_ss17=True_das=False_sas=3_don=Any_reSplitAces=False_hitSplitAces=False_surr=yes_peek=True_bj-pays=1.5
============================

NOTE: surr=yes + peek=True — using the available surr=2-10 theoretical edge as a comparison baseline; edge assertion skipped.
Cut Card (Penetration: 75%) Theoretical Edge %: 0.0891% Cut Card Empiric Edge %: -0.1049%
CSM (Penetration: 0.0%) Theoretical Edge %: -0.0239% CSM Empiric Edge %: 0.0162%
CSM Error: -0.0077%, Cut Card Error: -0.0159%
CSM Speed: 8994100 hands/sec, Cut Card Speed: 12110203 hands/sec

[353/3456] 
=== Starting Regression Test ===
NUM_ROUNDS:  1000000000
NUM_THREADS: 16
Scenario:    decks=1_ss17=False_das=False_sas=2_don=Any_reSplitAces=False_hitSplitAces=True_surr=no_peek=True_bj-pays=1.5
============================

Cut Card (Penetration: 75%) Theoretical Edge %: 0.1904% Cut Card Empiric Edge %: -0.1890%
CSM (Penetration: 0.0%) Theoretical Edge %: 0.0774% CSM Empiric Edge %: -0.0685%
CSM Error: 0.0089%, Cut Card Error: 0.0014%
CSM Speed: 9137093 hands/sec, Cut Card Speed: 11840625 hands/sec

[354/3456] 
=== Starting Regression Test ===
NUM_ROUNDS:  1000000000
NUM_THREADS: 16
Scenario:    decks=6_ss17=True_das=False_sas=4_don=10-11_reSplitAces=True_hitSplitAces=False_surr=no_peek=False_bj-pays=1.5
============================

Cut Card (Penetration: 75%) Theoretical Edge %: 0.7875% Cut Card Empiric Edge %: -0.7920%
CSM (Penetration: 0.0%) Theoretical Edge %: 0.7675% CSM Empiric Edge %: -0.7698%
CSM Error: -0.0023%, Cut Card Error: -0.0044%
CSM Speed: 3610069 hands/sec, Cut Card Speed: 11085246 hands/sec

[355/3456] 
=== Starting Regression Test ===
NUM_ROUNDS:  1000000000
NUM_THREADS: 16
Scenario:    decks=2_ss17=False_das=False_sas=3_don=10-11_reSplitAces=True_hitSplitAces=True_surr=yes_peek=True_bj-pays=1.2
============================

NOTE: surr=yes + peek=True — using the available surr=2-10 theoretical edge as a comparison baseline; edge assertion skipped.
Cut Card (Penetration: 75%) Theoretical Edge %: 1.9305% Cut Card Empiric Edge %: -1.9305%
CSM (Penetration: 0.0%) Theoretical Edge %: 1.8675% CSM Empiric Edge %: -1.8739%
CSM Error: -0.0064%, Cut Card Error: -0.0000%
CSM Speed: 6783432 hands/sec, Cut Card Speed: 11476971 hands/sec

[356/3456] 
=== Starting Regression Test ===
NUM_ROUNDS:  1000000000
NUM_THREADS: 16
Scenario:    decks=6_ss17=False_das=True_sas=4_don=Any_reSplitAces=True_hitSplitAces=True_surr=no_peek=True_bj-pays=1.5
============================

Cut Card (Penetration: 75%) Theoretical Edge %: 0.3954% Cut Card Empiric Edge %: -0.3978%
CSM (Penetration: 0.0%) Theoretical Edge %: 0.3754% CSM Empiric Edge %: -0.3746%
CSM Error: 0.0008%, Cut Card Error: -0.0023%
CSM Speed: 3635200 hands/sec, Cut Card Speed: 11696864 hands/sec

[357/3456] 
=== Starting Regression Test ===
NUM_ROUNDS:  1000000000
NUM_THREADS: 16
Scenario:    decks=6_ss17=True_das=True_sas=4_don=Any_reSplitAces=False_hitSplitAces=False_surr=no_peek=True_bj-pays=1.5
============================

Cut Card (Penetration: 75%) Theoretical Edge %: 0.4262% Cut Card Empiric Edge %: -0.4332%
CSM (Penetration: 0.0%) Theoretical Edge %: 0.4062% CSM Empiric Edge %: -0.4050%
CSM Error: 0.0013%, Cut Card Error: -0.0070%
CSM Speed: 3685223 hands/sec, Cut Card Speed: 11378118 hands/sec

[358/3456] 
=== Starting Regression Test ===
NUM_ROUNDS:  1000000000
NUM_THREADS: 16
Scenario:    decks=1_ss17=True_das=True_sas=3_don=10-11_reSplitAces=True_hitSplitAces=True_surr=2-10_peek=False_bj-pays=1.2
============================

NOTE: surr=2-10 + peek=False — theoretical table may not match implementation; edge assertion skipped.
Cut Card (Penetration: 75%) Theoretical Edge %: 1.5898% Cut Card Empiric Edge %: -1.4533%
CSM (Penetration: 0.0%) Theoretical Edge %: 1.4768% CSM Empiric Edge %: -1.3260%
CSM Error: 0.1508%, Cut Card Error: 0.1365%
CSM Speed: 8373246 hands/sec, Cut Card Speed: 11701792 hands/sec

[359/3456] 
=== Starting Regression Test ===
NUM_ROUNDS:  1000000000
NUM_THREADS: 16
Scenario:    decks=2_ss17=True_das=True_sas=3_don=10-11_reSplitAces=False_hitSplitAces=False_surr=2-10_peek=False_bj-pays=1.2
============================

NOTE: surr=2-10 + peek=False — theoretical table may not match implementation; edge assertion skipped.
Cut Card (Penetration: 75%) Theoretical Edge %: 1.9138% Cut Card Empiric Edge %: -1.7502%
CSM (Penetration: 0.0%) Theoretical Edge %: 1.8508% CSM Empiric Edge %: -1.6834%
CSM Error: 0.1674%, Cut Card Error: 0.1636%
CSM Speed: 6835691 hands/sec, Cut Card Speed: 10691757 hands/sec

[360/3456] 
=== Starting Regression Test ===
NUM_ROUNDS:  1000000000
NUM_THREADS: 16
Scenario:    decks=2_ss17=True_das=False_sas=2_don=10-11_reSplitAces=False_hitSplitAces=True_surr=2-10_peek=False_bj-pays=1.2
============================

NOTE: surr=2-10 + peek=False — theoretical table may not match implementation; edge assertion skipped.
Cut Card (Penetration: 75%) Theoretical Edge %: 1.8998% Cut Card Empiric Edge %: -1.7430%
CSM (Penetration: 0.0%) Theoretical Edge %: 1.8368% CSM Empiric Edge %: -1.6694%
CSM Error: 0.1674%, Cut Card Error: 0.1568%
CSM Speed: 6717405 hands/sec, Cut Card Speed: 11247329 hands/sec

[361/3456] 
=== Starting Regression Test ===
NUM_ROUNDS:  1000000000
NUM_THREADS: 16
Scenario:    decks=2_ss17=False_das=True_sas=3_don=9-11_reSplitAces=True_hitSplitAces=True_surr=no_peek=False_bj-pays=1.2
============================

Cut Card (Penetration: 75%) Theoretical Edge %: 1.8807% Cut Card Empiric Edge %: -1.8800%
CSM (Penetration: 0.0%) Theoretical Edge %: 1.8177% CSM Empiric Edge %: -1.8263%
CSM Error: -0.0086%, Cut Card Error: 0.0007%
CSM Speed: 6649865 hands/sec, Cut Card Speed: 11087089 hands/sec

[362/3456] 
=== Starting Regression Test ===
NUM_ROUNDS:  1000000000
NUM_THREADS: 16
Scenario:    decks=1_ss17=False_das=True_sas=2_don=10-11_reSplitAces=False_hitSplitAces=True_surr=yes_peek=True_bj-pays=1.5
============================

NOTE: surr=yes + peek=True — using the available surr=2-10 theoretical edge as a comparison baseline; edge assertion skipped.
Cut Card (Penetration: 75%) Theoretical Edge %: 0.3209% Cut Card Empiric Edge %: -0.3380%
CSM (Penetration: 0.0%) Theoretical Edge %: 0.2079% CSM Empiric Edge %: -0.2131%
CSM Error: -0.0052%, Cut Card Error: -0.0171%
CSM Speed: 9193796 hands/sec, Cut Card Speed: 11781338 hands/sec

[363/3456] 
=== Starting Regression Test ===
NUM_ROUNDS:  1000000000
NUM_THREADS: 16
Scenario:    decks=6_ss17=True_das=False_sas=4_don=10-11_reSplitAces=True_hitSplitAces=True_surr=no_peek=True_bj-pays=1.5
============================

Cut Card (Penetration: 75%) Theoretical Edge %: 0.5033% Cut Card Empiric Edge %: -0.5029%
CSM (Penetration: 0.0%) Theoretical Edge %: 0.4833% CSM Empiric Edge %: -0.4793%
CSM Error: 0.0040%, Cut Card Error: 0.0004%
CSM Speed: 3683988 hands/sec, Cut Card Speed: 11597565 hands/sec

[364/3456] 
=== Starting Regression Test ===
NUM_ROUNDS:  1000000000
NUM_THREADS: 16
Scenario:    decks=1_ss17=True_das=True_sas=4_don=10-11_reSplitAces=True_hitSplitAces=False_surr=no_peek=False_bj-pays=1.5
============================

Cut Card (Penetration: 75%) Theoretical Edge %: 0.3384% Cut Card Empiric Edge %: -0.3356%
CSM (Penetration: 0.0%) Theoretical Edge %: 0.2254% CSM Empiric Edge %: -0.2291%
CSM Error: -0.0037%, Cut Card Error: 0.0028%
CSM Speed: 9108049 hands/sec, Cut Card Speed: 11476971 hands/sec

[365/3456] 
=== Starting Regression Test ===
NUM_ROUNDS:  1000000000
NUM_THREADS: 16
Scenario:    decks=2_ss17=True_das=True_sas=4_don=10-11_reSplitAces=True_hitSplitAces=True_surr=no_peek=True_bj-pays=1.5
============================

Cut Card (Penetration: 75%) Theoretical Edge %: 0.2788% Cut Card Empiric Edge %: -0.2746%
CSM (Penetration: 0.0%) Theoretical Edge %: 0.2158% CSM Empiric Edge %: -0.2188%
CSM Error: -0.0030%, Cut Card Error: 0.0042%
CSM Speed: 7150876 hands/sec, Cut Card Speed: 11707134 hands/sec

[366/3456] 
=== Starting Regression Test ===
NUM_ROUNDS:  1000000000
NUM_THREADS: 16
Scenario:    decks=6_ss17=True_das=False_sas=4_don=9-11_reSplitAces=False_hitSplitAces=True_surr=yes_peek=True_bj-pays=1.2
============================

NOTE: surr=yes + peek=True — using the available surr=2-10 theoretical edge as a comparison baseline; edge assertion skipped.
Cut Card (Penetration: 75%) Theoretical Edge %: 1.7639% Cut Card Empiric Edge %: -1.7680%
CSM (Penetration: 0.0%) Theoretical Edge %: 1.7439% CSM Empiric Edge %: -1.7421%
CSM Error: 0.0018%, Cut Card Error: -0.0042%
CSM Speed: 3625264 hands/sec, Cut Card Speed: 11723192 hands/sec

[367/3456] 
=== Starting Regression Test ===
NUM_ROUNDS:  1000000000
NUM_THREADS: 16
Scenario:    decks=6_ss17=True_das=False_sas=4_don=Any_reSplitAces=True_hitSplitAces=False_surr=no_peek=False_bj-pays=1.5
============================

Cut Card (Penetration: 75%) Theoretical Edge %: 0.6141% Cut Card Empiric Edge %: -0.6180%
CSM (Penetration: 0.0%) Theoretical Edge %: 0.5941% CSM Empiric Edge %: -0.5880%
CSM Error: 0.0060%, Cut Card Error: -0.0040%
CSM Speed: 3617029 hands/sec, Cut Card Speed: 11677468 hands/sec

[368/3456] 
=== Starting Regression Test ===
NUM_ROUNDS:  1000000000
NUM_THREADS: 16
Scenario:    decks=1_ss17=True_das=False_sas=3_don=10-11_reSplitAces=False_hitSplitAces=False_surr=2-10_peek=False_bj-pays=1.2
============================

NOTE: surr=2-10 + peek=False — theoretical table may not match implementation; edge assertion skipped.
Cut Card (Penetration: 75%) Theoretical Edge %: 1.8562% Cut Card Empiric Edge %: -1.7172%
CSM (Penetration: 0.0%) Theoretical Edge %: 1.7432% CSM Empiric Edge %: -1.5862%
CSM Error: 0.1570%, Cut Card Error: 0.1390%
CSM Speed: 8645583 hands/sec, Cut Card Speed: 12045871 hands/sec

[369/3456] 
=== Starting Regression Test ===
NUM_ROUNDS:  1000000000
NUM_THREADS: 16
Scenario:    decks=2_ss17=True_das=False_sas=3_don=10-11_reSplitAces=True_hitSplitAces=True_surr=2-10_peek=False_bj-pays=1.2
============================

NOTE: surr=2-10 + peek=False — theoretical table may not match implementation; edge assertion skipped.
Cut Card (Penetration: 75%) Theoretical Edge %: 1.8399% Cut Card Empiric Edge %: -1.6881%
CSM (Penetration: 0.0%) Theoretical Edge %: 1.7769% CSM Empiric Edge %: -1.6116%
CSM Error: 0.1654%, Cut Card Error: 0.1518%
CSM Speed: 6814264 hands/sec, Cut Card Speed: 11149764 hands/sec

[370/3456] 
=== Starting Regression Test ===
NUM_ROUNDS:  1000000000
NUM_THREADS: 16
Scenario:    decks=6_ss17=False_das=False_sas=4_don=9-11_reSplitAces=False_hitSplitAces=True_surr=yes_peek=True_bj-pays=1.5
============================

NOTE: surr=yes + peek=True — using the available surr=2-10 theoretical edge as a comparison baseline; edge assertion skipped.
Cut Card (Penetration: 75%) Theoretical Edge %: 0.6162% Cut Card Empiric Edge %: -0.6222%
CSM (Penetration: 0.0%) Theoretical Edge %: 0.5962% CSM Empiric Edge %: -0.5889%
CSM Error: 0.0072%, Cut Card Error: -0.0060%
CSM Speed: 3635451 hands/sec, Cut Card Speed: 11617100 hands/sec

[371/3456] 
=== Starting Regression Test ===
NUM_ROUNDS:  1000000000
NUM_THREADS: 16
Scenario:    decks=2_ss17=True_das=False_sas=4_don=Any_reSplitAces=False_hitSplitAces=False_surr=2-10_peek=False_bj-pays=1.2
============================

NOTE: surr=2-10 + peek=False — theoretical table may not match implementation; edge assertion skipped.
Cut Card (Penetration: 75%) Theoretical Edge %: 1.8217% Cut Card Empiric Edge %: -1.6641%
CSM (Penetration: 0.0%) Theoretical Edge %: 1.7587% CSM Empiric Edge %: -1.5967%
CSM Error: 0.1619%, Cut Card Error: 0.1576%
CSM Speed: 6876019 hands/sec, Cut Card Speed: 11789116 hands/sec

[372/3456] 
=== Starting Regression Test ===
NUM_ROUNDS:  1000000000
NUM_THREADS: 16
Scenario:    decks=2_ss17=False_das=True_sas=3_don=10-11_reSplitAces=False_hitSplitAces=True_surr=no_peek=True_bj-pays=1.5
============================

Cut Card (Penetration: 75%) Theoretical Edge %: 0.5409% Cut Card Empiric Edge %: -0.5286%
CSM (Penetration: 0.0%) Theoretical Edge %: 0.4779% CSM Empiric Edge %: -0.4713%
CSM Error: 0.0066%, Cut Card Error: 0.0123%
CSM Speed: 7082053 hands/sec, Cut Card Speed: 11291015 hands/sec

[373/3456] 
=== Starting Regression Test ===
NUM_ROUNDS:  1000000000
NUM_THREADS: 16
Scenario:    decks=2_ss17=False_das=False_sas=2_don=Any_reSplitAces=False_hitSplitAces=False_surr=yes_peek=True_bj-pays=1.2
============================

NOTE: surr=yes + peek=True — using the available surr=2-10 theoretical edge as a comparison baseline; edge assertion skipped.
Cut Card (Penetration: 75%) Theoretical Edge %: 1.9363% Cut Card Empiric Edge %: -1.9383%
CSM (Penetration: 0.0%) Theoretical Edge %: 1.8733% CSM Empiric Edge %: -1.8797%
CSM Error: -0.0064%, Cut Card Error: -0.0021%
CSM Speed: 7307751 hands/sec, Cut Card Speed: 11907597 hands/sec

[374/3456] 
=== Starting Regression Test ===
NUM_ROUNDS:  1000000000
NUM_THREADS: 16
Scenario:    decks=1_ss17=True_das=True_sas=2_don=9-11_reSplitAces=False_hitSplitAces=False_surr=yes_peek=True_bj-pays=1.2
============================

NOTE: surr=yes + peek=True — using the available surr=2-10 theoretical edge as a comparison baseline; edge assertion skipped.
Cut Card (Penetration: 75%) Theoretical Edge %: 1.5156% Cut Card Empiric Edge %: -1.5194%
CSM (Penetration: 0.0%) Theoretical Edge %: 1.4026% CSM Empiric Edge %: -1.4081%
CSM Error: -0.0055%, Cut Card Error: -0.0038%
CSM Speed: 8680028 hands/sec, Cut Card Speed: 11669973 hands/sec

[375/3456] 
=== Starting Regression Test ===
NUM_ROUNDS:  1000000000
NUM_THREADS: 16
Scenario:    decks=2_ss17=False_das=False_sas=4_don=9-11_reSplitAces=True_hitSplitAces=False_surr=2-10_peek=False_bj-pays=1.5
============================

NOTE: surr=2-10 + peek=False — theoretical table may not match implementation; edge assertion skipped.
Cut Card (Penetration: 75%) Theoretical Edge %: 0.7053% Cut Card Empiric Edge %: -0.5667%
CSM (Penetration: 0.0%) Theoretical Edge %: 0.6422% CSM Empiric Edge %: -0.4917%
CSM Error: 0.1505%, Cut Card Error: 0.1385%
CSM Speed: 6960589 hands/sec, Cut Card Speed: 11540814 hands/sec

[376/3456] 
=== Starting Regression Test ===
NUM_ROUNDS:  1000000000
NUM_THREADS: 16
Scenario:    decks=1_ss17=False_das=True_sas=3_don=10-11_reSplitAces=False_hitSplitAces=True_surr=no_peek=True_bj-pays=1.5
============================

Cut Card (Penetration: 75%) Theoretical Edge %: 0.3332% Cut Card Empiric Edge %: -0.3231%
CSM (Penetration: 0.0%) Theoretical Edge %: 0.2202% CSM Empiric Edge %: -0.2160%
CSM Error: 0.0042%, Cut Card Error: 0.0102%
CSM Speed: 9347454 hands/sec, Cut Card Speed: 11403809 hands/sec

[377/3456] 
=== Starting Regression Test ===
NUM_ROUNDS:  1000000000
NUM_THREADS: 16
Scenario:    decks=1_ss17=True_das=True_sas=3_don=10-11_reSplitAces=False_hitSplitAces=False_surr=no_peek=False_bj-pays=1.2
============================

Cut Card (Penetration: 75%) Theoretical Edge %: 1.7661% Cut Card Empiric Edge %: -1.7599%
CSM (Penetration: 0.0%) Theoretical Edge %: 1.6531% CSM Empiric Edge %: -1.6571%
CSM Error: -0.0040%, Cut Card Error: 0.0062%
CSM Speed: 8746687 hands/sec, Cut Card Speed: 11660584 hands/sec

[378/3456] 
=== Starting Regression Test ===
NUM_ROUNDS:  1000000000
NUM_THREADS: 16
Scenario:    decks=2_ss17=True_das=False_sas=3_don=9-11_reSplitAces=False_hitSplitAces=False_surr=no_peek=False_bj-pays=1.2
============================

Cut Card (Penetration: 75%) Theoretical Edge %: 1.9848% Cut Card Empiric Edge %: -1.9818%
CSM (Penetration: 0.0%) Theoretical Edge %: 1.9218% CSM Empiric Edge %: -1.9266%
CSM Error: -0.0048%, Cut Card Error: 0.0030%
CSM Speed: 7014541 hands/sec, Cut Card Speed: 11780922 hands/sec

[379/3456] 
=== Starting Regression Test ===
NUM_ROUNDS:  1000000000
NUM_THREADS: 16
Scenario:    decks=2_ss17=True_das=True_sas=3_don=9-11_reSplitAces=True_hitSplitAces=False_surr=no_peek=True_bj-pays=1.2
============================

Cut Card (Penetration: 75%) Theoretical Edge %: 1.6999% Cut Card Empiric Edge %: -1.6909%
CSM (Penetration: 0.0%) Theoretical Edge %: 1.6369% CSM Empiric Edge %: -1.6318%
CSM Error: 0.0050%, Cut Card Error: 0.0090%
CSM Speed: 7155584 hands/sec, Cut Card Speed: 11394323 hands/sec

[380/3456] 
=== Starting Regression Test ===
NUM_ROUNDS:  1000000000
NUM_THREADS: 16
Scenario:    decks=2_ss17=True_das=True_sas=4_don=9-11_reSplitAces=False_hitSplitAces=True_surr=no_peek=True_bj-pays=1.2
============================

Cut Card (Penetration: 75%) Theoretical Edge %: 1.5809% Cut Card Empiric Edge %: -1.5658%
CSM (Penetration: 0.0%) Theoretical Edge %: 1.5179% CSM Empiric Edge %: -1.5174%
CSM Error: 0.0006%, Cut Card Error: 0.0151%
CSM Speed: 7032200 hands/sec, Cut Card Speed: 11570191 hands/sec

[381/3456] 
=== Starting Regression Test ===
NUM_ROUNDS:  1000000000
NUM_THREADS: 16
Scenario:    decks=1_ss17=False_das=True_sas=4_don=9-11_reSplitAces=False_hitSplitAces=True_surr=yes_peek=True_bj-pays=1.5
============================

NOTE: surr=yes + peek=True — using the available surr=2-10 theoretical edge as a comparison baseline; edge assertion skipped.
Cut Card (Penetration: 75%) Theoretical Edge %: 0.1470% Cut Card Empiric Edge %: -0.1588%
CSM (Penetration: 0.0%) Theoretical Edge %: 0.0340% CSM Empiric Edge %: -0.0417%
CSM Error: -0.0077%, Cut Card Error: -0.0118%
CSM Speed: 9068074 hands/sec, Cut Card Speed: 11277263 hands/sec

[382/3456] 
=== Starting Regression Test ===
NUM_ROUNDS:  1000000000
NUM_THREADS: 16
Scenario:    decks=1_ss17=True_das=False_sas=3_don=Any_reSplitAces=True_hitSplitAces=True_surr=no_peek=False_bj-pays=1.5
============================

Cut Card (Penetration: 75%) Theoretical Edge %: 0.0644% Cut Card Empiric Edge %: -0.0795%
CSM (Penetration: 0.0%) Theoretical Edge %: -0.0486% CSM Empiric Edge %: 0.0493%
CSM Error: 0.0007%, Cut Card Error: -0.0151%
CSM Speed: 9081662 hands/sec, Cut Card Speed: 11688388 hands/sec

[383/3456] 
=== Starting Regression Test ===
NUM_ROUNDS:  1000000000
NUM_THREADS: 16
Scenario:    decks=1_ss17=False_das=False_sas=4_don=9-11_reSplitAces=True_hitSplitAces=False_surr=2-10_peek=False_bj-pays=1.2
============================

NOTE: surr=2-10 + peek=False — theoretical table may not match implementation; edge assertion skipped.
Cut Card (Penetration: 75%) Theoretical Edge %: 1.8840% Cut Card Empiric Edge %: -1.7716%
CSM (Penetration: 0.0%) Theoretical Edge %: 1.7710% CSM Empiric Edge %: -1.6340%
CSM Error: 0.1370%, Cut Card Error: 0.1123%
CSM Speed: 9047481 hands/sec, Cut Card Speed: 11552814 hands/sec

[384/3456] 
=== Starting Regression Test ===
NUM_ROUNDS:  1000000000
NUM_THREADS: 16
Scenario:    decks=2_ss17=True_das=False_sas=2_don=9-11_reSplitAces=False_hitSplitAces=True_surr=no_peek=True_bj-pays=1.2
============================

Cut Card (Penetration: 75%) Theoretical Edge %: 1.7432% Cut Card Empiric Edge %: -1.7281%
CSM (Penetration: 0.0%) Theoretical Edge %: 1.6802% CSM Empiric Edge %: -1.6780%
CSM Error: 0.0023%, Cut Card Error: 0.0151%
CSM Speed: 7037743 hands/sec, Cut Card Speed: 12056473 hands/sec

[385/3456] 
=== Starting Regression Test ===
NUM_ROUNDS:  1000000000
NUM_THREADS: 16
Scenario:    decks=1_ss17=False_das=False_sas=2_don=9-11_reSplitAces=True_hitSplitAces=True_surr=no_peek=True_bj-pays=1.5
============================

Cut Card (Penetration: 75%) Theoretical Edge %: 0.3360% Cut Card Empiric Edge %: -0.3260%
CSM (Penetration: 0.0%) Theoretical Edge %: 0.2230% CSM Empiric Edge %: -0.2182%
CSM Error: 0.0048%, Cut Card Error: 0.0100%
CSM Speed: 9029264 hands/sec, Cut Card Speed: 12274909 hands/sec

[386/3456] 
=== Starting Regression Test ===
NUM_ROUNDS:  1000000000
NUM_THREADS: 16
Scenario:    decks=2_ss17=True_das=True_sas=3_don=Any_reSplitAces=False_hitSplitAces=True_surr=no_peek=False_bj-pays=1.5
============================

Cut Card (Penetration: 75%) Theoretical Edge %: 0.2054% Cut Card Empiric Edge %: -0.2134%
CSM (Penetration: 0.0%) Theoretical Edge %: 0.1424% CSM Empiric Edge %: -0.1431%
CSM Error: -0.0007%, Cut Card Error: -0.0080%
CSM Speed: 6769335 hands/sec, Cut Card Speed: 11570191 hands/sec

[387/3456] 
=== Starting Regression Test ===
NUM_ROUNDS:  1000000000
NUM_THREADS: 16
Scenario:    decks=1_ss17=False_das=False_sas=4_don=Any_reSplitAces=False_hitSplitAces=True_surr=no_peek=True_bj-pays=1.2
============================

Cut Card (Penetration: 75%) Theoretical Edge %: 1.5681% Cut Card Empiric Edge %: -1.5664%
CSM (Penetration: 0.0%) Theoretical Edge %: 1.4551% CSM Empiric Edge %: -1.4519%
CSM Error: 0.0032%, Cut Card Error: 0.0017%
CSM Speed: 8947105 hands/sec, Cut Card Speed: 11737640 hands/sec

[388/3456] 
=== Starting Regression Test ===
NUM_ROUNDS:  1000000000
NUM_THREADS: 16
Scenario:    decks=1_ss17=False_das=True_sas=2_don=10-11_reSplitAces=True_hitSplitAces=False_surr=no_peek=True_bj-pays=1.2
============================

Cut Card (Penetration: 75%) Theoretical Edge %: 1.8838% Cut Card Empiric Edge %: -1.8753%
CSM (Penetration: 0.0%) Theoretical Edge %: 1.7708% CSM Empiric Edge %: -1.7644%
CSM Error: 0.0064%, Cut Card Error: 0.0085%
CSM Speed: 9087770 hands/sec, Cut Card Speed: 11822287 hands/sec

[389/3456] 
=== Starting Regression Test ===
NUM_ROUNDS:  1000000000
NUM_THREADS: 16
Scenario:    decks=6_ss17=False_das=True_sas=4_don=Any_reSplitAces=False_hitSplitAces=False_surr=2-10_peek=False_bj-pays=1.5
============================

NOTE: surr=2-10 + peek=False — theoretical table may not match implementation; edge assertion skipped.
Cut Card (Penetration: 75%) Theoretical Edge %: 0.6555% Cut Card Empiric Edge %: -0.5042%
CSM (Penetration: 0.0%) Theoretical Edge %: 0.6355% CSM Empiric Edge %: -0.4764%
CSM Error: 0.1591%, Cut Card Error: 0.1512%
CSM Speed: 3600101 hands/sec, Cut Card Speed: 11364928 hands/sec

[390/3456] 
=== Starting Regression Test ===
NUM_ROUNDS:  1000000000
NUM_THREADS: 16
Scenario:    decks=2_ss17=False_das=False_sas=2_don=Any_reSplitAces=True_hitSplitAces=True_surr=no_peek=True_bj-pays=1.2
============================

Cut Card (Penetration: 75%) Theoretical Edge %: 1.8447% Cut Card Empiric Edge %: -1.8321%
CSM (Penetration: 0.0%) Theoretical Edge %: 1.7817% CSM Empiric Edge %: -1.7804%
CSM Error: 0.0013%, Cut Card Error: 0.0126%
CSM Speed: 7144950 hands/sec, Cut Card Speed: 11667386 hands/sec

[391/3456] 
=== Starting Regression Test ===
NUM_ROUNDS:  1000000000
NUM_THREADS: 16
Scenario:    decks=2_ss17=True_das=False_sas=3_don=9-11_reSplitAces=True_hitSplitAces=False_surr=no_peek=True_bj-pays=1.2
============================

Cut Card (Penetration: 75%) Theoretical Edge %: 1.8326% Cut Card Empiric Edge %: -1.8255%
CSM (Penetration: 0.0%) Theoretical Edge %: 1.7696% CSM Empiric Edge %: -1.7688%
CSM Error: 0.0008%, Cut Card Error: 0.0072%
CSM Speed: 7141837 hands/sec, Cut Card Speed: 11061457 hands/sec

[392/3456] 
=== Starting Regression Test ===
NUM_ROUNDS:  1000000000
NUM_THREADS: 16
Scenario:    decks=2_ss17=False_das=True_sas=4_don=9-11_reSplitAces=True_hitSplitAces=True_surr=2-10_peek=False_bj-pays=1.5
============================

NOTE: surr=2-10 + peek=False — theoretical table may not match implementation; edge assertion skipped.
Cut Card (Penetration: 75%) Theoretical Edge %: 0.4259% Cut Card Empiric Edge %: -0.2935%
CSM (Penetration: 0.0%) Theoretical Edge %: 0.3629% CSM Empiric Edge %: -0.2186%
CSM Error: 0.1443%, Cut Card Error: 0.1323%
CSM Speed: 6797126 hands/sec, Cut Card Speed: 10814903 hands/sec

[393/3456] 
=== Starting Regression Test ===
NUM_ROUNDS:  1000000000
NUM_THREADS: 16
Scenario:    decks=6_ss17=False_das=True_sas=4_don=9-11_reSplitAces=True_hitSplitAces=False_surr=no_peek=False_bj-pays=1.5
============================

Cut Card (Penetration: 75%) Theoretical Edge %: 0.7933% Cut Card Empiric Edge %: -0.7998%
CSM (Penetration: 0.0%) Theoretical Edge %: 0.7732% CSM Empiric Edge %: -0.7688%
CSM Error: 0.0044%, Cut Card Error: -0.0065%
CSM Speed: 3694986 hands/sec, Cut Card Speed: 11340183 hands/sec

[394/3456] 
=== Starting Regression Test ===
NUM_ROUNDS:  1000000000
NUM_THREADS: 16
Scenario:    decks=1_ss17=False_das=False_sas=3_don=Any_reSplitAces=True_hitSplitAces=True_surr=no_peek=False_bj-pays=1.2
============================

Cut Card (Penetration: 75%) Theoretical Edge %: 1.6589% Cut Card Empiric Edge %: -1.6602%
CSM (Penetration: 0.0%) Theoretical Edge %: 1.5459% CSM Empiric Edge %: -1.5551%
CSM Error: -0.0092%, Cut Card Error: -0.0013%
CSM Speed: 8708450 hands/sec, Cut Card Speed: 11676378 hands/sec

[395/3456] 
=== Starting Regression Test ===
NUM_ROUNDS:  1000000000
NUM_THREADS: 16
Scenario:    decks=6_ss17=False_das=False_sas=3_don=Any_reSplitAces=True_hitSplitAces=True_surr=2-10_peek=False_bj-pays=1.2
============================

NOTE: surr=2-10 + peek=False — theoretical table may not match implementation; edge assertion skipped.
Cut Card (Penetration: 75%) Theoretical Edge %: 1.9478% Cut Card Empiric Edge %: -1.8054%
CSM (Penetration: 0.0%) Theoretical Edge %: 1.9278% CSM Empiric Edge %: -1.7757%
CSM Error: 0.1521%, Cut Card Error: 0.1424%
CSM Speed: 3661542 hands/sec, Cut Card Speed: 11363378 hands/sec

[396/3456] 
=== Starting Regression Test ===
NUM_ROUNDS:  1000000000
NUM_THREADS: 16
Scenario:    decks=2_ss17=True_das=False_sas=3_don=9-11_reSplitAces=False_hitSplitAces=True_surr=no_peek=True_bj-pays=1.5
============================

Cut Card (Penetration: 75%) Theoretical Edge %: 0.3458% Cut Card Empiric Edge %: -0.3403%
CSM (Penetration: 0.0%) Theoretical Edge %: 0.2828% CSM Empiric Edge %: -0.2881%
CSM Error: -0.0053%, Cut Card Error: 0.0055%
CSM Speed: 6980900 hands/sec, Cut Card Speed: 11292927 hands/sec

[397/3456] 
=== Starting Regression Test ===
NUM_ROUNDS:  1000000000
NUM_THREADS: 16
Scenario:    decks=1_ss17=False_das=False_sas=2_don=Any_reSplitAces=True_hitSplitAces=True_surr=2-10_peek=False_bj-pays=1.5
============================

NOTE: surr=2-10 + peek=False — theoretical table may not match implementation; edge assertion skipped.
Cut Card (Penetration: 75%) Theoretical Edge %: 0.2636% Cut Card Empiric Edge %: -0.1645%
CSM (Penetration: 0.0%) Theoretical Edge %: 0.1506% CSM Empiric Edge %: -0.0157%
CSM Error: 0.1349%, Cut Card Error: 0.0991%
CSM Speed: 8854651 hands/sec, Cut Card Speed: 11661128 hands/sec

[398/3456] 
=== Starting Regression Test ===
NUM_ROUNDS:  1000000000
NUM_THREADS: 16
Scenario:    decks=2_ss17=False_das=True_sas=4_don=9-11_reSplitAces=False_hitSplitAces=True_surr=no_peek=True_bj-pays=1.2
============================

Cut Card (Penetration: 75%) Theoretical Edge %: 1.7948% Cut Card Empiric Edge %: -1.7868%
CSM (Penetration: 0.0%) Theoretical Edge %: 1.7318% CSM Empiric Edge %: -1.7374%
CSM Error: -0.0056%, Cut Card Error: 0.0080%
CSM Speed: 7016559 hands/sec, Cut Card Speed: 11330033 hands/sec

[399/3456] 
=== Starting Regression Test ===
NUM_ROUNDS:  1000000000
NUM_THREADS: 16
Scenario:    decks=6_ss17=False_das=True_sas=3_don=10-11_reSplitAces=True_hitSplitAces=True_surr=2-10_peek=False_bj-pays=1.5
============================

NOTE: surr=2-10 + peek=False — theoretical table may not match implementation; edge assertion skipped.
Cut Card (Penetration: 75%) Theoretical Edge %: 0.6486% Cut Card Empiric Edge %: -0.5018%
CSM (Penetration: 0.0%) Theoretical Edge %: 0.6286% CSM Empiric Edge %: -0.4745%
CSM Error: 0.1541%, Cut Card Error: 0.1467%
CSM Speed: 3672366 hands/sec, Cut Card Speed: 10722021 hands/sec

[400/3456] 
=== Starting Regression Test ===
NUM_ROUNDS:  1000000000
NUM_THREADS: 16
Scenario:    decks=1_ss17=True_das=False_sas=4_don=10-11_reSplitAces=True_hitSplitAces=True_surr=no_peek=False_bj-pays=1.5
============================

Cut Card (Penetration: 75%) Theoretical Edge %: 0.3299% Cut Card Empiric Edge %: -0.3272%
CSM (Penetration: 0.0%) Theoretical Edge %: 0.2169% CSM Empiric Edge %: -0.2242%
CSM Error: -0.0072%, Cut Card Error: 0.0028%
CSM Speed: 8819664 hands/sec, Cut Card Speed: 11348934 hands/sec

[401/3456] 
=== Starting Regression Test ===
NUM_ROUNDS:  1000000000
NUM_THREADS: 16
Scenario:    decks=6_ss17=True_das=True_sas=4_don=Any_reSplitAces=False_hitSplitAces=True_surr=no_peek=False_bj-pays=1.5
============================

Cut Card (Penetration: 75%) Theoretical Edge %: 0.3582% Cut Card Empiric Edge %: -0.3699%
CSM (Penetration: 0.0%) Theoretical Edge %: 0.3382% CSM Empiric Edge %: -0.3468%
CSM Error: -0.0086%, Cut Card Error: -0.0116%
CSM Speed: 3725324 hands/sec, Cut Card Speed: 11777315 hands/sec

[402/3456] 
=== Starting Regression Test ===
NUM_ROUNDS:  1000000000
NUM_THREADS: 16
Scenario:    decks=2_ss17=True_das=True_sas=4_don=Any_reSplitAces=True_hitSplitAces=False_surr=yes_peek=True_bj-pays=1.2
============================

NOTE: surr=yes + peek=True — using the available surr=2-10 theoretical edge as a comparison baseline; edge assertion skipped.
Cut Card (Penetration: 75%) Theoretical Edge %: 1.5241% Cut Card Empiric Edge %: -1.5254%
CSM (Penetration: 0.0%) Theoretical Edge %: 1.4611% CSM Empiric Edge %: -1.4636%
CSM Error: -0.0024%, Cut Card Error: -0.0012%
CSM Speed: 7156967 hands/sec, Cut Card Speed: 11602409 hands/sec

[403/3456] 
=== Starting Regression Test ===
NUM_ROUNDS:  1000000000
NUM_THREADS: 16
Scenario:    decks=2_ss17=True_das=True_sas=4_don=9-11_reSplitAces=True_hitSplitAces=True_surr=no_peek=True_bj-pays=1.5
============================

Cut Card (Penetration: 75%) Theoretical Edge %: 0.1631% Cut Card Empiric Edge %: -0.1562%
CSM (Penetration: 0.0%) Theoretical Edge %: 0.1001% CSM Empiric Edge %: -0.1049%
CSM Error: -0.0048%, Cut Card Error: 0.0069%
CSM Speed: 7006972 hands/sec, Cut Card Speed: 11085983 hands/sec

[404/3456] 
=== Starting Regression Test ===
NUM_ROUNDS:  1000000000
NUM_THREADS: 16
Scenario:    decks=2_ss17=False_das=False_sas=3_don=Any_reSplitAces=False_hitSplitAces=False_surr=yes_peek=True_bj-pays=1.5
============================

NOTE: surr=yes + peek=True — using the available surr=2-10 theoretical edge as a comparison baseline; edge assertion skipped.
Cut Card (Penetration: 75%) Theoretical Edge %: 0.5395% Cut Card Empiric Edge %: -0.5487%
CSM (Penetration: 0.0%) Theoretical Edge %: 0.4765% CSM Empiric Edge %: -0.4772%
CSM Error: -0.0007%, Cut Card Error: -0.0092%
CSM Speed: 7095470 hands/sec, Cut Card Speed: 11575816 hands/sec

[405/3456] 
=== Starting Regression Test ===
NUM_ROUNDS:  1000000000
NUM_THREADS: 16
Scenario:    decks=1_ss17=False_das=True_sas=3_don=Any_reSplitAces=True_hitSplitAces=True_surr=no_peek=False_bj-pays=1.2
============================

Cut Card (Penetration: 75%) Theoretical Edge %: 1.5068% Cut Card Empiric Edge %: -1.5137%
CSM (Penetration: 0.0%) Theoretical Edge %: 1.3938% CSM Empiric Edge %: -1.4019%
CSM Error: -0.0081%, Cut Card Error: -0.0069%
CSM Speed: 8836576 hands/sec, Cut Card Speed: 11812651 hands/sec

[406/3456] 
=== Starting Regression Test ===
NUM_ROUNDS:  1000000000
NUM_THREADS: 16
Scenario:    decks=1_ss17=True_das=True_sas=4_don=10-11_reSplitAces=False_hitSplitAces=True_surr=no_peek=True_bj-pays=1.2
============================

Cut Card (Penetration: 75%) Theoretical Edge %: 1.5254% Cut Card Empiric Edge %: -1.5086%
CSM (Penetration: 0.0%) Theoretical Edge %: 1.4124% CSM Empiric Edge %: -1.4156%
CSM Error: -0.0032%, Cut Card Error: 0.0168%
CSM Speed: 9022665 hands/sec, Cut Card Speed: 12071900 hands/sec

[407/3456] 
=== Starting Regression Test ===
NUM_ROUNDS:  1000000000
NUM_THREADS: 16
Scenario:    decks=2_ss17=False_das=True_sas=2_don=10-11_reSplitAces=True_hitSplitAces=False_surr=no_peek=True_bj-pays=1.2
============================

Cut Card (Penetration: 75%) Theoretical Edge %: 2.1085% Cut Card Empiric Edge %: -2.0927%
CSM (Penetration: 0.0%) Theoretical Edge %: 2.0455% CSM Empiric Edge %: -2.0458%
CSM Error: -0.0003%, Cut Card Error: 0.0158%
CSM Speed: 7303428 hands/sec, Cut Card Speed: 11533227 hands/sec

[408/3456] 
=== Starting Regression Test ===
NUM_ROUNDS:  1000000000
NUM_THREADS: 16
Scenario:    decks=1_ss17=True_das=False_sas=4_don=9-11_reSplitAces=True_hitSplitAces=True_surr=2-10_peek=False_bj-pays=1.5
============================

NOTE: surr=2-10 + peek=False — theoretical table may not match implementation; edge assertion skipped.
Cut Card (Penetration: 75%) Theoretical Edge %: 0.1743% Cut Card Empiric Edge %: -0.0466%
CSM (Penetration: 0.0%) Theoretical Edge %: 0.0613% CSM Empiric Edge %: 0.0874%
CSM Error: 0.1486%, Cut Card Error: 0.1276%
CSM Speed: 8976500 hands/sec, Cut Card Speed: 11647138 hands/sec

[409/3456] 
=== Starting Regression Test ===
NUM_ROUNDS:  1000000000
NUM_THREADS: 16
Scenario:    decks=2_ss17=True_das=True_sas=2_don=Any_reSplitAces=False_hitSplitAces=False_surr=no_peek=True_bj-pays=1.5
============================

Cut Card (Penetration: 75%) Theoretical Edge %: 0.3002% Cut Card Empiric Edge %: -0.2948%
CSM (Penetration: 0.0%) Theoretical Edge %: 0.2372% CSM Empiric Edge %: -0.2305%
CSM Error: 0.0067%, Cut Card Error: 0.0054%
CSM Speed: 7078243 hands/sec, Cut Card Speed: 11788282 hands/sec

[410/3456] 
=== Starting Regression Test ===
NUM_ROUNDS:  1000000000
NUM_THREADS: 16
Scenario:    decks=6_ss17=True_das=False_sas=3_don=Any_reSplitAces=True_hitSplitAces=True_surr=2-10_peek=False_bj-pays=1.5
============================

NOTE: surr=2-10 + peek=False — theoretical table may not match implementation; edge assertion skipped.
Cut Card (Penetration: 75%) Theoretical Edge %: 0.3859% Cut Card Empiric Edge %: -0.2279%
CSM (Penetration: 0.0%) Theoretical Edge %: 0.3659% CSM Empiric Edge %: -0.1977%
CSM Error: 0.1683%, Cut Card Error: 0.1580%
CSM Speed: 3643425 hands/sec, Cut Card Speed: 11824244 hands/sec

[411/3456] 
=== Starting Regression Test ===
NUM_ROUNDS:  1000000000
NUM_THREADS: 16
Scenario:    decks=1_ss17=True_das=False_sas=2_don=10-11_reSplitAces=True_hitSplitAces=False_surr=2-10_peek=False_bj-pays=1.2
============================

NOTE: surr=2-10 + peek=False — theoretical table may not match implementation; edge assertion skipped.
Cut Card (Penetration: 75%) Theoretical Edge %: 1.8718% Cut Card Empiric Edge %: -1.7382%
CSM (Penetration: 0.0%) Theoretical Edge %: 1.7588% CSM Empiric Edge %: -1.6068%
CSM Error: 0.1519%, Cut Card Error: 0.1336%
CSM Speed: 8951830 hands/sec, Cut Card Speed: 11506023 hands/sec

[412/3456] 
=== Starting Regression Test ===
NUM_ROUNDS:  1000000000
NUM_THREADS: 16
Scenario:    decks=1_ss17=False_das=False_sas=3_don=Any_reSplitAces=False_hitSplitAces=True_surr=no_peek=False_bj-pays=1.2
============================

Cut Card (Penetration: 75%) Theoretical Edge %: 1.6829% Cut Card Empiric Edge %: -1.6836%
CSM (Penetration: 0.0%) Theoretical Edge %: 1.5699% CSM Empiric Edge %: -1.5741%
CSM Error: -0.0042%, Cut Card Error: -0.0007%
CSM Speed: 8988522 hands/sec, Cut Card Speed: 11434975 hands/sec

[413/3456] 
=== Starting Regression Test ===
NUM_ROUNDS:  1000000000
NUM_THREADS: 16
Scenario:    decks=6_ss17=False_das=False_sas=4_don=Any_reSplitAces=False_hitSplitAces=True_surr=2-10_peek=False_bj-pays=1.5
============================

NOTE: surr=2-10 + peek=False — theoretical table may not match implementation; edge assertion skipped.
Cut Card (Penetration: 75%) Theoretical Edge %: 0.6283% Cut Card Empiric Edge %: -0.4858%
CSM (Penetration: 0.0%) Theoretical Edge %: 0.6083% CSM Empiric Edge %: -0.4526%
CSM Error: 0.1557%, Cut Card Error: 0.1425%
CSM Speed: 3680124 hands/sec, Cut Card Speed: 11439684 hands/sec

[414/3456] 
=== Starting Regression Test ===
NUM_ROUNDS:  1000000000
NUM_THREADS: 16
Scenario:    decks=2_ss17=False_das=False_sas=3_don=Any_reSplitAces=False_hitSplitAces=False_surr=no_peek=False_bj-pays=1.5
============================

Cut Card (Penetration: 75%) Theoretical Edge %: 0.7161% Cut Card Empiric Edge %: -0.7150%
CSM (Penetration: 0.0%) Theoretical Edge %: 0.6531% CSM Empiric Edge %: -0.6507%
CSM Error: 0.0024%, Cut Card Error: 0.0011%
CSM Speed: 7097333 hands/sec, Cut Card Speed: 11537219 hands/sec

[415/3456] 
=== Starting Regression Test ===
NUM_ROUNDS:  1000000000
NUM_THREADS: 16
Scenario:    decks=6_ss17=True_das=True_sas=4_don=Any_reSplitAces=True_hitSplitAces=True_surr=no_peek=False_bj-pays=1.5
============================

Cut Card (Penetration: 75%) Theoretical Edge %: 0.3034% Cut Card Empiric Edge %: -0.3071%
CSM (Penetration: 0.0%) Theoretical Edge %: 0.2834% CSM Empiric Edge %: -0.2943%
CSM Error: -0.0109%, Cut Card Error: -0.0038%
CSM Speed: 3656374 hands/sec, Cut Card Speed: 11360280 hands/sec

[416/3456] 
=== Starting Regression Test ===
NUM_ROUNDS:  1000000000
NUM_THREADS: 16
Scenario:    decks=1_ss17=True_das=False_sas=2_don=Any_reSplitAces=True_hitSplitAces=True_surr=no_peek=False_bj-pays=1.2
============================

Cut Card (Penetration: 75%) Theoretical Edge %: 1.4988% Cut Card Empiric Edge %: -1.5046%
CSM (Penetration: 0.0%) Theoretical Edge %: 1.3858% CSM Empiric Edge %: -1.3953%
CSM Error: -0.0095%, Cut Card Error: -0.0058%
CSM Speed: 8966117 hands/sec, Cut Card Speed: 11654604 hands/sec

[417/3456] 
=== Starting Regression Test ===
NUM_ROUNDS:  1000000000
NUM_THREADS: 16
Scenario:    decks=2_ss17=False_das=True_sas=3_don=Any_reSplitAces=False_hitSplitAces=False_surr=no_peek=False_bj-pays=1.2
============================

Cut Card (Penetration: 75%) Theoretical Edge %: 1.9483% Cut Card Empiric Edge %: -1.9523%
CSM (Penetration: 0.0%) Theoretical Edge %: 1.8853% CSM Empiric Edge %: -1.8818%
CSM Error: 0.0035%, Cut Card Error: -0.0040%
CSM Speed: 6872522 hands/sec, Cut Card Speed: 11356925 hands/sec

[418/3456] 
=== Starting Regression Test ===
NUM_ROUNDS:  1000000000
NUM_THREADS: 16
Scenario:    decks=1_ss17=True_das=True_sas=3_don=Any_reSplitAces=True_hitSplitAces=False_surr=no_peek=False_bj-pays=1.5
============================

Cut Card (Penetration: 75%) Theoretical Edge %: 0.0487% Cut Card Empiric Edge %: -0.0659%
CSM (Penetration: 0.0%) Theoretical Edge %: -0.0643% CSM Empiric Edge %: 0.0552%
CSM Error: -0.0090%, Cut Card Error: -0.0172%
CSM Speed: 8801655 hands/sec, Cut Card Speed: 11567915 hands/sec

[419/3456] 
=== Starting Regression Test ===
NUM_ROUNDS:  1000000000
NUM_THREADS: 16
Scenario:    decks=1_ss17=True_das=False_sas=3_don=Any_reSplitAces=False_hitSplitAces=True_surr=2-10_peek=False_bj-pays=1.5
============================

NOTE: surr=2-10 + peek=False — theoretical table may not match implementation; edge assertion skipped.
Cut Card (Penetration: 75%) Theoretical Edge %: 0.0648% Cut Card Empiric Edge %: 0.0478%
CSM (Penetration: 0.0%) Theoretical Edge %: -0.0482% CSM Empiric Edge %: 0.1959%
CSM Error: 0.1477%, Cut Card Error: 0.1126%
CSM Speed: 9291004 hands/sec, Cut Card Speed: 12152883 hands/sec

[420/3456] 
=== Starting Regression Test ===
NUM_ROUNDS:  1000000000
NUM_THREADS: 16
Scenario:    decks=2_ss17=False_das=False_sas=2_don=Any_reSplitAces=True_hitSplitAces=False_surr=2-10_peek=False_bj-pays=1.5
============================

NOTE: surr=2-10 + peek=False — theoretical table may not match implementation; edge assertion skipped.
Cut Card (Penetration: 75%) Theoretical Edge %: 0.6678% Cut Card Empiric Edge %: -0.5340%
CSM (Penetration: 0.0%) Theoretical Edge %: 0.6048% CSM Empiric Edge %: -0.4521%
CSM Error: 0.1526%, Cut Card Error: 0.1338%
CSM Speed: 7179318 hands/sec, Cut Card Speed: 12174633 hands/sec

[421/3456] 
=== Starting Regression Test ===
NUM_ROUNDS:  1000000000
NUM_THREADS: 16
Scenario:    decks=2_ss17=False_das=True_sas=4_don=10-11_reSplitAces=False_hitSplitAces=True_surr=no_peek=False_bj-pays=1.5
============================

Cut Card (Penetration: 75%) Theoretical Edge %: 0.6530% Cut Card Empiric Edge %: -0.6554%
CSM (Penetration: 0.0%) Theoretical Edge %: 0.5900% CSM Empiric Edge %: -0.5927%
CSM Error: -0.0026%, Cut Card Error: -0.0024%
CSM Speed: 6921948 hands/sec, Cut Card Speed: 11041915 hands/sec

[422/3456] 
=== Starting Regression Test ===
NUM_ROUNDS:  1000000000
NUM_THREADS: 16
Scenario:    decks=2_ss17=True_das=True_sas=3_don=Any_reSplitAces=False_hitSplitAces=True_surr=yes_peek=True_bj-pays=1.2
============================

NOTE: surr=yes + peek=True — using the available surr=2-10 theoretical edge as a comparison baseline; edge assertion skipped.
Cut Card (Penetration: 75%) Theoretical Edge %: 1.4151% Cut Card Empiric Edge %: -1.4196%
CSM (Penetration: 0.0%) Theoretical Edge %: 1.3521% CSM Empiric Edge %: -1.3561%
CSM Error: -0.0039%, Cut Card Error: -0.0044%
CSM Speed: 6979049 hands/sec, Cut Card Speed: 11411617 hands/sec

[423/3456] 
=== Starting Regression Test ===
NUM_ROUNDS:  1000000000
NUM_THREADS: 16
Scenario:    decks=2_ss17=False_das=False_sas=2_don=10-11_reSplitAces=True_hitSplitAces=False_surr=yes_peek=True_bj-pays=1.5
============================

NOTE: surr=yes + peek=True — using the available surr=2-10 theoretical edge as a comparison baseline; edge assertion skipped.
Cut Card (Penetration: 75%) Theoretical Edge %: 0.7771% Cut Card Empiric Edge %: -0.7855%
CSM (Penetration: 0.0%) Theoretical Edge %: 0.7140% CSM Empiric Edge %: -0.7101%
CSM Error: 0.0039%, Cut Card Error: -0.0085%
CSM Speed: 6825379 hands/sec, Cut Card Speed: 11515563 hands/sec

[424/3456] 
=== Starting Regression Test ===
NUM_ROUNDS:  1000000000
NUM_THREADS: 16
Scenario:    decks=6_ss17=True_das=False_sas=3_don=10-11_reSplitAces=True_hitSplitAces=True_surr=no_peek=True_bj-pays=1.5
============================

Cut Card (Penetration: 75%) Theoretical Edge %: 0.5175% Cut Card Empiric Edge %: -0.5173%
CSM (Penetration: 0.0%) Theoretical Edge %: 0.4975% CSM Empiric Edge %: -0.4973%
CSM Error: 0.0002%, Cut Card Error: 0.0002%
CSM Speed: 3668231 hands/sec, Cut Card Speed: 11894001 hands/sec

[425/3456] 
=== Starting Regression Test ===
NUM_ROUNDS:  1000000000
NUM_THREADS: 16
Scenario:    decks=1_ss17=True_das=True_sas=3_don=9-11_reSplitAces=True_hitSplitAces=True_surr=no_peek=True_bj-pays=1.2
============================

Cut Card (Penetration: 75%) Theoretical Edge %: 1.3543% Cut Card Empiric Edge %: -1.3401%
CSM (Penetration: 0.0%) Theoretical Edge %: 1.2413% CSM Empiric Edge %: -1.2463%
CSM Error: -0.0050%, Cut Card Error: 0.0142%
CSM Speed: 8652016 hands/sec, Cut Card Speed: 11637921 hands/sec

[426/3456] 
=== Starting Regression Test ===
NUM_ROUNDS:  1000000000
NUM_THREADS: 16
Scenario:    decks=2_ss17=True_das=True_sas=4_don=10-11_reSplitAces=True_hitSplitAces=True_surr=2-10_peek=False_bj-pays=1.2
============================

NOTE: surr=2-10 + peek=False — theoretical table may not match implementation; edge assertion skipped.
Cut Card (Penetration: 75%) Theoretical Edge %: 1.7122% Cut Card Empiric Edge %: -1.5550%
CSM (Penetration: 0.0%) Theoretical Edge %: 1.6491% CSM Empiric Edge %: -1.4892%
CSM Error: 0.1600%, Cut Card Error: 0.1572%
CSM Speed: 6913526 hands/sec, Cut Card Speed: 10910480 hands/sec

[427/3456] 
=== Starting Regression Test ===
NUM_ROUNDS:  1000000000
NUM_THREADS: 16
Scenario:    decks=1_ss17=True_das=True_sas=3_don=Any_reSplitAces=False_hitSplitAces=False_surr=no_peek=True_bj-pays=1.2
============================

Cut Card (Penetration: 75%) Theoretical Edge %: 1.3654% Cut Card Empiric Edge %: -1.3629%
CSM (Penetration: 0.0%) Theoretical Edge %: 1.2524% CSM Empiric Edge %: -1.2524%
CSM Error: -0.0000%, Cut Card Error: 0.0025%
CSM Speed: 9123422 hands/sec, Cut Card Speed: 12114311 hands/sec

[428/3456] 
=== Starting Regression Test ===
NUM_ROUNDS:  1000000000
NUM_THREADS: 16
Scenario:    decks=1_ss17=True_das=True_sas=3_don=9-11_reSplitAces=True_hitSplitAces=True_surr=yes_peek=True_bj-pays=1.5
============================

NOTE: surr=yes + peek=True — using the available surr=2-10 theoretical edge as a comparison baseline; edge assertion skipped.
Cut Card (Penetration: 75%) Theoretical Edge %: -0.0625% Cut Card Empiric Edge %: 0.0511%
CSM (Penetration: 0.0%) Theoretical Edge %: -0.1755% CSM Empiric Edge %: 0.1681%
CSM Error: -0.0074%, Cut Card Error: -0.0115%
CSM Speed: 9102163 hands/sec, Cut Card Speed: 11987389 hands/sec

[429/3456] 
=== Starting Regression Test ===
NUM_ROUNDS:  1000000000
NUM_THREADS: 16
Scenario:    decks=1_ss17=False_das=True_sas=4_don=9-11_reSplitAces=True_hitSplitAces=False_surr=yes_peek=True_bj-pays=1.2
============================

NOTE: surr=yes + peek=True — using the available surr=2-10 theoretical edge as a comparison baseline; edge assertion skipped.
Cut Card (Penetration: 75%) Theoretical Edge %: 1.6397% Cut Card Empiric Edge %: -1.6538%
CSM (Penetration: 0.0%) Theoretical Edge %: 1.5267% CSM Empiric Edge %: -1.5313%
CSM Error: -0.0046%, Cut Card Error: -0.0141%
CSM Speed: 8724481 hands/sec, Cut Card Speed: 12030509 hands/sec

[430/3456] 
=== Starting Regression Test ===
NUM_ROUNDS:  1000000000
NUM_THREADS: 16
Scenario:    decks=1_ss17=False_das=False_sas=4_don=9-11_reSplitAces=True_hitSplitAces=False_surr=no_peek=False_bj-pays=1.5
============================

Cut Card (Penetration: 75%) Theoretical Edge %: 0.5292% Cut Card Empiric Edge %: -0.5375%
CSM (Penetration: 0.0%) Theoretical Edge %: 0.4162% CSM Empiric Edge %: -0.4152%
CSM Error: 0.0010%, Cut Card Error: -0.0083%
CSM Speed: 8933437 hands/sec, Cut Card Speed: 11655827 hands/sec

[431/3456] 
=== Starting Regression Test ===
NUM_ROUNDS:  1000000000
NUM_THREADS: 16
Scenario:    decks=2_ss17=False_das=True_sas=3_don=10-11_reSplitAces=True_hitSplitAces=True_surr=yes_peek=True_bj-pays=1.5
============================

NOTE: surr=yes + peek=True — using the available surr=2-10 theoretical edge as a comparison baseline; edge assertion skipped.
Cut Card (Penetration: 75%) Theoretical Edge %: 0.4358% Cut Card Empiric Edge %: -0.4401%
CSM (Penetration: 0.0%) Theoretical Edge %: 0.3728% CSM Empiric Edge %: -0.3688%
CSM Error: 0.0040%, Cut Card Error: -0.0043%
CSM Speed: 6970098 hands/sec, Cut Card Speed: 11243029 hands/sec

[432/3456] 
=== Starting Regression Test ===
NUM_ROUNDS:  1000000000
NUM_THREADS: 16
Scenario:    decks=2_ss17=False_das=False_sas=3_don=Any_reSplitAces=True_hitSplitAces=True_surr=2-10_peek=False_bj-pays=1.2
============================

NOTE: surr=2-10 + peek=False — theoretical table may not match implementation; edge assertion skipped.
Cut Card (Penetration: 75%) Theoretical Edge %: 1.8289% Cut Card Empiric Edge %: -1.6949%
CSM (Penetration: 0.0%) Theoretical Edge %: 1.7659% CSM Empiric Edge %: -1.6118%
CSM Error: 0.1541%, Cut Card Error: 0.1340%
CSM Speed: 6859652 hands/sec, Cut Card Speed: 11163705 hands/sec

[433/3456] 
=== Starting Regression Test ===
NUM_ROUNDS:  1000000000
NUM_THREADS: 16
Scenario:    decks=2_ss17=False_das=True_sas=4_don=Any_reSplitAces=True_hitSplitAces=True_surr=no_peek=False_bj-pays=1.2
============================

Cut Card (Penetration: 75%) Theoretical Edge %: 1.7385% Cut Card Empiric Edge %: -1.7407%
CSM (Penetration: 0.0%) Theoretical Edge %: 1.6755% CSM Empiric Edge %: -1.6831%
CSM Error: -0.0076%, Cut Card Error: -0.0023%
CSM Speed: 7077842 hands/sec, Cut Card Speed: 11217805 hands/sec

[434/3456] 
=== Starting Regression Test ===
NUM_ROUNDS:  1000000000
NUM_THREADS: 16
Scenario:    decks=2_ss17=False_das=False_sas=4_don=Any_reSplitAces=False_hitSplitAces=False_surr=no_peek=False_bj-pays=1.5
============================

Cut Card (Penetration: 75%) Theoretical Edge %: 0.7128% Cut Card Empiric Edge %: -0.7177%
CSM (Penetration: 0.0%) Theoretical Edge %: 0.6499% CSM Empiric Edge %: -0.6486%
CSM Error: 0.0012%, Cut Card Error: -0.0048%
CSM Speed: 6958506 hands/sec, Cut Card Speed: 11321182 hands/sec

[435/3456] 
=== Starting Regression Test ===
NUM_ROUNDS:  1000000000
NUM_THREADS: 16
Scenario:    decks=2_ss17=False_das=False_sas=2_don=9-11_reSplitAces=True_hitSplitAces=True_surr=yes_peek=True_bj-pays=1.2
============================

NOTE: surr=yes + peek=True — using the available surr=2-10 theoretical edge as a comparison baseline; edge assertion skipped.
Cut Card (Penetration: 75%) Theoretical Edge %: 1.8920% Cut Card Empiric Edge %: -1.8913%
CSM (Penetration: 0.0%) Theoretical Edge %: 1.8290% CSM Empiric Edge %: -1.8293%
CSM Error: -0.0003%, Cut Card Error: 0.0007%
CSM Speed: 6981631 hands/sec, Cut Card Speed: 11696864 hands/sec

[436/3456] 
=== Starting Regression Test ===
NUM_ROUNDS:  1000000000
NUM_THREADS: 16
Scenario:    decks=6_ss17=True_das=False_sas=4_don=10-11_reSplitAces=True_hitSplitAces=False_surr=2-10_peek=False_bj-pays=1.5
============================

NOTE: surr=2-10 + peek=False — theoretical table may not match implementation; edge assertion skipped.
Cut Card (Penetration: 75%) Theoretical Edge %: 0.7088% Cut Card Empiric Edge %: -0.5427%
CSM (Penetration: 0.0%) Theoretical Edge %: 0.6888% CSM Empiric Edge %: -0.5180%
CSM Error: 0.1708%, Cut Card Error: 0.1661%
CSM Speed: 3583061 hands/sec, Cut Card Speed: 11819912 hands/sec

[437/3456] 
=== Starting Regression Test ===
NUM_ROUNDS:  1000000000
NUM_THREADS: 16
Scenario:    decks=6_ss17=False_das=True_sas=4_don=10-11_reSplitAces=False_hitSplitAces=True_surr=2-10_peek=False_bj-pays=1.5
============================

NOTE: surr=2-10 + peek=False — theoretical table may not match implementation; edge assertion skipped.
Cut Card (Penetration: 75%) Theoretical Edge %: 0.6861% Cut Card Empiric Edge %: -0.5398%
CSM (Penetration: 0.0%) Theoretical Edge %: 0.6661% CSM Empiric Edge %: -0.5089%
CSM Error: 0.1573%, Cut Card Error: 0.1463%
CSM Speed: 3552549 hands/sec, Cut Card Speed: 11417611 hands/sec

[438/3456] 
=== Starting Regression Test ===
NUM_ROUNDS:  1000000000
NUM_THREADS: 16
Scenario:    decks=1_ss17=False_das=False_sas=4_don=Any_reSplitAces=False_hitSplitAces=True_surr=no_peek=True_bj-pays=1.5
============================

Cut Card (Penetration: 75%) Theoretical Edge %: 0.1734% Cut Card Empiric Edge %: -0.1818%
CSM (Penetration: 0.0%) Theoretical Edge %: 0.0604% CSM Empiric Edge %: -0.0563%
CSM Error: 0.0041%, Cut Card Error: -0.0084%
CSM Speed: 9151140 hands/sec, Cut Card Speed: 12068695 hands/sec

[439/3456] 
=== Starting Regression Test ===
NUM_ROUNDS:  1000000000
NUM_THREADS: 16
Scenario:    decks=6_ss17=False_das=False_sas=3_don=9-11_reSplitAces=False_hitSplitAces=True_surr=yes_peek=True_bj-pays=1.5
============================

NOTE: surr=yes + peek=True — using the available surr=2-10 theoretical edge as a comparison baseline; edge assertion skipped.
Cut Card (Penetration: 75%) Theoretical Edge %: 0.6216% Cut Card Empiric Edge %: -0.6269%
CSM (Penetration: 0.0%) Theoretical Edge %: 0.6016% CSM Empiric Edge %: -0.6002%
CSM Error: 0.0014%, Cut Card Error: -0.0053%
CSM Speed: 3645099 hands/sec, Cut Card Speed: 11556151 hands/sec

[440/3456] 
=== Starting Regression Test ===
NUM_ROUNDS:  1000000000
NUM_THREADS: 16
Scenario:    decks=2_ss17=False_das=False_sas=3_don=10-11_reSplitAces=True_hitSplitAces=True_surr=no_peek=True_bj-pays=1.2
============================

Cut Card (Penetration: 75%) Theoretical Edge %: 1.9967% Cut Card Empiric Edge %: -1.9815%
CSM (Penetration: 0.0%) Theoretical Edge %: 1.9337% CSM Empiric Edge %: -1.9277%
CSM Error: 0.0060%, Cut Card Error: 0.0152%
CSM Speed: 7103433 hands/sec, Cut Card Speed: 11731306 hands/sec

[441/3456] 
=== Starting Regression Test ===
NUM_ROUNDS:  1000000000
NUM_THREADS: 16
Scenario:    decks=1_ss17=False_das=True_sas=4_don=9-11_reSplitAces=False_hitSplitAces=False_surr=no_peek=False_bj-pays=1.5
============================

Cut Card (Penetration: 75%) Theoretical Edge %: 0.4284% Cut Card Empiric Edge %: -0.4354%
CSM (Penetration: 0.0%) Theoretical Edge %: 0.3154% CSM Empiric Edge %: -0.3233%
CSM Error: -0.0079%, Cut Card Error: -0.0070%
CSM Speed: 9137176 hands/sec, Cut Card Speed: 11574208 hands/sec

[442/3456] 
=== Starting Regression Test ===
NUM_ROUNDS:  1000000000
NUM_THREADS: 16
Scenario:    decks=1_ss17=True_das=True_sas=4_don=9-11_reSplitAces=False_hitSplitAces=False_surr=2-10_peek=False_bj-pays=1.5
============================

NOTE: surr=2-10 + peek=False — theoretical table may not match implementation; edge assertion skipped.
Cut Card (Penetration: 75%) Theoretical Edge %: 0.1980% Cut Card Empiric Edge %: -0.0780%
CSM (Penetration: 0.0%) Theoretical Edge %: 0.0850% CSM Empiric Edge %: 0.0692%
CSM Error: 0.1542%, Cut Card Error: 0.1200%
CSM Speed: 9151726 hands/sec, Cut Card Speed: 11126812 hands/sec

[443/3456] 
=== Starting Regression Test ===
NUM_ROUNDS:  1000000000
NUM_THREADS: 16
Scenario:    decks=2_ss17=False_das=True_sas=4_don=10-11_reSplitAces=False_hitSplitAces=False_surr=no_peek=False_bj-pays=1.5
============================

Cut Card (Penetration: 75%) Theoretical Edge %: 0.8058% Cut Card Empiric Edge %: -0.8023%
CSM (Penetration: 0.0%) Theoretical Edge %: 0.7428% CSM Empiric Edge %: -0.7365%
CSM Error: 0.0064%, Cut Card Error: 0.0035%
CSM Speed: 7041708 hands/sec, Cut Card Speed: 10670195 hands/sec

[444/3456] 
=== Starting Regression Test ===
NUM_ROUNDS:  1000000000
NUM_THREADS: 16
Scenario:    decks=1_ss17=False_das=False_sas=4_don=10-11_reSplitAces=True_hitSplitAces=False_surr=yes_peek=True_bj-pays=1.2
============================

NOTE: surr=yes + peek=True — using the available surr=2-10 theoretical edge as a comparison baseline; edge assertion skipped.
Cut Card (Penetration: 75%) Theoretical Edge %: 1.9044% Cut Card Empiric Edge %: -1.9123%
CSM (Penetration: 0.0%) Theoretical Edge %: 1.7914% CSM Empiric Edge %: -1.7951%
CSM Error: -0.0037%, Cut Card Error: -0.0079%
CSM Speed: 8974566 hands/sec, Cut Card Speed: 11928904 hands/sec

[445/3456] 
=== Starting Regression Test ===
NUM_ROUNDS:  1000000000
NUM_THREADS: 16
Scenario:    decks=1_ss17=True_das=True_sas=4_don=10-11_reSplitAces=True_hitSplitAces=True_surr=2-10_peek=False_bj-pays=1.5
============================

NOTE: surr=2-10 + peek=False — theoretical table may not match implementation; edge assertion skipped.
Cut Card (Penetration: 75%) Theoretical Edge %: 0.1920% Cut Card Empiric Edge %: -0.0676%
CSM (Penetration: 0.0%) Theoretical Edge %: 0.0790% CSM Empiric Edge %: 0.0697%
CSM Error: 0.1487%, Cut Card Error: 0.1244%
CSM Speed: 8675510 hands/sec, Cut Card Speed: 11526979 hands/sec

[446/3456] 
=== Starting Regression Test ===
NUM_ROUNDS:  1000000000
NUM_THREADS: 16
Scenario:    decks=2_ss17=True_das=True_sas=4_don=10-11_reSplitAces=True_hitSplitAces=False_surr=no_peek=True_bj-pays=1.2
============================

Cut Card (Penetration: 75%) Theoretical Edge %: 1.8034% Cut Card Empiric Edge %: -1.7963%
CSM (Penetration: 0.0%) Theoretical Edge %: 1.7404% CSM Empiric Edge %: -1.7443%
CSM Error: -0.0039%, Cut Card Error: 0.0071%
CSM Speed: 7076340 hands/sec, Cut Card Speed: 11696864 hands/sec

[447/3456] 
=== Starting Regression Test ===
NUM_ROUNDS:  1000000000
NUM_THREADS: 16
Scenario:    decks=6_ss17=False_das=True_sas=4_don=Any_reSplitAces=True_hitSplitAces=False_surr=2-10_peek=False_bj-pays=1.5
============================

NOTE: surr=2-10 + peek=False — theoretical table may not match implementation; edge assertion skipped.
Cut Card (Penetration: 75%) Theoretical Edge %: 0.5926% Cut Card Empiric Edge %: -0.4467%
CSM (Penetration: 0.0%) Theoretical Edge %: 0.5726% CSM Empiric Edge %: -0.4154%
CSM Error: 0.1572%, Cut Card Error: 0.1459%
CSM Speed: 3675889 hands/sec, Cut Card Speed: 12030654 hands/sec

[448/3456] 
=== Starting Regression Test ===
NUM_ROUNDS:  1000000000
NUM_THREADS: 16
Scenario:    decks=2_ss17=True_das=False_sas=2_don=9-11_reSplitAces=True_hitSplitAces=False_surr=no_peek=False_bj-pays=1.5
============================

Cut Card (Penetration: 75%) Theoretical Edge %: 0.6341% Cut Card Empiric Edge %: -0.6360%
CSM (Penetration: 0.0%) Theoretical Edge %: 0.5711% CSM Empiric Edge %: -0.5704%
CSM Error: 0.0007%, Cut Card Error: -0.0019%
CSM Speed: 6797912 hands/sec, Cut Card Speed: 11496103 hands/sec

[449/3456] 
=== Starting Regression Test ===
NUM_ROUNDS:  1000000000
NUM_THREADS: 16
Scenario:    decks=1_ss17=False_das=True_sas=4_don=9-11_reSplitAces=False_hitSplitAces=False_surr=no_peek=False_bj-pays=1.2
============================

Cut Card (Penetration: 75%) Theoretical Edge %: 1.8232% Cut Card Empiric Edge %: -1.8206%
CSM (Penetration: 0.0%) Theoretical Edge %: 1.7102% CSM Empiric Edge %: -1.7177%
CSM Error: -0.0075%, Cut Card Error: 0.0026%
CSM Speed: 9024863 hands/sec, Cut Card Speed: 11978487 hands/sec

[450/3456] 
=== Starting Regression Test ===
NUM_ROUNDS:  1000000000
NUM_THREADS: 16
Scenario:    decks=6_ss17=True_das=False_sas=3_don=9-11_reSplitAces=True_hitSplitAces=False_surr=no_peek=False_bj-pays=1.2
============================

Cut Card (Penetration: 75%) Theoretical Edge %: 2.0781% Cut Card Empiric Edge %: -2.0802%
CSM (Penetration: 0.0%) Theoretical Edge %: 2.0581% CSM Empiric Edge %: -2.0589%
CSM Error: -0.0007%, Cut Card Error: -0.0020%
CSM Speed: 3685427 hands/sec, Cut Card Speed: 11263164 hands/sec

[451/3456] 
=== Starting Regression Test ===
NUM_ROUNDS:  1000000000
NUM_THREADS: 16
Scenario:    decks=2_ss17=False_das=False_sas=3_don=Any_reSplitAces=True_hitSplitAces=False_surr=2-10_peek=False_bj-pays=1.2
============================

NOTE: surr=2-10 + peek=False — theoretical table may not match implementation; edge assertion skipped.
Cut Card (Penetration: 75%) Theoretical Edge %: 1.9747% Cut Card Empiric Edge %: -1.8390%
CSM (Penetration: 0.0%) Theoretical Edge %: 1.9117% CSM Empiric Edge %: -1.7554%
CSM Error: 0.1563%, Cut Card Error: 0.1357%
CSM Speed: 7044287 hands/sec, Cut Card Speed: 11570458 hands/sec

[452/3456] 
=== Starting Regression Test ===
NUM_ROUNDS:  1000000000
NUM_THREADS: 16
Scenario:    decks=6_ss17=False_das=True_sas=4_don=9-11_reSplitAces=True_hitSplitAces=False_surr=no_peek=False_bj-pays=1.2
============================

Cut Card (Penetration: 75%) Theoretical Edge %: 2.1529% Cut Card Empiric Edge %: -2.1474%
CSM (Penetration: 0.0%) Theoretical Edge %: 2.1329% CSM Empiric Edge %: -2.1333%
CSM Error: -0.0003%, Cut Card Error: 0.0056%
CSM Speed: 3643478 hands/sec, Cut Card Speed: 11423349 hands/sec

[453/3456] 
=== Starting Regression Test ===
NUM_ROUNDS:  1000000000
NUM_THREADS: 16
Scenario:    decks=2_ss17=True_das=False_sas=4_don=9-11_reSplitAces=True_hitSplitAces=True_surr=no_peek=False_bj-pays=1.2
============================

Cut Card (Penetration: 75%) Theoretical Edge %: 1.7849% Cut Card Empiric Edge %: -1.7822%
CSM (Penetration: 0.0%) Theoretical Edge %: 1.7219% CSM Empiric Edge %: -1.7324%
CSM Error: -0.0105%, Cut Card Error: 0.0027%
CSM Speed: 6799761 hands/sec, Cut Card Speed: 11204482 hands/sec

[454/3456] 
=== Starting Regression Test ===
NUM_ROUNDS:  1000000000
NUM_THREADS: 16
Scenario:    decks=2_ss17=False_das=True_sas=4_don=Any_reSplitAces=False_hitSplitAces=False_surr=2-10_peek=False_bj-pays=1.5
============================

NOTE: surr=2-10 + peek=False — theoretical table may not match implementation; edge assertion skipped.
Cut Card (Penetration: 75%) Theoretical Edge %: 0.4983% Cut Card Empiric Edge %: -0.3697%
CSM (Penetration: 0.0%) Theoretical Edge %: 0.4353% CSM Empiric Edge %: -0.2849%
CSM Error: 0.1504%, Cut Card Error: 0.1286%
CSM Speed: 7002360 hands/sec, Cut Card Speed: 11474074 hands/sec

[455/3456] 
=== Starting Regression Test ===
NUM_ROUNDS:  1000000000
NUM_THREADS: 16
Scenario:    decks=6_ss17=False_das=True_sas=2_don=Any_reSplitAces=False_hitSplitAces=True_surr=no_peek=False_bj-pays=1.5
============================

Cut Card (Penetration: 75%) Theoretical Edge %: 0.6247% Cut Card Empiric Edge %: -0.6259%
CSM (Penetration: 0.0%) Theoretical Edge %: 0.6047% CSM Empiric Edge %: -0.6138%
CSM Error: -0.0092%, Cut Card Error: -0.0012%
CSM Speed: 3624305 hands/sec, Cut Card Speed: 11379283 hands/sec

[456/3456] 
=== Starting Regression Test ===
NUM_ROUNDS:  1000000000
NUM_THREADS: 16
Scenario:    decks=6_ss17=False_das=False_sas=3_don=Any_reSplitAces=False_hitSplitAces=False_surr=2-10_peek=False_bj-pays=1.5
============================

NOTE: surr=2-10 + peek=False — theoretical table may not match implementation; edge assertion skipped.
Cut Card (Penetration: 75%) Theoretical Edge %: 0.8033% Cut Card Empiric Edge %: -0.6552%
CSM (Penetration: 0.0%) Theoretical Edge %: 0.7833% CSM Empiric Edge %: -0.6229%
CSM Error: 0.1604%, Cut Card Error: 0.1481%
CSM Speed: 3691195 hands/sec, Cut Card Speed: 11675151 hands/sec

[457/3456] 
=== Starting Regression Test ===
NUM_ROUNDS:  1000000000
NUM_THREADS: 16
Scenario:    decks=1_ss17=False_das=False_sas=4_don=10-11_reSplitAces=False_hitSplitAces=False_surr=2-10_peek=False_bj-pays=1.5
============================

NOTE: surr=2-10 + peek=False — theoretical table may not match implementation; edge assertion skipped.
Cut Card (Penetration: 75%) Theoretical Edge %: 0.6512% Cut Card Empiric Edge %: -0.5484%
CSM (Penetration: 0.0%) Theoretical Edge %: 0.5382% CSM Empiric Edge %: -0.3963%
CSM Error: 0.1419%, Cut Card Error: 0.1027%
CSM Speed: 8755264 hands/sec, Cut Card Speed: 11637786 hands/sec

[458/3456] 
=== Starting Regression Test ===
NUM_ROUNDS:  1000000000
NUM_THREADS: 16
Scenario:    decks=1_ss17=False_das=True_sas=2_don=Any_reSplitAces=False_hitSplitAces=False_surr=yes_peek=True_bj-pays=1.5
============================

NOTE: surr=yes + peek=True — using the available surr=2-10 theoretical edge as a comparison baseline; edge assertion skipped.
Cut Card (Penetration: 75%) Theoretical Edge %: 0.1512% Cut Card Empiric Edge %: -0.1723%
CSM (Penetration: 0.0%) Theoretical Edge %: 0.0382% CSM Empiric Edge %: -0.0388%
CSM Error: -0.0007%, Cut Card Error: -0.0211%
CSM Speed: 9126169 hands/sec, Cut Card Speed: 12470538 hands/sec

[459/3456] 
=== Starting Regression Test ===
NUM_ROUNDS:  1000000000
NUM_THREADS: 16
Scenario:    decks=2_ss17=False_das=False_sas=4_don=10-11_reSplitAces=False_hitSplitAces=True_surr=no_peek=True_bj-pays=1.5
============================

Cut Card (Penetration: 75%) Theoretical Edge %: 0.6587% Cut Card Empiric Edge %: -0.6497%
CSM (Penetration: 0.0%) Theoretical Edge %: 0.5957% CSM Empiric Edge %: -0.5970%
CSM Error: -0.0012%, Cut Card Error: 0.0090%
CSM Speed: 6972625 hands/sec, Cut Card Speed: 11782727 hands/sec

[460/3456] 
=== Starting Regression Test ===
NUM_ROUNDS:  1000000000
NUM_THREADS: 16
Scenario:    decks=6_ss17=True_das=True_sas=2_don=9-11_reSplitAces=False_hitSplitAces=True_surr=yes_peek=True_bj-pays=1.2
============================

NOTE: surr=yes + peek=True — using the available surr=2-10 theoretical edge as a comparison baseline; edge assertion skipped.
Cut Card (Penetration: 75%) Theoretical Edge %: 1.6817% Cut Card Empiric Edge %: -1.6811%
CSM (Penetration: 0.0%) Theoretical Edge %: 1.6617% CSM Empiric Edge %: -1.6633%
CSM Error: -0.0016%, Cut Card Error: 0.0006%
CSM Speed: 3709295 hands/sec, Cut Card Speed: 11355507 hands/sec

[461/3456] 
=== Starting Regression Test ===
NUM_ROUNDS:  1000000000
NUM_THREADS: 16
Scenario:    decks=1_ss17=True_das=True_sas=4_don=Any_reSplitAces=False_hitSplitAces=False_surr=yes_peek=True_bj-pays=1.5
============================

NOTE: surr=yes + peek=True — using the available surr=2-10 theoretical edge as a comparison baseline; edge assertion skipped.
Cut Card (Penetration: 75%) Theoretical Edge %: -0.0532% Cut Card Empiric Edge %: 0.0386%
CSM (Penetration: 0.0%) Theoretical Edge %: -0.1662% CSM Empiric Edge %: 0.1571%
CSM Error: -0.0091%, Cut Card Error: -0.0146%
CSM Speed: 9358039 hands/sec, Cut Card Speed: 11711385 hands/sec

[462/3456] 
=== Starting Regression Test ===
NUM_ROUNDS:  1000000000
NUM_THREADS: 16
Scenario:    decks=1_ss17=False_das=True_sas=3_don=9-11_reSplitAces=False_hitSplitAces=False_surr=no_peek=True_bj-pays=1.2
============================

Cut Card (Penetration: 75%) Theoretical Edge %: 1.7117% Cut Card Empiric Edge %: -1.7022%
CSM (Penetration: 0.0%) Theoretical Edge %: 1.5987% CSM Empiric Edge %: -1.5953%
CSM Error: 0.0033%, Cut Card Error: 0.0094%
CSM Speed: 9092480 hands/sec, Cut Card Speed: 12198097 hands/sec

[463/3456] 
=== Starting Regression Test ===
NUM_ROUNDS:  1000000000
NUM_THREADS: 16
Scenario:    decks=1_ss17=False_das=False_sas=2_don=9-11_reSplitAces=False_hitSplitAces=False_surr=yes_peek=True_bj-pays=1.5
============================

NOTE: surr=yes + peek=True — using the available surr=2-10 theoretical edge as a comparison baseline; edge assertion skipped.
Cut Card (Penetration: 75%) Theoretical Edge %: 0.4281% Cut Card Empiric Edge %: -0.4475%
CSM (Penetration: 0.0%) Theoretical Edge %: 0.3151% CSM Empiric Edge %: -0.3214%
CSM Error: -0.0063%, Cut Card Error: -0.0194%
CSM Speed: 9246845 hands/sec, Cut Card Speed: 11500466 hands/sec

[464/3456] 
=== Starting Regression Test ===
NUM_ROUNDS:  1000000000
NUM_THREADS: 16
Scenario:    decks=6_ss17=True_das=True_sas=4_don=Any_reSplitAces=False_hitSplitAces=False_surr=no_peek=False_bj-pays=1.5
============================

Cut Card (Penetration: 75%) Theoretical Edge %: 0.5373% Cut Card Empiric Edge %: -0.5339%
CSM (Penetration: 0.0%) Theoretical Edge %: 0.5173% CSM Empiric Edge %: -0.5160%
CSM Error: 0.0012%, Cut Card Error: 0.0033%
CSM Speed: 3738038 hands/sec, Cut Card Speed: 11583325 hands/sec

[465/3456] 
=== Starting Regression Test ===
NUM_ROUNDS:  1000000000
NUM_THREADS: 16
Scenario:    decks=2_ss17=False_das=False_sas=2_don=10-11_reSplitAces=False_hitSplitAces=False_surr=no_peek=True_bj-pays=1.5
============================

Cut Card (Penetration: 75%) Theoretical Edge %: 0.8434% Cut Card Empiric Edge %: -0.8392%
CSM (Penetration: 0.0%) Theoretical Edge %: 0.7804% CSM Empiric Edge %: -0.7735%
CSM Error: 0.0069%, Cut Card Error: 0.0041%
CSM Speed: 7056964 hands/sec, Cut Card Speed: 11281461 hands/sec

[466/3456] 
=== Starting Regression Test ===
NUM_ROUNDS:  1000000000
NUM_THREADS: 16
Scenario:    decks=2_ss17=True_das=False_sas=3_don=10-11_reSplitAces=False_hitSplitAces=False_surr=yes_peek=True_bj-pays=1.5
============================

NOTE: surr=yes + peek=True — using the available surr=2-10 theoretical edge as a comparison baseline; edge assertion skipped.
Cut Card (Penetration: 75%) Theoretical Edge %: 0.5569% Cut Card Empiric Edge %: -0.5596%
CSM (Penetration: 0.0%) Theoretical Edge %: 0.4939% CSM Empiric Edge %: -0.4974%
CSM Error: -0.0036%, Cut Card Error: -0.0028%
CSM Speed: 7081250 hands/sec, Cut Card Speed: 11311961 hands/sec

[467/3456] 
=== Starting Regression Test ===
NUM_ROUNDS:  1000000000
NUM_THREADS: 16
Scenario:    decks=6_ss17=True_das=True_sas=4_don=9-11_reSplitAces=True_hitSplitAces=False_surr=yes_peek=True_bj-pays=1.2
============================

NOTE: surr=yes + peek=True — using the available surr=2-10 theoretical edge as a comparison baseline; edge assertion skipped.
Cut Card (Penetration: 75%) Theoretical Edge %: 1.7409% Cut Card Empiric Edge %: -1.7412%
CSM (Penetration: 0.0%) Theoretical Edge %: 1.7209% CSM Empiric Edge %: -1.7224%
CSM Error: -0.0016%, Cut Card Error: -0.0003%
CSM Speed: 3715359 hands/sec, Cut Card Speed: 12060689 hands/sec

[468/3456] 
=== Starting Regression Test ===
NUM_ROUNDS:  1000000000
NUM_THREADS: 16
Scenario:    decks=6_ss17=False_das=False_sas=4_don=10-11_reSplitAces=True_hitSplitAces=True_surr=no_peek=False_bj-pays=1.5
============================

Cut Card (Penetration: 75%) Theoretical Edge %: 0.8510% Cut Card Empiric Edge %: -0.8534%
CSM (Penetration: 0.0%) Theoretical Edge %: 0.8310% CSM Empiric Edge %: -0.8300%
CSM Error: 0.0010%, Cut Card Error: -0.0024%
CSM Speed: 3640825 hands/sec, Cut Card Speed: 11416437 hands/sec

[469/3456] 
=== Starting Regression Test ===
NUM_ROUNDS:  1000000000
NUM_THREADS: 16
Scenario:    decks=1_ss17=True_das=True_sas=2_don=10-11_reSplitAces=True_hitSplitAces=False_surr=no_peek=True_bj-pays=1.5
============================

Cut Card (Penetration: 75%) Theoretical Edge %: 0.2895% Cut Card Empiric Edge %: -0.2850%
CSM (Penetration: 0.0%) Theoretical Edge %: 0.1765% CSM Empiric Edge %: -0.1731%
CSM Error: 0.0033%, Cut Card Error: 0.0045%
CSM Speed: 8869494 hands/sec, Cut Card Speed: 12288484 hands/sec

[470/3456] 
=== Starting Regression Test ===
NUM_ROUNDS:  1000000000
NUM_THREADS: 16
Scenario:    decks=2_ss17=True_das=True_sas=3_don=9-11_reSplitAces=True_hitSplitAces=True_surr=yes_peek=True_bj-pays=1.2
============================

NOTE: surr=yes + peek=True — using the available surr=2-10 theoretical edge as a comparison baseline; edge assertion skipped.
Cut Card (Penetration: 75%) Theoretical Edge %: 1.4963% Cut Card Empiric Edge %: -1.4946%
CSM (Penetration: 0.0%) Theoretical Edge %: 1.4333% CSM Empiric Edge %: -1.4370%
CSM Error: -0.0037%, Cut Card Error: 0.0016%
CSM Speed: 6964758 hands/sec, Cut Card Speed: 11973180 hands/sec

[471/3456] 
=== Starting Regression Test ===
NUM_ROUNDS:  1000000000
NUM_THREADS: 16
Scenario:    decks=1_ss17=False_das=False_sas=4_don=10-11_reSplitAces=False_hitSplitAces=True_surr=no_peek=True_bj-pays=1.5
============================

Cut Card (Penetration: 75%) Theoretical Edge %: 0.4497% Cut Card Empiric Edge %: -0.4432%
CSM (Penetration: 0.0%) Theoretical Edge %: 0.3367% CSM Empiric Edge %: -0.3331%
CSM Error: 0.0036%, Cut Card Error: 0.0066%
CSM Speed: 9264578 hands/sec, Cut Card Speed: 12212845 hands/sec

[472/3456] 
=== Starting Regression Test ===
NUM_ROUNDS:  1000000000
NUM_THREADS: 16
Scenario:    decks=2_ss17=True_das=False_sas=3_don=Any_reSplitAces=False_hitSplitAces=False_surr=no_peek=False_bj-pays=1.2
============================

Cut Card (Penetration: 75%) Theoretical Edge %: 1.8803% Cut Card Empiric Edge %: -1.8699%
CSM (Penetration: 0.0%) Theoretical Edge %: 1.8173% CSM Empiric Edge %: -1.8172%
CSM Error: 0.0001%, Cut Card Error: 0.0104%
CSM Speed: 6961316 hands/sec, Cut Card Speed: 11583459 hands/sec

[473/3456] 
=== Starting Regression Test ===
NUM_ROUNDS:  1000000000
NUM_THREADS: 16
Scenario:    decks=2_ss17=True_das=False_sas=4_don=Any_reSplitAces=False_hitSplitAces=True_surr=yes_peek=True_bj-pays=1.5
============================

NOTE: surr=yes + peek=True — using the available surr=2-10 theoretical edge as a comparison baseline; edge assertion skipped.
Cut Card (Penetration: 75%) Theoretical Edge %: 0.1866% Cut Card Empiric Edge %: -0.1877%
CSM (Penetration: 0.0%) Theoretical Edge %: 0.1236% CSM Empiric Edge %: -0.1220%
CSM Error: 0.0017%, Cut Card Error: -0.0011%
CSM Speed: 6995306 hands/sec, Cut Card Speed: 11582654 hands/sec

[474/3456] 
=== Starting Regression Test ===
NUM_ROUNDS:  1000000000
NUM_THREADS: 16
Scenario:    decks=6_ss17=False_das=False_sas=2_don=10-11_reSplitAces=False_hitSplitAces=True_surr=yes_peek=True_bj-pays=1.2
============================

NOTE: surr=yes + peek=True — using the available surr=2-10 theoretical edge as a comparison baseline; edge assertion skipped.
Cut Card (Penetration: 75%) Theoretical Edge %: 2.0918% Cut Card Empiric Edge %: -2.0946%
CSM (Penetration: 0.0%) Theoretical Edge %: 2.0718% CSM Empiric Edge %: -2.0734%
CSM Error: -0.0016%, Cut Card Error: -0.0028%
CSM Speed: 3700675 hands/sec, Cut Card Speed: 11233557 hands/sec

[475/3456] 
=== Starting Regression Test ===
NUM_ROUNDS:  1000000000
NUM_THREADS: 16
Scenario:    decks=2_ss17=True_das=False_sas=2_don=Any_reSplitAces=True_hitSplitAces=False_surr=no_peek=True_bj-pays=1.5
============================

Cut Card (Penetration: 75%) Theoretical Edge %: 0.4255% Cut Card Empiric Edge %: -0.4237%
CSM (Penetration: 0.0%) Theoretical Edge %: 0.3625% CSM Empiric Edge %: -0.3698%
CSM Error: -0.0073%, Cut Card Error: 0.0017%
CSM Speed: 7143572 hands/sec, Cut Card Speed: 12018220 hands/sec

[476/3456] 
=== Starting Regression Test ===
NUM_ROUNDS:  1000000000
NUM_THREADS: 16
Scenario:    decks=1_ss17=False_das=True_sas=3_don=10-11_reSplitAces=False_hitSplitAces=True_surr=no_peek=False_bj-pays=1.2
============================

Cut Card (Penetration: 75%) Theoretical Edge %: 1.8436% Cut Card Empiric Edge %: -1.8442%
CSM (Penetration: 0.0%) Theoretical Edge %: 1.7306% CSM Empiric Edge %: -1.7378%
CSM Error: -0.0072%, Cut Card Error: -0.0006%
CSM Speed: 8985614 hands/sec, Cut Card Speed: 11490819 hands/sec

[477/3456] 
=== Starting Regression Test ===
NUM_ROUNDS:  1000000000
NUM_THREADS: 16
Scenario:    decks=1_ss17=False_das=True_sas=2_don=9-11_reSplitAces=False_hitSplitAces=False_surr=yes_peek=True_bj-pays=1.5
============================

NOTE: surr=yes + peek=True — using the available surr=2-10 theoretical edge as a comparison baseline; edge assertion skipped.
Cut Card (Penetration: 75%) Theoretical Edge %: 0.3059% Cut Card Empiric Edge %: -0.3222%
CSM (Penetration: 0.0%) Theoretical Edge %: 0.1929% CSM Empiric Edge %: -0.1944%
CSM Error: -0.0015%, Cut Card Error: -0.0162%
CSM Speed: 9045272 hands/sec, Cut Card Speed: 11803449 hands/sec

[478/3456] 
=== Starting Regression Test ===
NUM_ROUNDS:  1000000000
NUM_THREADS: 16
Scenario:    decks=6_ss17=False_das=False_sas=3_don=9-11_reSplitAces=True_hitSplitAces=True_surr=yes_peek=True_bj-pays=1.2
============================

NOTE: surr=yes + peek=True — using the available surr=2-10 theoretical edge as a comparison baseline; edge assertion skipped.
Cut Card (Penetration: 75%) Theoretical Edge %: 1.9326% Cut Card Empiric Edge %: -1.9357%
CSM (Penetration: 0.0%) Theoretical Edge %: 1.9126% CSM Empiric Edge %: -1.9066%
CSM Error: 0.0060%, Cut Card Error: -0.0032%
CSM Speed: 3808131 hands/sec, Cut Card Speed: 11667250 hands/sec

[479/3456] 
=== Starting Regression Test ===
NUM_ROUNDS:  1000000000
NUM_THREADS: 16
Scenario:    decks=2_ss17=True_das=True_sas=2_don=Any_reSplitAces=False_hitSplitAces=False_surr=2-10_peek=False_bj-pays=1.2
============================

NOTE: surr=2-10 + peek=False — theoretical table may not match implementation; edge assertion skipped.
Cut Card (Penetration: 75%) Theoretical Edge %: 1.7240% Cut Card Empiric Edge %: -1.5667%
CSM (Penetration: 0.0%) Theoretical Edge %: 1.6610% CSM Empiric Edge %: -1.4917%
CSM Error: 0.1693%, Cut Card Error: 0.1573%
CSM Speed: 6828362 hands/sec, Cut Card Speed: 11463814 hands/sec

[480/3456] 
=== Starting Regression Test ===
NUM_ROUNDS:  1000000000
NUM_THREADS: 16
Scenario:    decks=6_ss17=False_das=False_sas=3_don=10-11_reSplitAces=True_hitSplitAces=True_surr=yes_peek=True_bj-pays=1.5
============================

NOTE: surr=yes + peek=True — using the available surr=2-10 theoretical edge as a comparison baseline; edge assertion skipped.
Cut Card (Penetration: 75%) Theoretical Edge %: 0.6558% Cut Card Empiric Edge %: -0.6573%
CSM (Penetration: 0.0%) Theoretical Edge %: 0.6358% CSM Empiric Edge %: -0.6338%
CSM Error: 0.0020%, Cut Card Error: -0.0015%
CSM Speed: 3604994 hands/sec, Cut Card Speed: 10964792 hands/sec

[481/3456] 
=== Starting Regression Test ===
NUM_ROUNDS:  1000000000
NUM_THREADS: 16
Scenario:    decks=6_ss17=False_das=False_sas=3_don=10-11_reSplitAces=True_hitSplitAces=True_surr=no_peek=False_bj-pays=1.2
============================

Cut Card (Penetration: 75%) Theoretical Edge %: 2.2238% Cut Card Empiric Edge %: -2.2228%
CSM (Penetration: 0.0%) Theoretical Edge %: 2.2038% CSM Empiric Edge %: -2.2048%
CSM Error: -0.0010%, Cut Card Error: 0.0010%
CSM Speed: 3579341 hands/sec, Cut Card Speed: 11279298 hands/sec

[482/3456] 
=== Starting Regression Test ===
NUM_ROUNDS:  1000000000
NUM_THREADS: 16
Scenario:    decks=2_ss17=False_das=True_sas=4_don=10-11_reSplitAces=True_hitSplitAces=True_surr=no_peek=True_bj-pays=1.5
============================

Cut Card (Penetration: 75%) Theoretical Edge %: 0.4914% Cut Card Empiric Edge %: -0.4881%
CSM (Penetration: 0.0%) Theoretical Edge %: 0.4284% CSM Empiric Edge %: -0.4286%
CSM Error: -0.0002%, Cut Card Error: 0.0033%
CSM Speed: 6942612 hands/sec, Cut Card Speed: 10805554 hands/sec

[483/3456] 
=== Starting Regression Test ===
NUM_ROUNDS:  1000000000
NUM_THREADS: 16
Scenario:    decks=6_ss17=True_das=True_sas=3_don=Any_reSplitAces=False_hitSplitAces=False_surr=no_peek=True_bj-pays=1.5
============================

Cut Card (Penetration: 75%) Theoretical Edge %: 0.4349% Cut Card Empiric Edge %: -0.4324%
CSM (Penetration: 0.0%) Theoretical Edge %: 0.4149% CSM Empiric Edge %: -0.4171%
CSM Error: -0.0022%, Cut Card Error: 0.0025%
CSM Speed: 3590664 hands/sec, Cut Card Speed: 11907030 hands/sec

[484/3456] 
=== Starting Regression Test ===
NUM_ROUNDS:  1000000000
NUM_THREADS: 16
Scenario:    decks=2_ss17=False_das=False_sas=2_don=10-11_reSplitAces=True_hitSplitAces=True_surr=yes_peek=True_bj-pays=1.2
============================

NOTE: surr=yes + peek=True — using the available surr=2-10 theoretical edge as a comparison baseline; edge assertion skipped.
Cut Card (Penetration: 75%) Theoretical Edge %: 1.9927% Cut Card Empiric Edge %: -1.9917%
CSM (Penetration: 0.0%) Theoretical Edge %: 1.9297% CSM Empiric Edge %: -1.9311%
CSM Error: -0.0013%, Cut Card Error: 0.0010%
CSM Speed: 6674053 hands/sec, Cut Card Speed: 11114940 hands/sec

[485/3456] 
=== Starting Regression Test ===
NUM_ROUNDS:  1000000000
NUM_THREADS: 16
Scenario:    decks=1_ss17=True_das=False_sas=4_don=9-11_reSplitAces=True_hitSplitAces=False_surr=no_peek=True_bj-pays=1.2
============================

Cut Card (Penetration: 75%) Theoretical Edge %: 1.6085% Cut Card Empiric Edge %: -1.6013%
CSM (Penetration: 0.0%) Theoretical Edge %: 1.4955% CSM Empiric Edge %: -1.4999%
CSM Error: -0.0043%, Cut Card Error: 0.0072%
CSM Speed: 9009740 hands/sec, Cut Card Speed: 11777731 hands/sec

[486/3456] 
=== Starting Regression Test ===
NUM_ROUNDS:  1000000000
NUM_THREADS: 16
Scenario:    decks=1_ss17=True_das=True_sas=4_don=Any_reSplitAces=False_hitSplitAces=True_surr=2-10_peek=False_bj-pays=1.2
============================

NOTE: surr=2-10 + peek=False — theoretical table may not match implementation; edge assertion skipped.
Cut Card (Penetration: 75%) Theoretical Edge %: 1.3093% Cut Card Empiric Edge %: -1.1901%
CSM (Penetration: 0.0%) Theoretical Edge %: 1.1963% CSM Empiric Edge %: -1.0445%
CSM Error: 0.1518%, Cut Card Error: 0.1192%
CSM Speed: 8583323 hands/sec, Cut Card Speed: 12272197 hands/sec

[487/3456] 
=== Starting Regression Test ===
NUM_ROUNDS:  1000000000
NUM_THREADS: 16
Scenario:    decks=1_ss17=True_das=False_sas=2_don=9-11_reSplitAces=True_hitSplitAces=True_surr=no_peek=False_bj-pays=1.5
============================

Cut Card (Penetration: 75%) Theoretical Edge %: 0.2399% Cut Card Empiric Edge %: -0.2454%
CSM (Penetration: 0.0%) Theoretical Edge %: 0.1269% CSM Empiric Edge %: -0.1344%
CSM Error: -0.0075%, Cut Card Error: -0.0055%
CSM Speed: 8482700 hands/sec, Cut Card Speed: 11428571 hands/sec

[488/3456] 
=== Starting Regression Test ===
NUM_ROUNDS:  1000000000
NUM_THREADS: 16
Scenario:    decks=1_ss17=True_das=False_sas=3_don=10-11_reSplitAces=False_hitSplitAces=True_surr=2-10_peek=False_bj-pays=1.2
============================

NOTE: surr=2-10 + peek=False — theoretical table may not match implementation; edge assertion skipped.
Cut Card (Penetration: 75%) Theoretical Edge %: 1.7276% Cut Card Empiric Edge %: -1.5894%
CSM (Penetration: 0.0%) Theoretical Edge %: 1.6146% CSM Empiric Edge %: -1.4645%
CSM Error: 0.1501%, Cut Card Error: 0.1382%
CSM Speed: 8645508 hands/sec, Cut Card Speed: 11854521 hands/sec

[489/3456] 
=== Starting Regression Test ===
NUM_ROUNDS:  1000000000
NUM_THREADS: 16
Scenario:    decks=6_ss17=False_das=True_sas=2_don=10-11_reSplitAces=True_hitSplitAces=True_surr=no_peek=False_bj-pays=1.2
============================

Cut Card (Penetration: 75%) Theoretical Edge %: 2.1897% Cut Card Empiric Edge %: -2.1934%
CSM (Penetration: 0.0%) Theoretical Edge %: 2.1697% CSM Empiric Edge %: -2.1762%
CSM Error: -0.0064%, Cut Card Error: -0.0036%
CSM Speed: 3594704 hands/sec, Cut Card Speed: 11599582 hands/sec

[490/3456] 
=== Starting Regression Test ===
NUM_ROUNDS:  1000000000
NUM_THREADS: 16
Scenario:    decks=1_ss17=True_das=False_sas=4_don=9-11_reSplitAces=False_hitSplitAces=True_surr=2-10_peek=False_bj-pays=1.5
============================

NOTE: surr=2-10 + peek=False — theoretical table may not match implementation; edge assertion skipped.
Cut Card (Penetration: 75%) Theoretical Edge %: 0.1998% Cut Card Empiric Edge %: -0.0766%
CSM (Penetration: 0.0%) Theoretical Edge %: 0.0868% CSM Empiric Edge %: 0.0697%
CSM Error: 0.1565%, Cut Card Error: 0.1232%
CSM Speed: 8751586 hands/sec, Cut Card Speed: 10987683 hands/sec

[491/3456] 
=== Starting Regression Test ===
NUM_ROUNDS:  1000000000
NUM_THREADS: 16
Scenario:    decks=1_ss17=False_das=False_sas=2_don=Any_reSplitAces=True_hitSplitAces=True_surr=2-10_peek=False_bj-pays=1.2
============================

NOTE: surr=2-10 + peek=False — theoretical table may not match implementation; edge assertion skipped.
Cut Card (Penetration: 75%) Theoretical Edge %: 1.6583% Cut Card Empiric Edge %: -1.5593%
CSM (Penetration: 0.0%) Theoretical Edge %: 1.5453% CSM Empiric Edge %: -1.4108%
CSM Error: 0.1346%, Cut Card Error: 0.0991%
CSM Speed: 8983435 hands/sec, Cut Card Speed: 12049209 hands/sec

[492/3456] 
=== Starting Regression Test ===
NUM_ROUNDS:  1000000000
NUM_THREADS: 16
Scenario:    decks=2_ss17=False_das=False_sas=3_don=10-11_reSplitAces=False_hitSplitAces=False_surr=2-10_peek=False_bj-pays=1.2
============================

NOTE: surr=2-10 + peek=False — theoretical table may not match implementation; edge assertion skipped.
Cut Card (Penetration: 75%) Theoretical Edge %: 2.2329% Cut Card Empiric Edge %: -2.0929%
CSM (Penetration: 0.0%) Theoretical Edge %: 2.1699% CSM Empiric Edge %: -2.0189%
CSM Error: 0.1510%, Cut Card Error: 0.1400%
CSM Speed: 6955506 hands/sec, Cut Card Speed: 11109383 hands/sec

[493/3456] 
=== Starting Regression Test ===
NUM_ROUNDS:  1000000000
NUM_THREADS: 16
Scenario:    decks=6_ss17=False_das=False_sas=2_don=Any_reSplitAces=False_hitSplitAces=False_surr=no_peek=False_bj-pays=1.5
============================

Cut Card (Penetration: 75%) Theoretical Edge %: 0.9248% Cut Card Empiric Edge %: -0.9269%
CSM (Penetration: 0.0%) Theoretical Edge %: 0.9048% CSM Empiric Edge %: -0.8987%
CSM Error: 0.0062%, Cut Card Error: -0.0020%
CSM Speed: 3488222 hands/sec, Cut Card Speed: 11494517 hands/sec

[494/3456] 
=== Starting Regression Test ===
NUM_ROUNDS:  1000000000
NUM_THREADS: 16
Scenario:    decks=1_ss17=True_das=True_sas=2_don=10-11_reSplitAces=False_hitSplitAces=False_surr=2-10_peek=False_bj-pays=1.5
============================

NOTE: surr=2-10 + peek=False — theoretical table may not match implementation; edge assertion skipped.
Cut Card (Penetration: 75%) Theoretical Edge %: 0.3725% Cut Card Empiric Edge %: -0.2415%
CSM (Penetration: 0.0%) Theoretical Edge %: 0.2596% CSM Empiric Edge %: -0.1103%
CSM Error: 0.1493%, Cut Card Error: 0.1310%
CSM Speed: 8321198 hands/sec, Cut Card Speed: 11295606 hands/sec

[495/3456] 
=== Starting Regression Test ===
NUM_ROUNDS:  1000000000
NUM_THREADS: 16
Scenario:    decks=6_ss17=False_das=False_sas=3_don=10-11_reSplitAces=False_hitSplitAces=True_surr=no_peek=False_bj-pays=1.2
============================

Cut Card (Penetration: 75%) Theoretical Edge %: 2.2692% Cut Card Empiric Edge %: -2.2718%
CSM (Penetration: 0.0%) Theoretical Edge %: 2.2492% CSM Empiric Edge %: -2.2562%
CSM Error: -0.0070%, Cut Card Error: -0.0026%
CSM Speed: 3533332 hands/sec, Cut Card Speed: 11256444 hands/sec

[496/3456] 
=== Starting Regression Test ===
NUM_ROUNDS:  1000000000
NUM_THREADS: 16
Scenario:    decks=2_ss17=False_das=True_sas=2_don=9-11_reSplitAces=False_hitSplitAces=True_surr=2-10_peek=False_bj-pays=1.2
============================

NOTE: surr=2-10 + peek=False — theoretical table may not match implementation; edge assertion skipped.
Cut Card (Penetration: 75%) Theoretical Edge %: 1.8835% Cut Card Empiric Edge %: -1.7399%
CSM (Penetration: 0.0%) Theoretical Edge %: 1.8205% CSM Empiric Edge %: -1.6648%
CSM Error: 0.1558%, Cut Card Error: 0.1437%
CSM Speed: 6600965 hands/sec, Cut Card Speed: 11209129 hands/sec

[497/3456] 
=== Starting Regression Test ===
NUM_ROUNDS:  1000000000
NUM_THREADS: 16
Scenario:    decks=1_ss17=True_das=False_sas=2_don=10-11_reSplitAces=False_hitSplitAces=True_surr=yes_peek=True_bj-pays=1.5
============================

NOTE: surr=yes + peek=True — using the available surr=2-10 theoretical edge as a comparison baseline; edge assertion skipped.
Cut Card (Penetration: 75%) Theoretical Edge %: 0.2419% Cut Card Empiric Edge %: -0.2452%
CSM (Penetration: 0.0%) Theoretical Edge %: 0.1289% CSM Empiric Edge %: -0.1355%
CSM Error: -0.0065%, Cut Card Error: -0.0032%
CSM Speed: 8899489 hands/sec, Cut Card Speed: 10862363 hands/sec

[498/3456] 
=== Starting Regression Test ===
NUM_ROUNDS:  1000000000
NUM_THREADS: 16
Scenario:    decks=1_ss17=True_das=False_sas=3_don=Any_reSplitAces=True_hitSplitAces=True_surr=no_peek=True_bj-pays=1.2
============================

Cut Card (Penetration: 75%) Theoretical Edge %: 1.3497% Cut Card Empiric Edge %: -1.3475%
CSM (Penetration: 0.0%) Theoretical Edge %: 1.2367% CSM Empiric Edge %: -1.2411%
CSM Error: -0.0044%, Cut Card Error: 0.0022%
CSM Speed: 8782870 hands/sec, Cut Card Speed: 12398334 hands/sec

[499/3456] 
=== Starting Regression Test ===
NUM_ROUNDS:  1000000000
NUM_THREADS: 16
Scenario:    decks=2_ss17=False_das=True_sas=3_don=10-11_reSplitAces=False_hitSplitAces=False_surr=2-10_peek=False_bj-pays=1.2
============================

NOTE: surr=2-10 + peek=False — theoretical table may not match implementation; edge assertion skipped.
Cut Card (Penetration: 75%) Theoretical Edge %: 2.1134% Cut Card Empiric Edge %: -1.9763%
CSM (Penetration: 0.0%) Theoretical Edge %: 2.0504% CSM Empiric Edge %: -1.8998%
CSM Error: 0.1507%, Cut Card Error: 0.1371%
CSM Speed: 6691067 hands/sec, Cut Card Speed: 10763336 hands/sec

[500/3456] 
=== Starting Regression Test ===
NUM_ROUNDS:  1000000000
NUM_THREADS: 16
Scenario:    decks=1_ss17=True_das=False_sas=2_don=10-11_reSplitAces=False_hitSplitAces=False_surr=no_peek=True_bj-pays=1.5
============================

Cut Card (Penetration: 75%) Theoretical Edge %: 0.3954% Cut Card Empiric Edge %: -0.3913%
CSM (Penetration: 0.0%) Theoretical Edge %: 0.2824% CSM Empiric Edge %: -0.2864%
CSM Error: -0.0040%, Cut Card Error: 0.0041%
CSM Speed: 8880443 hands/sec, Cut Card Speed: 11513972 hands/sec

[501/3456] 
=== Starting Regression Test ===
NUM_ROUNDS:  1000000000
NUM_THREADS: 16
Scenario:    decks=1_ss17=True_das=True_sas=4_don=10-11_reSplitAces=False_hitSplitAces=True_surr=no_peek=False_bj-pays=1.5
============================

Cut Card (Penetration: 75%) Theoretical Edge %: 0.2411% Cut Card Empiric Edge %: -0.2439%
CSM (Penetration: 0.0%) Theoretical Edge %: 0.1281% CSM Empiric Edge %: -0.1316%
CSM Error: -0.0035%, Cut Card Error: -0.0028%
CSM Speed: 8600893 hands/sec, Cut Card Speed: 11404589 hands/sec

[502/3456] 
=== Starting Regression Test ===
NUM_ROUNDS:  1000000000
NUM_THREADS: 16
Scenario:    decks=2_ss17=True_das=False_sas=3_don=Any_reSplitAces=True_hitSplitAces=False_surr=yes_peek=True_bj-pays=1.2
============================

NOTE: surr=yes + peek=True — using the available surr=2-10 theoretical edge as a comparison baseline; edge assertion skipped.
Cut Card (Penetration: 75%) Theoretical Edge %: 1.6770% Cut Card Empiric Edge %: -1.6762%
CSM (Penetration: 0.0%) Theoretical Edge %: 1.6140% CSM Empiric Edge %: -1.6096%
CSM Error: 0.0045%, Cut Card Error: 0.0008%
CSM Speed: 6992567 hands/sec, Cut Card Speed: 11614941 hands/sec

[503/3456] 
=== Starting Regression Test ===
NUM_ROUNDS:  1000000000
NUM_THREADS: 16
Scenario:    decks=1_ss17=True_das=False_sas=2_don=9-11_reSplitAces=False_hitSplitAces=True_surr=yes_peek=True_bj-pays=1.5
============================

NOTE: surr=yes + peek=True — using the available surr=2-10 theoretical edge as a comparison baseline; edge assertion skipped.
Cut Card (Penetration: 75%) Theoretical Edge %: 0.1099% Cut Card Empiric Edge %: -0.1217%
CSM (Penetration: 0.0%) Theoretical Edge %: -0.0031% CSM Empiric Edge %: -0.0082%
CSM Error: -0.0114%, Cut Card Error: -0.0118%
CSM Speed: 8685532 hands/sec, Cut Card Speed: 11340440 hands/sec

[504/3456] 
=== Starting Regression Test ===
NUM_ROUNDS:  1000000000
NUM_THREADS: 16
Scenario:    decks=6_ss17=False_das=True_sas=4_don=10-11_reSplitAces=True_hitSplitAces=False_surr=no_peek=True_bj-pays=1.5
============================

Cut Card (Penetration: 75%) Theoretical Edge %: 0.7714% Cut Card Empiric Edge %: -0.7677%
CSM (Penetration: 0.0%) Theoretical Edge %: 0.7514% CSM Empiric Edge %: -0.7506%
CSM Error: 0.0008%, Cut Card Error: 0.0037%
CSM Speed: 3555366 hands/sec, Cut Card Speed: 11341855 hands/sec

[505/3456] 
=== Starting Regression Test ===
NUM_ROUNDS:  1000000000
NUM_THREADS: 16
Scenario:    decks=1_ss17=True_das=True_sas=3_don=10-11_reSplitAces=False_hitSplitAces=False_surr=no_peek=False_bj-pays=1.5
============================

Cut Card (Penetration: 75%) Theoretical Edge %: 0.3713% Cut Card Empiric Edge %: -0.3778%
CSM (Penetration: 0.0%) Theoretical Edge %: 0.2583% CSM Empiric Edge %: -0.2659%
CSM Error: -0.0076%, Cut Card Error: -0.0065%
CSM Speed: 9053625 hands/sec, Cut Card Speed: 10944032 hands/sec

[506/3456] 
=== Starting Regression Test ===
NUM_ROUNDS:  1000000000
NUM_THREADS: 16
Scenario:    decks=2_ss17=True_das=False_sas=3_don=Any_reSplitAces=False_hitSplitAces=False_surr=no_peek=True_bj-pays=1.5
============================

Cut Card (Penetration: 75%) Theoretical Edge %: 0.4016% Cut Card Empiric Edge %: -0.3966%
CSM (Penetration: 0.0%) Theoretical Edge %: 0.3386% CSM Empiric Edge %: -0.3371%
CSM Error: 0.0015%, Cut Card Error: 0.0050%
CSM Speed: 6754749 hands/sec, Cut Card Speed: 11879730 hands/sec

[507/3456] 
=== Starting Regression Test ===
NUM_ROUNDS:  1000000000
NUM_THREADS: 16
Scenario:    decks=1_ss17=True_das=True_sas=2_don=10-11_reSplitAces=True_hitSplitAces=True_surr=no_peek=False_bj-pays=1.2
============================

Cut Card (Penetration: 75%) Theoretical Edge %: 1.6623% Cut Card Empiric Edge %: -1.6476%
CSM (Penetration: 0.0%) Theoretical Edge %: 1.5493% CSM Empiric Edge %: -1.5569%
CSM Error: -0.0076%, Cut Card Error: 0.0147%
CSM Speed: 8715053 hands/sec, Cut Card Speed: 10676461 hands/sec

[508/3456] 
=== Starting Regression Test ===
NUM_ROUNDS:  1000000000
NUM_THREADS: 16
Scenario:    decks=1_ss17=True_das=True_sas=4_don=Any_reSplitAces=True_hitSplitAces=False_surr=2-10_peek=False_bj-pays=1.2
============================

NOTE: surr=2-10 + peek=False — theoretical table may not match implementation; edge assertion skipped.
Cut Card (Penetration: 75%) Theoretical Edge %: 1.4163% Cut Card Empiric Edge %: -1.3010%
CSM (Penetration: 0.0%) Theoretical Edge %: 1.3033% CSM Empiric Edge %: -1.1461%
CSM Error: 0.1572%, Cut Card Error: 0.1153%
CSM Speed: 8949667 hands/sec, Cut Card Speed: 11353831 hands/sec

[509/3456] 
=== Starting Regression Test ===
NUM_ROUNDS:  1000000000
NUM_THREADS: 16
Scenario:    decks=1_ss17=True_das=False_sas=4_don=Any_reSplitAces=True_hitSplitAces=False_surr=2-10_peek=False_bj-pays=1.5
============================

NOTE: surr=2-10 + peek=False — theoretical table may not match implementation; edge assertion skipped.
Cut Card (Penetration: 75%) Theoretical Edge %: 0.1612% Cut Card Empiric Edge %: -0.0510%
CSM (Penetration: 0.0%) Theoretical Edge %: 0.0482% CSM Empiric Edge %: 0.1060%
CSM Error: 0.1542%, Cut Card Error: 0.1101%
CSM Speed: 8425097 hands/sec, Cut Card Speed: 11085491 hands/sec

[510/3456] 
=== Starting Regression Test ===
NUM_ROUNDS:  1000000000
NUM_THREADS: 16
Scenario:    decks=1_ss17=True_das=True_sas=2_don=9-11_reSplitAces=False_hitSplitAces=True_surr=2-10_peek=False_bj-pays=1.2
============================

NOTE: surr=2-10 + peek=False — theoretical table may not match implementation; edge assertion skipped.
Cut Card (Penetration: 75%) Theoretical Edge %: 1.4922% Cut Card Empiric Edge %: -1.3595%
CSM (Penetration: 0.0%) Theoretical Edge %: 1.3792% CSM Empiric Edge %: -1.2269%
CSM Error: 0.1522%, Cut Card Error: 0.1326%
CSM Speed: 8472709 hands/sec, Cut Card Speed: 10949544 hands/sec

[511/3456] 
=== Starting Regression Test ===
NUM_ROUNDS:  1000000000
NUM_THREADS: 16
Scenario:    decks=2_ss17=True_das=False_sas=3_don=Any_reSplitAces=False_hitSplitAces=True_surr=no_peek=False_bj-pays=1.5
============================

Cut Card (Penetration: 75%) Theoretical Edge %: 0.3523% Cut Card Empiric Edge %: -0.3474%
CSM (Penetration: 0.0%) Theoretical Edge %: 0.2893% CSM Empiric Edge %: -0.2929%
CSM Error: -0.0036%, Cut Card Error: 0.0049%
CSM Speed: 6567799 hands/sec, Cut Card Speed: 10628461 hands/sec

[512/3456] 
=== Starting Regression Test ===
NUM_ROUNDS:  1000000000
NUM_THREADS: 16
Scenario:    decks=6_ss17=True_das=True_sas=3_don=9-11_reSplitAces=True_hitSplitAces=True_surr=2-10_peek=False_bj-pays=1.5
============================

NOTE: surr=2-10 + peek=False — theoretical table may not match implementation; edge assertion skipped.
Cut Card (Penetration: 75%) Theoretical Edge %: 0.3449% Cut Card Empiric Edge %: -0.1863%
CSM (Penetration: 0.0%) Theoretical Edge %: 0.3249% CSM Empiric Edge %: -0.1591%
CSM Error: 0.1658%, Cut Card Error: 0.1586%
CSM Speed: 3468200 hands/sec, Cut Card Speed: 10607041 hands/sec

[513/3456] 
=== Starting Regression Test ===
NUM_ROUNDS:  1000000000
NUM_THREADS: 16
Scenario:    decks=6_ss17=True_das=True_sas=3_don=Any_reSplitAces=True_hitSplitAces=True_surr=no_peek=False_bj-pays=1.5
============================

Cut Card (Penetration: 75%) Theoretical Edge %: 0.3199% Cut Card Empiric Edge %: -0.3294%
CSM (Penetration: 0.0%) Theoretical Edge %: 0.2999% CSM Empiric Edge %: -0.3014%
CSM Error: -0.0016%, Cut Card Error: -0.0096%
CSM Speed: 3494781 hands/sec, Cut Card Speed: 10837171 hands/sec

[514/3456] 
=== Starting Regression Test ===
NUM_ROUNDS:  1000000000
NUM_THREADS: 16
Scenario:    decks=6_ss17=True_das=False_sas=3_don=Any_reSplitAces=False_hitSplitAces=True_surr=2-10_peek=False_bj-pays=1.5
============================

NOTE: surr=2-10 + peek=False — theoretical table may not match implementation; edge assertion skipped.
Cut Card (Penetration: 75%) Theoretical Edge %: 0.4316% Cut Card Empiric Edge %: -0.2672%
CSM (Penetration: 0.0%) Theoretical Edge %: 0.4116% CSM Empiric Edge %: -0.2437%
CSM Error: 0.1678%, Cut Card Error: 0.1643%
CSM Speed: 3597847 hands/sec, Cut Card Speed: 11139703 hands/sec

[515/3456] 
=== Starting Regression Test ===
NUM_ROUNDS:  1000000000
NUM_THREADS: 16
Scenario:    decks=6_ss17=True_das=True_sas=2_don=Any_reSplitAces=True_hitSplitAces=False_surr=2-10_peek=False_bj-pays=1.2
============================

NOTE: surr=2-10 + peek=False — theoretical table may not match implementation; edge assertion skipped.
Cut Card (Penetration: 75%) Theoretical Edge %: 1.8701% Cut Card Empiric Edge %: -1.7124%
CSM (Penetration: 0.0%) Theoretical Edge %: 1.8501% CSM Empiric Edge %: -1.6742%
CSM Error: 0.1759%, Cut Card Error: 0.1577%
CSM Speed: 3597161 hands/sec, Cut Card Speed: 11535356 hands/sec

[516/3456] 
=== Starting Regression Test ===
NUM_ROUNDS:  1000000000
NUM_THREADS: 16
Scenario:    decks=1_ss17=False_das=True_sas=4_don=Any_reSplitAces=True_hitSplitAces=True_surr=2-10_peek=False_bj-pays=1.5
============================

NOTE: surr=2-10 + peek=False — theoretical table may not match implementation; edge assertion skipped.
Cut Card (Penetration: 75%) Theoretical Edge %: 0.0687% Cut Card Empiric Edge %: 0.0255%
CSM (Penetration: 0.0%) Theoretical Edge %: -0.0443% CSM Empiric Edge %: 0.1846%
CSM Error: 0.1403%, Cut Card Error: 0.0942%
CSM Speed: 8322029 hands/sec, Cut Card Speed: 10528643 hands/sec

[517/3456] 
=== Starting Regression Test ===
NUM_ROUNDS:  1000000000
NUM_THREADS: 16
Scenario:    decks=2_ss17=True_das=True_sas=2_don=Any_reSplitAces=True_hitSplitAces=False_surr=yes_peek=True_bj-pays=1.5
============================

NOTE: surr=yes + peek=True — using the available surr=2-10 theoretical edge as a comparison baseline; edge assertion skipped.
Cut Card (Penetration: 75%) Theoretical Edge %: 0.2490% Cut Card Empiric Edge %: -0.2534%
CSM (Penetration: 0.0%) Theoretical Edge %: 0.1860% CSM Empiric Edge %: -0.1849%
CSM Error: 0.0012%, Cut Card Error: -0.0044%
CSM Speed: 6768235 hands/sec, Cut Card Speed: 11181430 hands/sec

[518/3456] 
=== Starting Regression Test ===
NUM_ROUNDS:  1000000000
NUM_THREADS: 16
Scenario:    decks=6_ss17=False_das=False_sas=4_don=9-11_reSplitAces=False_hitSplitAces=False_surr=no_peek=True_bj-pays=1.2
============================

Cut Card (Penetration: 75%) Theoretical Edge %: 2.2414% Cut Card Empiric Edge %: -2.2424%
CSM (Penetration: 0.0%) Theoretical Edge %: 2.2214% CSM Empiric Edge %: -2.2215%
CSM Error: -0.0001%, Cut Card Error: -0.0010%
CSM Speed: 3431674 hands/sec, Cut Card Speed: 10632868 hands/sec

[519/3456] 
=== Starting Regression Test ===
NUM_ROUNDS:  1000000000
NUM_THREADS: 16
Scenario:    decks=2_ss17=True_das=False_sas=2_don=Any_reSplitAces=True_hitSplitAces=False_surr=2-10_peek=False_bj-pays=1.2
============================

NOTE: surr=2-10 + peek=False — theoretical table may not match implementation; edge assertion skipped.
Cut Card (Penetration: 75%) Theoretical Edge %: 1.8478% Cut Card Empiric Edge %: -1.6893%
CSM (Penetration: 0.0%) Theoretical Edge %: 1.7848% CSM Empiric Edge %: -1.6177%
CSM Error: 0.1671%, Cut Card Error: 0.1585%
CSM Speed: 6785826 hands/sec, Cut Card Speed: 10696331 hands/sec

[520/3456] 
=== Starting Regression Test ===
NUM_ROUNDS:  1000000000
NUM_THREADS: 16
Scenario:    decks=2_ss17=False_das=True_sas=2_don=9-11_reSplitAces=True_hitSplitAces=True_surr=2-10_peek=False_bj-pays=1.2
============================

NOTE: surr=2-10 + peek=False — theoretical table may not match implementation; edge assertion skipped.
Cut Card (Penetration: 75%) Theoretical Edge %: 1.8835% Cut Card Empiric Edge %: -1.7469%
CSM (Penetration: 0.0%) Theoretical Edge %: 1.8205% CSM Empiric Edge %: -1.6658%
CSM Error: 0.1547%, Cut Card Error: 0.1366%
CSM Speed: 6684358 hands/sec, Cut Card Speed: 10576750 hands/sec

[521/3456] 
=== Starting Regression Test ===
NUM_ROUNDS:  1000000000
NUM_THREADS: 16
Scenario:    decks=2_ss17=False_das=False_sas=2_don=9-11_reSplitAces=False_hitSplitAces=False_surr=2-10_peek=False_bj-pays=1.5
============================

NOTE: surr=2-10 + peek=False — theoretical table may not match implementation; edge assertion skipped.
Cut Card (Penetration: 75%) Theoretical Edge %: 0.7814% Cut Card Empiric Edge %: -0.6448%
CSM (Penetration: 0.0%) Theoretical Edge %: 0.7184% CSM Empiric Edge %: -0.5652%
CSM Error: 0.1532%, Cut Card Error: 0.1366%
CSM Speed: 6572807 hands/sec, Cut Card Speed: 10755232 hands/sec

[522/3456] 
=== Starting Regression Test ===
NUM_ROUNDS:  1000000000
NUM_THREADS: 16
Scenario:    decks=1_ss17=False_das=False_sas=2_don=Any_reSplitAces=True_hitSplitAces=True_surr=yes_peek=True_bj-pays=1.5
============================

NOTE: surr=yes + peek=True — using the available surr=2-10 theoretical edge as a comparison baseline; edge assertion skipped.
Cut Card (Penetration: 75%) Theoretical Edge %: 0.1524% Cut Card Empiric Edge %: -0.1733%
CSM (Penetration: 0.0%) Theoretical Edge %: 0.0394% CSM Empiric Edge %: -0.0419%
CSM Error: -0.0026%, Cut Card Error: -0.0209%
CSM Speed: 8803049 hands/sec, Cut Card Speed: 12052694 hands/sec

[523/3456] 
=== Starting Regression Test ===
NUM_ROUNDS:  1000000000
NUM_THREADS: 16
Scenario:    decks=2_ss17=True_das=False_sas=3_don=Any_reSplitAces=False_hitSplitAces=True_surr=2-10_peek=False_bj-pays=1.2
============================

NOTE: surr=2-10 + peek=False — theoretical table may not match implementation; edge assertion skipped.
Cut Card (Penetration: 75%) Theoretical Edge %: 1.6705% Cut Card Empiric Edge %: -1.5197%
CSM (Penetration: 0.0%) Theoretical Edge %: 1.6075% CSM Empiric Edge %: -1.4461%
CSM Error: 0.1614%, Cut Card Error: 0.1508%
CSM Speed: 6851708 hands/sec, Cut Card Speed: 10456751 hands/sec

[524/3456] 
=== Starting Regression Test ===
NUM_ROUNDS:  1000000000
NUM_THREADS: 16
Scenario:    decks=6_ss17=False_das=False_sas=4_don=10-11_reSplitAces=False_hitSplitAces=False_surr=2-10_peek=False_bj-pays=1.5
============================

NOTE: surr=2-10 + peek=False — theoretical table may not match implementation; edge assertion skipped.
Cut Card (Penetration: 75%) Theoretical Edge %: 0.9795% Cut Card Empiric Edge %: -0.8259%
CSM (Penetration: 0.0%) Theoretical Edge %: 0.9595% CSM Empiric Edge %: -0.8032%
CSM Error: 0.1564%, Cut Card Error: 0.1536%
CSM Speed: 3433182 hands/sec, Cut Card Speed: 10179360 hands/sec

[525/3456] 
=== Starting Regression Test ===
NUM_ROUNDS:  1000000000
NUM_THREADS: 16
Scenario:    decks=1_ss17=False_das=True_sas=3_don=Any_reSplitAces=True_hitSplitAces=True_surr=2-10_peek=False_bj-pays=1.5
============================

NOTE: surr=2-10 + peek=False — theoretical table may not match implementation; edge assertion skipped.
Cut Card (Penetration: 75%) Theoretical Edge %: 0.0719% Cut Card Empiric Edge %: 0.0151%
CSM (Penetration: 0.0%) Theoretical Edge %: -0.0411% CSM Empiric Edge %: 0.1757%
CSM Error: 0.1346%, Cut Card Error: 0.0870%
CSM Speed: 8635280 hands/sec, Cut Card Speed: 11310938 hands/sec

[526/3456] 
=== Starting Regression Test ===
NUM_ROUNDS:  1000000000
NUM_THREADS: 16
Scenario:    decks=2_ss17=False_das=False_sas=3_don=10-11_reSplitAces=True_hitSplitAces=False_surr=2-10_peek=False_bj-pays=1.5
============================

NOTE: surr=2-10 + peek=False — theoretical table may not match implementation; edge assertion skipped.
Cut Card (Penetration: 75%) Theoretical Edge %: 0.8155% Cut Card Empiric Edge %: -0.6774%
CSM (Penetration: 0.0%) Theoretical Edge %: 0.7525% CSM Empiric Edge %: -0.5955%
CSM Error: 0.1570%, Cut Card Error: 0.1381%
CSM Speed: 6656150 hands/sec, Cut Card Speed: 10855052 hands/sec

[527/3456] 
=== Starting Regression Test ===
NUM_ROUNDS:  1000000000
NUM_THREADS: 16
Scenario:    decks=2_ss17=False_das=True_sas=2_don=Any_reSplitAces=False_hitSplitAces=True_surr=no_peek=False_bj-pays=1.2
============================

Cut Card (Penetration: 75%) Theoretical Edge %: 1.8248% Cut Card Empiric Edge %: -1.8284%
CSM (Penetration: 0.0%) Theoretical Edge %: 1.7618% CSM Empiric Edge %: -1.7622%
CSM Error: -0.0005%, Cut Card Error: -0.0037%
CSM Speed: 6690440 hands/sec, Cut Card Speed: 10624283 hands/sec

[528/3456] 
=== Starting Regression Test ===
NUM_ROUNDS:  1000000000
NUM_THREADS: 16
Scenario:    decks=2_ss17=True_das=False_sas=2_don=Any_reSplitAces=False_hitSplitAces=False_surr=2-10_peek=False_bj-pays=1.2
============================

NOTE: surr=2-10 + peek=False — theoretical table may not match implementation; edge assertion skipped.
Cut Card (Penetration: 75%) Theoretical Edge %: 1.8478% Cut Card Empiric Edge %: -1.6940%
CSM (Penetration: 0.0%) Theoretical Edge %: 1.7848% CSM Empiric Edge %: -1.6153%
CSM Error: 0.1695%, Cut Card Error: 0.1538%
CSM Speed: 6820445 hands/sec, Cut Card Speed: 11251125 hands/sec

[529/3456] 
=== Starting Regression Test ===
NUM_ROUNDS:  1000000000
NUM_THREADS: 16
Scenario:    decks=6_ss17=True_das=False_sas=2_don=Any_reSplitAces=False_hitSplitAces=True_surr=no_peek=True_bj-pays=1.5
============================

Cut Card (Penetration: 75%) Theoretical Edge %: 0.4214% Cut Card Empiric Edge %: -0.4246%
CSM (Penetration: 0.0%) Theoretical Edge %: 0.4014% CSM Empiric Edge %: -0.4004%
CSM Error: 0.0010%, Cut Card Error: -0.0033%
CSM Speed: 3597756 hands/sec, Cut Card Speed: 11191441 hands/sec

[530/3456] 
=== Starting Regression Test ===
NUM_ROUNDS:  1000000000
NUM_THREADS: 16
Scenario:    decks=2_ss17=True_das=True_sas=2_don=Any_reSplitAces=False_hitSplitAces=True_surr=2-10_peek=False_bj-pays=1.2
============================

NOTE: surr=2-10 + peek=False — theoretical table may not match implementation; edge assertion skipped.
Cut Card (Penetration: 75%) Theoretical Edge %: 1.5615% Cut Card Empiric Edge %: -1.4082%
CSM (Penetration: 0.0%) Theoretical Edge %: 1.4985% CSM Empiric Edge %: -1.3348%
CSM Error: 0.1637%, Cut Card Error: 0.1533%
CSM Speed: 6839056 hands/sec, Cut Card Speed: 10797620 hands/sec

[531/3456] 
=== Starting Regression Test ===
NUM_ROUNDS:  1000000000
NUM_THREADS: 16
Scenario:    decks=1_ss17=False_das=False_sas=4_don=Any_reSplitAces=False_hitSplitAces=True_surr=no_peek=False_bj-pays=1.2
============================

Cut Card (Penetration: 75%) Theoretical Edge %: 1.6819% Cut Card Empiric Edge %: -1.6877%
CSM (Penetration: 0.0%) Theoretical Edge %: 1.5689% CSM Empiric Edge %: -1.5743%
CSM Error: -0.0054%, Cut Card Error: -0.0058%
CSM Speed: 8932080 hands/sec, Cut Card Speed: 11614807 hands/sec

[532/3456] 
=== Starting Regression Test ===
NUM_ROUNDS:  1000000000
NUM_THREADS: 16
Scenario:    decks=2_ss17=True_das=False_sas=2_don=10-11_reSplitAces=False_hitSplitAces=False_surr=yes_peek=True_bj-pays=1.2
============================

NOTE: surr=yes + peek=True — using the available surr=2-10 theoretical edge as a comparison baseline; edge assertion skipped.
Cut Card (Penetration: 75%) Theoretical Edge %: 1.9543% Cut Card Empiric Edge %: -1.9498%
CSM (Penetration: 0.0%) Theoretical Edge %: 1.8913% CSM Empiric Edge %: -1.8965%
CSM Error: -0.0052%, Cut Card Error: 0.0045%
CSM Speed: 6849221 hands/sec, Cut Card Speed: 11179555 hands/sec

[533/3456] 
=== Starting Regression Test ===
NUM_ROUNDS:  1000000000
NUM_THREADS: 16
Scenario:    decks=1_ss17=False_das=False_sas=2_don=10-11_reSplitAces=False_hitSplitAces=False_surr=yes_peek=True_bj-pays=1.5
============================

NOTE: surr=yes + peek=True — using the available surr=2-10 theoretical edge as a comparison baseline; edge assertion skipped.
Cut Card (Penetration: 75%) Theoretical Edge %: 0.5588% Cut Card Empiric Edge %: -0.5738%
CSM (Penetration: 0.0%) Theoretical Edge %: 0.4458% CSM Empiric Edge %: -0.4393%
CSM Error: 0.0066%, Cut Card Error: -0.0150%
CSM Speed: 8536429 hands/sec, Cut Card Speed: 11092993 hands/sec

[534/3456] 
=== Starting Regression Test ===
NUM_ROUNDS:  1000000000
NUM_THREADS: 16
Scenario:    decks=2_ss17=True_das=True_sas=4_don=9-11_reSplitAces=False_hitSplitAces=True_surr=2-10_peek=False_bj-pays=1.5
============================

NOTE: surr=2-10 + peek=False — theoretical table may not match implementation; edge assertion skipped.
Cut Card (Penetration: 75%) Theoretical Edge %: 0.2650% Cut Card Empiric Edge %: -0.1106%
CSM (Penetration: 0.0%) Theoretical Edge %: 0.2020% CSM Empiric Edge %: -0.0377%
CSM Error: 0.1643%, Cut Card Error: 0.1544%
CSM Speed: 6612313 hands/sec, Cut Card Speed: 11227881 hands/sec

[535/3456] 
=== Starting Regression Test ===
NUM_ROUNDS:  1000000000
NUM_THREADS: 16
Scenario:    decks=1_ss17=True_das=True_sas=4_don=9-11_reSplitAces=False_hitSplitAces=True_surr=2-10_peek=False_bj-pays=1.2
============================

NOTE: surr=2-10 + peek=False — theoretical table may not match implementation; edge assertion skipped.
Cut Card (Penetration: 75%) Theoretical Edge %: 1.4642% Cut Card Empiric Edge %: -1.3419%
CSM (Penetration: 0.0%) Theoretical Edge %: 1.3512% CSM Empiric Edge %: -1.2055%
CSM Error: 0.1457%, Cut Card Error: 0.1223%
CSM Speed: 8437608 hands/sec, Cut Card Speed: 11370872 hands/sec

[536/3456] 
=== Starting Regression Test ===
NUM_ROUNDS:  1000000000
NUM_THREADS: 16
Scenario:    decks=6_ss17=True_das=True_sas=2_don=10-11_reSplitAces=True_hitSplitAces=False_surr=2-10_peek=False_bj-pays=1.2
============================

NOTE: surr=2-10 + peek=False — theoretical table may not match implementation; edge assertion skipped.
Cut Card (Penetration: 75%) Theoretical Edge %: 2.0595% Cut Card Empiric Edge %: -1.8940%
CSM (Penetration: 0.0%) Theoretical Edge %: 2.0395% CSM Empiric Edge %: -1.8680%
CSM Error: 0.1715%, Cut Card Error: 0.1655%
CSM Speed: 3528606 hands/sec, Cut Card Speed: 11009700 hands/sec

[537/3456] 
=== Starting Regression Test ===
NUM_ROUNDS:  1000000000
NUM_THREADS: 16
Scenario:    decks=6_ss17=False_das=False_sas=4_don=9-11_reSplitAces=True_hitSplitAces=False_surr=yes_peek=True_bj-pays=1.2
============================

NOTE: surr=yes + peek=True — using the available surr=2-10 theoretical edge as a comparison baseline; edge assertion skipped.
Cut Card (Penetration: 75%) Theoretical Edge %: 2.0852% Cut Card Empiric Edge %: -2.0879%
CSM (Penetration: 0.0%) Theoretical Edge %: 2.0652% CSM Empiric Edge %: -2.0645%
CSM Error: 0.0008%, Cut Card Error: -0.0027%
CSM Speed: 3587444 hands/sec, Cut Card Speed: 11011518 hands/sec

[538/3456] 
=== Starting Regression Test ===
NUM_ROUNDS:  1000000000
NUM_THREADS: 16
Scenario:    decks=6_ss17=False_das=False_sas=4_don=Any_reSplitAces=True_hitSplitAces=True_surr=no_peek=False_bj-pays=1.2
============================

Cut Card (Penetration: 75%) Theoretical Edge %: 2.0293% Cut Card Empiric Edge %: -2.0307%
CSM (Penetration: 0.0%) Theoretical Edge %: 2.0093% CSM Empiric Edge %: -2.0160%
CSM Error: -0.0067%, Cut Card Error: -0.0014%
CSM Speed: 3471029 hands/sec, Cut Card Speed: 11181430 hands/sec

[539/3456] 
=== Starting Regression Test ===
NUM_ROUNDS:  1000000000
NUM_THREADS: 16
Scenario:    decks=2_ss17=False_das=False_sas=3_don=10-11_reSplitAces=True_hitSplitAces=False_surr=no_peek=False_bj-pays=1.2
============================

Cut Card (Penetration: 75%) Theoretical Edge %: 2.2600% Cut Card Empiric Edge %: -2.2539%
CSM (Penetration: 0.0%) Theoretical Edge %: 2.1970% CSM Empiric Edge %: -2.1935%
CSM Error: 0.0035%, Cut Card Error: 0.0061%
CSM Speed: 6758766 hands/sec, Cut Card Speed: 10279817 hands/sec

[540/3456] 
=== Starting Regression Test ===
NUM_ROUNDS:  1000000000
NUM_THREADS: 16
Scenario:    decks=6_ss17=True_das=True_sas=4_don=9-11_reSplitAces=False_hitSplitAces=True_surr=yes_peek=True_bj-pays=1.2
============================

NOTE: surr=yes + peek=True — using the available surr=2-10 theoretical edge as a comparison baseline; edge assertion skipped.
Cut Card (Penetration: 75%) Theoretical Edge %: 1.6289% Cut Card Empiric Edge %: -1.6335%
CSM (Penetration: 0.0%) Theoretical Edge %: 1.6089% CSM Empiric Edge %: -1.6127%
CSM Error: -0.0038%, Cut Card Error: -0.0046%
CSM Speed: 3480040 hands/sec, Cut Card Speed: 10804854 hands/sec

[541/3456] 
=== Starting Regression Test ===
NUM_ROUNDS:  1000000000
NUM_THREADS: 16
Scenario:    decks=6_ss17=True_das=False_sas=4_don=10-11_reSplitAces=True_hitSplitAces=True_surr=no_peek=False_bj-pays=1.2
============================

Cut Card (Penetration: 75%) Theoretical Edge %: 1.9846% Cut Card Empiric Edge %: -1.9932%
CSM (Penetration: 0.0%) Theoretical Edge %: 1.9646% CSM Empiric Edge %: -1.9734%
CSM Error: -0.0089%, Cut Card Error: -0.0087%
CSM Speed: 3538808 hands/sec, Cut Card Speed: 10431771 hands/sec

[542/3456] 
=== Starting Regression Test ===
NUM_ROUNDS:  1000000000
NUM_THREADS: 16
Scenario:    decks=1_ss17=True_das=False_sas=3_don=9-11_reSplitAces=False_hitSplitAces=True_surr=no_peek=True_bj-pays=1.2
============================

Cut Card (Penetration: 75%) Theoretical Edge %: 1.5104% Cut Card Empiric Edge %: -1.4962%
CSM (Penetration: 0.0%) Theoretical Edge %: 1.3974% CSM Empiric Edge %: -1.3958%
CSM Error: 0.0016%, Cut Card Error: 0.0142%
CSM Speed: 8842124 hands/sec, Cut Card Speed: 11016249 hands/sec

[543/3456] 
=== Starting Regression Test ===
NUM_ROUNDS:  1000000000
NUM_THREADS: 16
Scenario:    decks=6_ss17=False_das=True_sas=4_don=10-11_reSplitAces=False_hitSplitAces=False_surr=no_peek=False_bj-pays=1.2
============================

Cut Card (Penetration: 75%) Theoretical Edge %: 2.3104% Cut Card Empiric Edge %: -2.3071%
CSM (Penetration: 0.0%) Theoretical Edge %: 2.2904% CSM Empiric Edge %: -2.2903%
CSM Error: 0.0000%, Cut Card Error: 0.0033%
CSM Speed: 3411269 hands/sec, Cut Card Speed: 11210762 hands/sec

[544/3456] 
=== Starting Regression Test ===
NUM_ROUNDS:  1000000000
NUM_THREADS: 16
Scenario:    decks=1_ss17=False_das=False_sas=3_don=9-11_reSplitAces=False_hitSplitAces=True_surr=no_peek=True_bj-pays=1.5
============================

Cut Card (Penetration: 75%) Theoretical Edge %: 0.3200% Cut Card Empiric Edge %: -0.3181%
CSM (Penetration: 0.0%) Theoretical Edge %: 0.2070% CSM Empiric Edge %: -0.2025%
CSM Error: 0.0045%, Cut Card Error: 0.0019%
CSM Speed: 8898618 hands/sec, Cut Card Speed: 11570860 hands/sec

[545/3456] 
=== Starting Regression Test ===
NUM_ROUNDS:  1000000000
NUM_THREADS: 16
Scenario:    decks=1_ss17=True_das=True_sas=4_don=9-11_reSplitAces=False_hitSplitAces=False_surr=no_peek=True_bj-pays=1.5
============================

Cut Card (Penetration: 75%) Theoretical Edge %: 0.1140% Cut Card Empiric Edge %: -0.1203%
CSM (Penetration: 0.0%) Theoretical Edge %: 0.0010% CSM Empiric Edge %: -0.0002%
CSM Error: 0.0008%, Cut Card Error: -0.0063%
CSM Speed: 8644836 hands/sec, Cut Card Speed: 11634942 hands/sec

[546/3456] 
=== Starting Regression Test ===
NUM_ROUNDS:  1000000000
NUM_THREADS: 16
Scenario:    decks=2_ss17=True_das=True_sas=3_don=Any_reSplitAces=False_hitSplitAces=False_surr=no_peek=False_bj-pays=1.5
============================

Cut Card (Penetration: 75%) Theoretical Edge %: 0.3679% Cut Card Empiric Edge %: -0.3825%
CSM (Penetration: 0.0%) Theoretical Edge %: 0.3049% CSM Empiric Edge %: -0.3060%
CSM Error: -0.0011%, Cut Card Error: -0.0146%
CSM Speed: 6915103 hands/sec, Cut Card Speed: 11304417 hands/sec

[547/3456] 
=== Starting Regression Test ===
NUM_ROUNDS:  1000000000
NUM_THREADS: 16
Scenario:    decks=1_ss17=True_das=True_sas=4_don=9-11_reSplitAces=True_hitSplitAces=False_surr=2-10_peek=False_bj-pays=1.2
============================

NOTE: surr=2-10 + peek=False — theoretical table may not match implementation; edge assertion skipped.
Cut Card (Penetration: 75%) Theoretical Edge %: 1.5615% Cut Card Empiric Edge %: -1.4347%
CSM (Penetration: 0.0%) Theoretical Edge %: 1.4485% CSM Empiric Edge %: -1.3017%
CSM Error: 0.1468%, Cut Card Error: 0.1267%
CSM Speed: 8554539 hands/sec, Cut Card Speed: 11215666 hands/sec

[548/3456] 
=== Starting Regression Test ===
NUM_ROUNDS:  1000000000
NUM_THREADS: 16
Scenario:    decks=6_ss17=True_das=False_sas=3_don=10-11_reSplitAces=False_hitSplitAces=True_surr=no_peek=True_bj-pays=1.2
============================

Cut Card (Penetration: 75%) Theoretical Edge %: 1.9262% Cut Card Empiric Edge %: -1.9172%
CSM (Penetration: 0.0%) Theoretical Edge %: 1.9062% CSM Empiric Edge %: -1.9042%
CSM Error: 0.0020%, Cut Card Error: 0.0090%
CSM Speed: 3521524 hands/sec, Cut Card Speed: 11400169 hands/sec

[549/3456] 
=== Starting Regression Test ===
NUM_ROUNDS:  1000000000
NUM_THREADS: 16
Scenario:    decks=6_ss17=False_das=True_sas=4_don=10-11_reSplitAces=False_hitSplitAces=True_surr=yes_peek=True_bj-pays=1.5
============================

NOTE: surr=yes + peek=True — using the available surr=2-10 theoretical edge as a comparison baseline; edge assertion skipped.
Cut Card (Penetration: 75%) Theoretical Edge %: 0.5738% Cut Card Empiric Edge %: -0.5725%
CSM (Penetration: 0.0%) Theoretical Edge %: 0.5538% CSM Empiric Edge %: -0.5471%
CSM Error: 0.0067%, Cut Card Error: 0.0013%
CSM Speed: 3519342 hands/sec, Cut Card Speed: 10986234 hands/sec

[550/3456] 
=== Starting Regression Test ===
NUM_ROUNDS:  1000000000
NUM_THREADS: 16
Scenario:    decks=1_ss17=True_das=False_sas=2_don=10-11_reSplitAces=False_hitSplitAces=False_surr=2-10_peek=False_bj-pays=1.5
============================

NOTE: surr=2-10 + peek=False — theoretical table may not match implementation; edge assertion skipped.
Cut Card (Penetration: 75%) Theoretical Edge %: 0.4770% Cut Card Empiric Edge %: -0.3516%
CSM (Penetration: 0.0%) Theoretical Edge %: 0.3640% CSM Empiric Edge %: -0.2104%
CSM Error: 0.1535%, Cut Card Error: 0.1254%
CSM Speed: 8673779 hands/sec, Cut Card Speed: 10711455 hands/sec

[551/3456] 
=== Starting Regression Test ===
NUM_ROUNDS:  1000000000
NUM_THREADS: 16
Scenario:    decks=1_ss17=True_das=False_sas=2_don=10-11_reSplitAces=True_hitSplitAces=False_surr=no_peek=False_bj-pays=1.5
============================

Cut Card (Penetration: 75%) Theoretical Edge %: 0.5006% Cut Card Empiric Edge %: -0.5031%
CSM (Penetration: 0.0%) Theoretical Edge %: 0.3876% CSM Empiric Edge %: -0.3876%
CSM Error: 0.0000%, Cut Card Error: -0.0025%
CSM Speed: 8692024 hands/sec, Cut Card Speed: 11681697 hands/sec

[552/3456] 
=== Starting Regression Test ===
NUM_ROUNDS:  1000000000
NUM_THREADS: 16
Scenario:    decks=2_ss17=False_das=True_sas=3_don=10-11_reSplitAces=True_hitSplitAces=True_surr=no_peek=False_bj-pays=1.2
============================

Cut Card (Penetration: 75%) Theoretical Edge %: 1.9947% Cut Card Empiric Edge %: -1.9885%
CSM (Penetration: 0.0%) Theoretical Edge %: 1.9317% CSM Empiric Edge %: -1.9354%
CSM Error: -0.0037%, Cut Card Error: 0.0063%
CSM Speed: 6677573 hands/sec, Cut Card Speed: 10589070 hands/sec

[553/3456] 
=== Starting Regression Test ===
NUM_ROUNDS:  1000000000
NUM_THREADS: 16
Scenario:    decks=6_ss17=False_das=True_sas=2_don=9-11_reSplitAces=False_hitSplitAces=True_surr=2-10_peek=False_bj-pays=1.2
============================

NOTE: surr=2-10 + peek=False — theoretical table may not match implementation; edge assertion skipped.
Cut Card (Penetration: 75%) Theoretical Edge %: 2.0021% Cut Card Empiric Edge %: -1.8563%
CSM (Penetration: 0.0%) Theoretical Edge %: 1.9822% CSM Empiric Edge %: -1.8334%
CSM Error: 0.1487%, Cut Card Error: 0.1458%
CSM Speed: 3502112 hands/sec, Cut Card Speed: 11164826 hands/sec

[554/3456] 
=== Starting Regression Test ===
NUM_ROUNDS:  1000000000
NUM_THREADS: 16
Scenario:    decks=1_ss17=False_das=False_sas=4_don=Any_reSplitAces=True_hitSplitAces=True_surr=no_peek=True_bj-pays=1.5
============================

Cut Card (Penetration: 75%) Theoretical Edge %: 0.1471% Cut Card Empiric Edge %: -0.1539%
CSM (Penetration: 0.0%) Theoretical Edge %: 0.0341% CSM Empiric Edge %: -0.0317%
CSM Error: 0.0024%, Cut Card Error: -0.0067%
CSM Speed: 8940865 hands/sec, Cut Card Speed: 11052899 hands/sec

[555/3456] 
=== Starting Regression Test ===
NUM_ROUNDS:  1000000000
NUM_THREADS: 16
Scenario:    decks=2_ss17=True_das=True_sas=4_don=10-11_reSplitAces=True_hitSplitAces=False_surr=2-10_peek=False_bj-pays=1.5
============================

NOTE: surr=2-10 + peek=False — theoretical table may not match implementation; edge assertion skipped.
Cut Card (Penetration: 75%) Theoretical Edge %: 0.4848% Cut Card Empiric Edge %: -0.3327%
CSM (Penetration: 0.0%) Theoretical Edge %: 0.4218% CSM Empiric Edge %: -0.2526%
CSM Error: 0.1692%, Cut Card Error: 0.1521%
CSM Speed: 6642532 hands/sec, Cut Card Speed: 10463206 hands/sec

[556/3456] 
=== Starting Regression Test ===
NUM_ROUNDS:  1000000000
NUM_THREADS: 16
Scenario:    decks=1_ss17=False_das=False_sas=3_don=10-11_reSplitAces=False_hitSplitAces=True_surr=no_peek=False_bj-pays=1.2
============================

Cut Card (Penetration: 75%) Theoretical Edge %: 1.9593% Cut Card Empiric Edge %: -1.9478%
CSM (Penetration: 0.0%) Theoretical Edge %: 1.8463% CSM Empiric Edge %: -1.8506%
CSM Error: -0.0043%, Cut Card Error: 0.0115%
CSM Speed: 8651267 hands/sec, Cut Card Speed: 11083403 hands/sec

[557/3456] 
=== Starting Regression Test ===
NUM_ROUNDS:  1000000000
NUM_THREADS: 16
Scenario:    decks=2_ss17=True_das=False_sas=3_don=9-11_reSplitAces=False_hitSplitAces=False_surr=yes_peek=True_bj-pays=1.2
============================

NOTE: surr=yes + peek=True — using the available surr=2-10 theoretical edge as a comparison baseline; edge assertion skipped.
Cut Card (Penetration: 75%) Theoretical Edge %: 1.8284% Cut Card Empiric Edge %: -1.8310%
CSM (Penetration: 0.0%) Theoretical Edge %: 1.7654% CSM Empiric Edge %: -1.7717%
CSM Error: -0.0063%, Cut Card Error: -0.0026%
CSM Speed: 6572893 hands/sec, Cut Card Speed: 10753498 hands/sec

[558/3456] 
=== Starting Regression Test ===
NUM_ROUNDS:  1000000000
NUM_THREADS: 16
Scenario:    decks=1_ss17=False_das=False_sas=3_don=10-11_reSplitAces=False_hitSplitAces=False_surr=2-10_peek=False_bj-pays=1.5
============================

NOTE: surr=2-10 + peek=False — theoretical table may not match implementation; edge assertion skipped.
Cut Card (Penetration: 75%) Theoretical Edge %: 0.6521% Cut Card Empiric Edge %: -0.5470%
CSM (Penetration: 0.0%) Theoretical Edge %: 0.5391% CSM Empiric Edge %: -0.3943%
CSM Error: 0.1449%, Cut Card Error: 0.1051%
CSM Speed: 8192222 hands/sec, Cut Card Speed: 11035579 hands/sec

[559/3456] 
=== Starting Regression Test ===
NUM_ROUNDS:  1000000000
NUM_THREADS: 16
Scenario:    decks=6_ss17=True_das=False_sas=3_don=9-11_reSplitAces=False_hitSplitAces=True_surr=no_peek=False_bj-pays=1.2
============================

Cut Card (Penetration: 75%) Theoretical Edge %: 1.9593% Cut Card Empiric Edge %: -1.9637%
CSM (Penetration: 0.0%) Theoretical Edge %: 1.9393% CSM Empiric Edge %: -1.9436%
CSM Error: -0.0042%, Cut Card Error: -0.0044%
CSM Speed: 3450096 hands/sec, Cut Card Speed: 11235198 hands/sec

[560/3456] 
=== Starting Regression Test ===
NUM_ROUNDS:  1000000000
NUM_THREADS: 16
Scenario:    decks=6_ss17=True_das=True_sas=3_don=10-11_reSplitAces=True_hitSplitAces=True_surr=yes_peek=True_bj-pays=1.2
============================

NOTE: surr=yes + peek=True — using the available surr=2-10 theoretical edge as a comparison baseline; edge assertion skipped.
Cut Card (Penetration: 75%) Theoretical Edge %: 1.6841% Cut Card Empiric Edge %: -1.6807%
CSM (Penetration: 0.0%) Theoretical Edge %: 1.6641% CSM Empiric Edge %: -1.6566%
CSM Error: 0.0075%, Cut Card Error: 0.0034%
CSM Speed: 3529578 hands/sec, Cut Card Speed: 10980806 hands/sec

[561/3456] 
=== Starting Regression Test ===
NUM_ROUNDS:  1000000000
NUM_THREADS: 16
Scenario:    decks=1_ss17=False_das=False_sas=4_don=Any_reSplitAces=False_hitSplitAces=False_surr=no_peek=True_bj-pays=1.2
============================

Cut Card (Penetration: 75%) Theoretical Edge %: 1.6982% Cut Card Empiric Edge %: -1.6943%
CSM (Penetration: 0.0%) Theoretical Edge %: 1.5852% CSM Empiric Edge %: -1.5849%
CSM Error: 0.0004%, Cut Card Error: 0.0039%
CSM Speed: 8623292 hands/sec, Cut Card Speed: 11448197 hands/sec

[562/3456] 
=== Starting Regression Test ===
NUM_ROUNDS:  1000000000
NUM_THREADS: 16
Scenario:    decks=6_ss17=False_das=True_sas=3_don=Any_reSplitAces=False_hitSplitAces=False_surr=2-10_peek=False_bj-pays=1.5
============================

NOTE: surr=2-10 + peek=False — theoretical table may not match implementation; edge assertion skipped.
Cut Card (Penetration: 75%) Theoretical Edge %: 0.6637% Cut Card Empiric Edge %: -0.5151%
CSM (Penetration: 0.0%) Theoretical Edge %: 0.6437% CSM Empiric Edge %: -0.4864%
CSM Error: 0.1573%, Cut Card Error: 0.1485%
CSM Speed: 3452836 hands/sec, Cut Card Speed: 11349836 hands/sec

[563/3456] 
=== Starting Regression Test ===
NUM_ROUNDS:  1000000000
NUM_THREADS: 16
Scenario:    decks=1_ss17=True_das=True_sas=2_don=Any_reSplitAces=False_hitSplitAces=True_surr=no_peek=True_bj-pays=1.2
============================

Cut Card (Penetration: 75%) Theoretical Edge %: 1.2523% Cut Card Empiric Edge %: -1.2443%
CSM (Penetration: 0.0%) Theoretical Edge %: 1.1393% CSM Empiric Edge %: -1.1404%
CSM Error: -0.0011%, Cut Card Error: 0.0080%
CSM Speed: 8815466 hands/sec, Cut Card Speed: 12038330 hands/sec

[564/3456] 
=== Starting Regression Test ===
NUM_ROUNDS:  1000000000
NUM_THREADS: 16
Scenario:    decks=6_ss17=True_das=False_sas=4_don=10-11_reSplitAces=True_hitSplitAces=False_surr=no_peek=True_bj-pays=1.2
============================

Cut Card (Penetration: 75%) Theoretical Edge %: 2.0326% Cut Card Empiric Edge %: -2.0321%
CSM (Penetration: 0.0%) Theoretical Edge %: 2.0126% CSM Empiric Edge %: -2.0087%
CSM Error: 0.0039%, Cut Card Error: 0.0005%
CSM Speed: 3632995 hands/sec, Cut Card Speed: 11352542 hands/sec

[565/3456] 
=== Starting Regression Test ===
NUM_ROUNDS:  1000000000
NUM_THREADS: 16
Scenario:    decks=6_ss17=True_das=False_sas=3_don=9-11_reSplitAces=False_hitSplitAces=False_surr=yes_peek=True_bj-pays=1.5
============================

NOTE: surr=yes + peek=True — using the available surr=2-10 theoretical edge as a comparison baseline; edge assertion skipped.
Cut Card (Penetration: 75%) Theoretical Edge %: 0.5903% Cut Card Empiric Edge %: -0.5993%
CSM (Penetration: 0.0%) Theoretical Edge %: 0.5703% CSM Empiric Edge %: -0.5694%
CSM Error: 0.0009%, Cut Card Error: -0.0091%
CSM Speed: 3565050 hands/sec, Cut Card Speed: 11009215 hands/sec

[566/3456] 
=== Starting Regression Test ===
NUM_ROUNDS:  1000000000
NUM_THREADS: 16
Scenario:    decks=1_ss17=True_das=True_sas=2_don=10-11_reSplitAces=False_hitSplitAces=True_surr=2-10_peek=False_bj-pays=1.5
============================

NOTE: surr=2-10 + peek=False — theoretical table may not match implementation; edge assertion skipped.
Cut Card (Penetration: 75%) Theoretical Edge %: 0.2439% Cut Card Empiric Edge %: -0.1193%
CSM (Penetration: 0.0%) Theoretical Edge %: 0.1309% CSM Empiric Edge %: 0.0226%
CSM Error: 0.1536%, Cut Card Error: 0.1246%
CSM Speed: 8379280 hands/sec, Cut Card Speed: 11521799 hands/sec

[567/3456] 
=== Starting Regression Test ===
NUM_ROUNDS:  1000000000
NUM_THREADS: 16
Scenario:    decks=1_ss17=True_das=False_sas=3_don=9-11_reSplitAces=False_hitSplitAces=True_surr=2-10_peek=False_bj-pays=1.5
============================

NOTE: surr=2-10 + peek=False — theoretical table may not match implementation; edge assertion skipped.
Cut Card (Penetration: 75%) Theoretical Edge %: 0.2008% Cut Card Empiric Edge %: -0.0771%
CSM (Penetration: 0.0%) Theoretical Edge %: 0.0877% CSM Empiric Edge %: 0.0621%
CSM Error: 0.1499%, Cut Card Error: 0.1237%
CSM Speed: 8743322 hands/sec, Cut Card Speed: 11159344 hands/sec

[568/3456] 
=== Starting Regression Test ===
NUM_ROUNDS:  1000000000
NUM_THREADS: 16
Scenario:    decks=6_ss17=True_das=True_sas=2_don=9-11_reSplitAces=False_hitSplitAces=False_surr=no_peek=True_bj-pays=1.2
============================

Cut Card (Penetration: 75%) Theoretical Edge %: 1.9348% Cut Card Empiric Edge %: -1.9298%
CSM (Penetration: 0.0%) Theoretical Edge %: 1.9148% CSM Empiric Edge %: -1.9111%
CSM Error: 0.0037%, Cut Card Error: 0.0050%
CSM Speed: 3639911 hands/sec, Cut Card Speed: 11456328 hands/sec

[569/3456] 
=== Starting Regression Test ===
NUM_ROUNDS:  1000000000
NUM_THREADS: 16
Scenario:    decks=2_ss17=True_das=True_sas=2_don=10-11_reSplitAces=False_hitSplitAces=True_surr=2-10_peek=False_bj-pays=1.5
============================

NOTE: surr=2-10 + peek=False — theoretical table may not match implementation; edge assertion skipped.
Cut Card (Penetration: 75%) Theoretical Edge %: 0.4212% Cut Card Empiric Edge %: -0.2692%
CSM (Penetration: 0.0%) Theoretical Edge %: 0.3582% CSM Empiric Edge %: -0.1957%
CSM Error: 0.1625%, Cut Card Error: 0.1520%
CSM Speed: 6638784 hands/sec, Cut Card Speed: 11121739 hands/sec

[570/3456] 
=== Starting Regression Test ===
NUM_ROUNDS:  1000000000
NUM_THREADS: 16
Scenario:    decks=1_ss17=True_das=False_sas=2_don=Any_reSplitAces=True_hitSplitAces=True_surr=2-10_peek=False_bj-pays=1.2
============================

NOTE: surr=2-10 + peek=False — theoretical table may not match implementation; edge assertion skipped.
Cut Card (Penetration: 75%) Theoretical Edge %: 1.4752% Cut Card Empiric Edge %: -1.3519%
CSM (Penetration: 0.0%) Theoretical Edge %: 1.3622% CSM Empiric Edge %: -1.2122%
CSM Error: 0.1500%, Cut Card Error: 0.1233%
CSM Speed: 8869022 hands/sec, Cut Card Speed: 11643070 hands/sec

[571/3456] 
=== Starting Regression Test ===
NUM_ROUNDS:  1000000000
NUM_THREADS: 16
Scenario:    decks=2_ss17=False_das=True_sas=2_don=10-11_reSplitAces=False_hitSplitAces=True_surr=yes_peek=True_bj-pays=1.2
============================

NOTE: surr=yes + peek=True — using the available surr=2-10 theoretical edge as a comparison baseline; edge assertion skipped.
Cut Card (Penetration: 75%) Theoretical Edge %: 1.8845% Cut Card Empiric Edge %: -1.8797%
CSM (Penetration: 0.0%) Theoretical Edge %: 1.8215% CSM Empiric Edge %: -1.8200%
CSM Error: 0.0016%, Cut Card Error: 0.0048%
CSM Speed: 6776124 hands/sec, Cut Card Speed: 11292162 hands/sec

[572/3456] 
=== Starting Regression Test ===
NUM_ROUNDS:  1000000000
NUM_THREADS: 16
Scenario:    decks=1_ss17=True_das=True_sas=3_don=Any_reSplitAces=True_hitSplitAces=False_surr=2-10_peek=False_bj-pays=1.2
============================

NOTE: surr=2-10 + peek=False — theoretical table may not match implementation; edge assertion skipped.
Cut Card (Penetration: 75%) Theoretical Edge %: 1.4199% Cut Card Empiric Edge %: -1.3021%
CSM (Penetration: 0.0%) Theoretical Edge %: 1.3069% CSM Empiric Edge %: -1.1485%
CSM Error: 0.1584%, Cut Card Error: 0.1178%
CSM Speed: 8955438 hands/sec, Cut Card Speed: 11167320 hands/sec

[573/3456] 
=== Starting Regression Test ===
NUM_ROUNDS:  1000000000
NUM_THREADS: 16
Scenario:    decks=1_ss17=False_das=True_sas=3_don=Any_reSplitAces=False_hitSplitAces=False_surr=2-10_peek=False_bj-pays=1.5
============================

NOTE: surr=2-10 + peek=False — theoretical table may not match implementation; edge assertion skipped.
Cut Card (Penetration: 75%) Theoretical Edge %: 0.2344% Cut Card Empiric Edge %: -0.1424%
CSM (Penetration: 0.0%) Theoretical Edge %: 0.1214% CSM Empiric Edge %: 0.0096%
CSM Error: 0.1310%, Cut Card Error: 0.0919%
CSM Speed: 8788196 hands/sec, Cut Card Speed: 11729930 hands/sec

[574/3456] 
=== Starting Regression Test ===
NUM_ROUNDS:  1000000000
NUM_THREADS: 16
Scenario:    decks=1_ss17=True_das=True_sas=2_don=10-11_reSplitAces=True_hitSplitAces=False_surr=no_peek=False_bj-pays=1.2
============================

Cut Card (Penetration: 75%) Theoretical Edge %: 1.7909% Cut Card Empiric Edge %: -1.7846%
CSM (Penetration: 0.0%) Theoretical Edge %: 1.6779% CSM Empiric Edge %: -1.6797%
CSM Error: -0.0017%, Cut Card Error: 0.0063%
CSM Speed: 8369041 hands/sec, Cut Card Speed: 11253151 hands/sec

[575/3456] 
=== Starting Regression Test ===
NUM_ROUNDS:  1000000000
NUM_THREADS: 16
Scenario:    decks=6_ss17=False_das=True_sas=4_don=9-11_reSplitAces=False_hitSplitAces=True_surr=2-10_peek=False_bj-pays=1.2
============================

NOTE: surr=2-10 + peek=False — theoretical table may not match implementation; edge assertion skipped.
Cut Card (Penetration: 75%) Theoretical Edge %: 1.9513% Cut Card Empiric Edge %: -1.8093%
CSM (Penetration: 0.0%) Theoretical Edge %: 1.9313% CSM Empiric Edge %: -1.7778%
CSM Error: 0.1535%, Cut Card Error: 0.1420%
CSM Speed: 3527250 hands/sec, Cut Card Speed: 11256444 hands/sec

[576/3456] 
=== Starting Regression Test ===
NUM_ROUNDS:  1000000000
NUM_THREADS: 16
Scenario:    decks=2_ss17=False_das=False_sas=3_don=10-11_reSplitAces=True_hitSplitAces=False_surr=no_peek=False_bj-pays=1.5
============================

Cut Card (Penetration: 75%) Theoretical Edge %: 0.8865% Cut Card Empiric Edge %: -0.8830%
CSM (Penetration: 0.0%) Theoretical Edge %: 0.8235% CSM Empiric Edge %: -0.8205%
CSM Error: 0.0030%, Cut Card Error: 0.0035%
CSM Speed: 6732511 hands/sec, Cut Card Speed: 10939363 hands/sec

[577/3456] 
=== Starting Regression Test ===
NUM_ROUNDS:  1000000000
NUM_THREADS: 16
Scenario:    decks=2_ss17=False_das=False_sas=2_don=Any_reSplitAces=True_hitSplitAces=False_surr=yes_peek=True_bj-pays=1.5
============================

NOTE: surr=yes + peek=True — using the available surr=2-10 theoretical edge as a comparison baseline; edge assertion skipped.
Cut Card (Penetration: 75%) Theoretical Edge %: 0.5627% Cut Card Empiric Edge %: -0.5698%
CSM (Penetration: 0.0%) Theoretical Edge %: 0.4998% CSM Empiric Edge %: -0.4975%
CSM Error: 0.0022%, Cut Card Error: -0.0070%
CSM Speed: 7005401 hands/sec, Cut Card Speed: 11637108 hands/sec

[578/3456] 
=== Starting Regression Test ===
NUM_ROUNDS:  1000000000
NUM_THREADS: 16
Scenario:    decks=2_ss17=True_das=True_sas=3_don=10-11_reSplitAces=False_hitSplitAces=False_surr=2-10_peek=False_bj-pays=1.5
============================

NOTE: surr=2-10 + peek=False — theoretical table may not match implementation; edge assertion skipped.
Cut Card (Penetration: 75%) Theoretical Edge %: 0.5403% Cut Card Empiric Edge %: -0.3877%
CSM (Penetration: 0.0%) Theoretical Edge %: 0.4773% CSM Empiric Edge %: -0.3094%
CSM Error: 0.1679%, Cut Card Error: 0.1526%
CSM Speed: 6519330 hands/sec, Cut Card Speed: 11015521 hands/sec

[579/3456] 
=== Starting Regression Test ===
NUM_ROUNDS:  1000000000
NUM_THREADS: 16
Scenario:    decks=6_ss17=False_das=False_sas=2_don=Any_reSplitAces=True_hitSplitAces=False_surr=yes_peek=True_bj-pays=1.5
============================

NOTE: surr=yes + peek=True — using the available surr=2-10 theoretical edge as a comparison baseline; edge assertion skipped.
Cut Card (Penetration: 75%) Theoretical Edge %: 0.7280% Cut Card Empiric Edge %: -0.7350%
CSM (Penetration: 0.0%) Theoretical Edge %: 0.7080% CSM Empiric Edge %: -0.7043%
CSM Error: 0.0036%, Cut Card Error: -0.0070%
CSM Speed: 3543762 hands/sec, Cut Card Speed: 11617235 hands/sec

[580/3456] 
=== Starting Regression Test ===
NUM_ROUNDS:  1000000000
NUM_THREADS: 16
Scenario:    decks=6_ss17=True_das=True_sas=4_don=10-11_reSplitAces=True_hitSplitAces=False_surr=no_peek=True_bj-pays=1.5
============================

Cut Card (Penetration: 75%) Theoretical Edge %: 0.5497% Cut Card Empiric Edge %: -0.5458%
CSM (Penetration: 0.0%) Theoretical Edge %: 0.5298% CSM Empiric Edge %: -0.5305%
CSM Error: -0.0007%, Cut Card Error: 0.0040%
CSM Speed: 3480900 hands/sec, Cut Card Speed: 11263798 hands/sec

[581/3456] 
=== Starting Regression Test ===
NUM_ROUNDS:  1000000000
NUM_THREADS: 16
Scenario:    decks=2_ss17=False_das=False_sas=4_don=10-11_reSplitAces=True_hitSplitAces=True_surr=2-10_peek=False_bj-pays=1.5
============================

NOTE: surr=2-10 + peek=False — theoretical table may not match implementation; edge assertion skipped.
Cut Card (Penetration: 75%) Theoretical Edge %: 0.6614% Cut Card Empiric Edge %: -0.5187%
CSM (Penetration: 0.0%) Theoretical Edge %: 0.5985% CSM Empiric Edge %: -0.4477%
CSM Error: 0.1507%, Cut Card Error: 0.1427%
CSM Speed: 6692455 hands/sec, Cut Card Speed: 10904293 hands/sec

[582/3456] 
=== Starting Regression Test ===
NUM_ROUNDS:  1000000000
NUM_THREADS: 16
Scenario:    decks=6_ss17=True_das=False_sas=2_don=10-11_reSplitAces=False_hitSplitAces=True_surr=no_peek=True_bj-pays=1.2
============================

Cut Card (Penetration: 75%) Theoretical Edge %: 1.9546% Cut Card Empiric Edge %: -1.9483%
CSM (Penetration: 0.0%) Theoretical Edge %: 1.9345% CSM Empiric Edge %: -1.9311%
CSM Error: 0.0035%, Cut Card Error: 0.0062%
CSM Speed: 3511125 hands/sec, Cut Card Speed: 11156481 hands/sec

[583/3456] 
=== Starting Regression Test ===
NUM_ROUNDS:  1000000000
NUM_THREADS: 16
Scenario:    decks=1_ss17=True_das=True_sas=3_don=10-11_reSplitAces=False_hitSplitAces=False_surr=yes_peek=True_bj-pays=1.2
============================

NOTE: surr=yes + peek=True — using the available surr=2-10 theoretical edge as a comparison baseline; edge assertion skipped.
Cut Card (Penetration: 75%) Theoretical Edge %: 1.6364% Cut Card Empiric Edge %: -1.6396%
CSM (Penetration: 0.0%) Theoretical Edge %: 1.5234% CSM Empiric Edge %: -1.5272%
CSM Error: -0.0038%, Cut Card Error: -0.0032%
CSM Speed: 8451228 hands/sec, Cut Card Speed: 10514031 hands/sec

[584/3456] 
=== Starting Regression Test ===
NUM_ROUNDS:  1000000000
NUM_THREADS: 16
Scenario:    decks=6_ss17=False_das=False_sas=2_don=9-11_reSplitAces=True_hitSplitAces=True_surr=yes_peek=True_bj-pays=1.2
============================

NOTE: surr=yes + peek=True — using the available surr=2-10 theoretical edge as a comparison baseline; edge assertion skipped.
Cut Card (Penetration: 75%) Theoretical Edge %: 2.0088% Cut Card Empiric Edge %: -2.0083%
CSM (Penetration: 0.0%) Theoretical Edge %: 1.9888% CSM Empiric Edge %: -1.9870%
CSM Error: 0.0018%, Cut Card Error: 0.0006%
CSM Speed: 3434821 hands/sec, Cut Card Speed: 11189562 hands/sec

[585/3456] 
=== Starting Regression Test ===
NUM_ROUNDS:  1000000000
NUM_THREADS: 16
Scenario:    decks=2_ss17=True_das=True_sas=3_don=9-11_reSplitAces=True_hitSplitAces=True_surr=no_peek=True_bj-pays=1.5
============================

Cut Card (Penetration: 75%) Theoretical Edge %: 0.1739% Cut Card Empiric Edge %: -0.1705%
CSM (Penetration: 0.0%) Theoretical Edge %: 0.1109% CSM Empiric Edge %: -0.1078%
CSM Error: 0.0031%, Cut Card Error: 0.0035%
CSM Speed: 6795232 hands/sec, Cut Card Speed: 11096193 hands/sec

[586/3456] 
=== Starting Regression Test ===
NUM_ROUNDS:  1000000000
NUM_THREADS: 16
Scenario:    decks=6_ss17=True_das=False_sas=3_don=9-11_reSplitAces=True_hitSplitAces=True_surr=no_peek=False_bj-pays=1.5
============================

Cut Card (Penetration: 75%) Theoretical Edge %: 0.5540% Cut Card Empiric Edge %: -0.5545%
CSM (Penetration: 0.0%) Theoretical Edge %: 0.5340% CSM Empiric Edge %: -0.5382%
CSM Error: -0.0042%, Cut Card Error: -0.0005%
CSM Speed: 3555884 hands/sec, Cut Card Speed: 10937568 hands/sec

[587/3456] 
=== Starting Regression Test ===
NUM_ROUNDS:  1000000000
NUM_THREADS: 16
Scenario:    decks=2_ss17=False_das=True_sas=3_don=9-11_reSplitAces=False_hitSplitAces=True_surr=yes_peek=True_bj-pays=1.5
============================

NOTE: surr=yes + peek=True — using the available surr=2-10 theoretical edge as a comparison baseline; edge assertion skipped.
Cut Card (Penetration: 75%) Theoretical Edge %: 0.3607% Cut Card Empiric Edge %: -0.3640%
CSM (Penetration: 0.0%) Theoretical Edge %: 0.2977% CSM Empiric Edge %: -0.2952%
CSM Error: 0.0025%, Cut Card Error: -0.0033%
CSM Speed: 6890184 hands/sec, Cut Card Speed: 10900846 hands/sec

[588/3456] 
=== Starting Regression Test ===
NUM_ROUNDS:  1000000000
NUM_THREADS: 16
Scenario:    decks=1_ss17=True_das=False_sas=2_don=9-11_reSplitAces=True_hitSplitAces=False_surr=no_peek=False_bj-pays=1.2
============================

Cut Card (Penetration: 75%) Theoretical Edge %: 1.7633% Cut Card Empiric Edge %: -1.7602%
CSM (Penetration: 0.0%) Theoretical Edge %: 1.6503% CSM Empiric Edge %: -1.6536%
CSM Error: -0.0033%, Cut Card Error: 0.0031%
CSM Speed: 8815310 hands/sec, Cut Card Speed: 11329776 hands/sec

[589/3456] 
=== Starting Regression Test ===
NUM_ROUNDS:  1000000000
NUM_THREADS: 16
Scenario:    decks=6_ss17=True_das=False_sas=4_don=9-11_reSplitAces=True_hitSplitAces=False_surr=no_peek=True_bj-pays=1.2
============================

Cut Card (Penetration: 75%) Theoretical Edge %: 1.9484% Cut Card Empiric Edge %: -1.9427%
CSM (Penetration: 0.0%) Theoretical Edge %: 1.9284% CSM Empiric Edge %: -1.9313%
CSM Error: -0.0028%, Cut Card Error: 0.0057%
CSM Speed: 3501388 hands/sec, Cut Card Speed: 11078368 hands/sec

[590/3456] 
=== Starting Regression Test ===
NUM_ROUNDS:  1000000000
NUM_THREADS: 16
Scenario:    decks=1_ss17=False_das=False_sas=4_don=9-11_reSplitAces=True_hitSplitAces=False_surr=no_peek=False_bj-pays=1.2
============================

Cut Card (Penetration: 75%) Theoretical Edge %: 1.9240% Cut Card Empiric Edge %: -1.9199%
CSM (Penetration: 0.0%) Theoretical Edge %: 1.8110% CSM Empiric Edge %: -1.8137%
CSM Error: -0.0027%, Cut Card Error: 0.0042%
CSM Speed: 8411773 hands/sec, Cut Card Speed: 11044598 hands/sec

[591/3456] 
=== Starting Regression Test ===
NUM_ROUNDS:  1000000000
NUM_THREADS: 16
Scenario:    decks=2_ss17=False_das=True_sas=3_don=10-11_reSplitAces=False_hitSplitAces=True_surr=yes_peek=True_bj-pays=1.2
============================

NOTE: surr=yes + peek=True — using the available surr=2-10 theoretical edge as a comparison baseline; edge assertion skipped.
Cut Card (Penetration: 75%) Theoretical Edge %: 1.8482% Cut Card Empiric Edge %: -1.8498%
CSM (Penetration: 0.0%) Theoretical Edge %: 1.7852% CSM Empiric Edge %: -1.7809%
CSM Error: 0.0043%, Cut Card Error: -0.0016%
CSM Speed: 6599571 hands/sec, Cut Card Speed: 11388873 hands/sec

[592/3456] 
=== Starting Regression Test ===
NUM_ROUNDS:  1000000000
NUM_THREADS: 16
Scenario:    decks=6_ss17=True_das=True_sas=3_don=9-11_reSplitAces=False_hitSplitAces=False_surr=no_peek=True_bj-pays=1.5
============================

Cut Card (Penetration: 75%) Theoretical Edge %: 0.5308% Cut Card Empiric Edge %: -0.5287%
CSM (Penetration: 0.0%) Theoretical Edge %: 0.5108% CSM Empiric Edge %: -0.5035%
CSM Error: 0.0073%, Cut Card Error: 0.0021%
CSM Speed: 3525521 hands/sec, Cut Card Speed: 10564236 hands/sec

[593/3456] 
=== Starting Regression Test ===
NUM_ROUNDS:  1000000000
NUM_THREADS: 16
Scenario:    decks=2_ss17=True_das=True_sas=3_don=10-11_reSplitAces=False_hitSplitAces=True_surr=2-10_peek=False_bj-pays=1.2
============================

NOTE: surr=2-10 + peek=False — theoretical table may not match implementation; edge assertion skipped.
Cut Card (Penetration: 75%) Theoretical Edge %: 1.7593% Cut Card Empiric Edge %: -1.6036%
CSM (Penetration: 0.0%) Theoretical Edge %: 1.6963% CSM Empiric Edge %: -1.5293%
CSM Error: 0.1670%, Cut Card Error: 0.1557%
CSM Speed: 6618747 hands/sec, Cut Card Speed: 10844223 hands/sec

[594/3456] 
=== Starting Regression Test ===
NUM_ROUNDS:  1000000000
NUM_THREADS: 16
Scenario:    decks=1_ss17=True_das=True_sas=4_don=9-11_reSplitAces=True_hitSplitAces=True_surr=no_peek=False_bj-pays=1.2
============================

Cut Card (Penetration: 75%) Theoretical Edge %: 1.4623% Cut Card Empiric Edge %: -1.4604%
CSM (Penetration: 0.0%) Theoretical Edge %: 1.3493% CSM Empiric Edge %: -1.3589%
CSM Error: -0.0096%, Cut Card Error: 0.0019%
CSM Speed: 8221791 hands/sec, Cut Card Speed: 11603755 hands/sec

[595/3456] 
=== Starting Regression Test ===
NUM_ROUNDS:  1000000000
NUM_THREADS: 16
Scenario:    decks=2_ss17=True_das=False_sas=3_don=Any_reSplitAces=True_hitSplitAces=False_surr=no_peek=False_bj-pays=1.2
============================

Cut Card (Penetration: 75%) Theoretical Edge %: 1.8362% Cut Card Empiric Edge %: -1.8289%
CSM (Penetration: 0.0%) Theoretical Edge %: 1.7732% CSM Empiric Edge %: -1.7738%
CSM Error: -0.0006%, Cut Card Error: 0.0073%
CSM Speed: 6707223 hands/sec, Cut Card Speed: 11359764 hands/sec

[596/3456] 
=== Starting Regression Test ===
NUM_ROUNDS:  1000000000
NUM_THREADS: 16
Scenario:    decks=2_ss17=False_das=True_sas=2_don=10-11_reSplitAces=True_hitSplitAces=False_surr=no_peek=False_bj-pays=1.5
============================

Cut Card (Penetration: 75%) Theoretical Edge %: 0.8464% Cut Card Empiric Edge %: -0.8436%
CSM (Penetration: 0.0%) Theoretical Edge %: 0.7833% CSM Empiric Edge %: -0.7833%
CSM Error: 0.0000%, Cut Card Error: 0.0028%
CSM Speed: 6680830 hands/sec, Cut Card Speed: 11498350 hands/sec

[597/3456] 
=== Starting Regression Test ===
NUM_ROUNDS:  1000000000
NUM_THREADS: 16
Scenario:    decks=1_ss17=False_das=False_sas=4_don=10-11_reSplitAces=True_hitSplitAces=False_surr=no_peek=False_bj-pays=1.2
============================

Cut Card (Penetration: 75%) Theoretical Edge %: 2.0547% Cut Card Empiric Edge %: -2.0480%
CSM (Penetration: 0.0%) Theoretical Edge %: 1.9417% CSM Empiric Edge %: -1.9448%
CSM Error: -0.0031%, Cut Card Error: 0.0067%
CSM Speed: 8605778 hands/sec, Cut Card Speed: 11130032 hands/sec

[598/3456] 
=== Starting Regression Test ===
NUM_ROUNDS:  1000000000
NUM_THREADS: 16
Scenario:    decks=2_ss17=True_das=False_sas=2_don=9-11_reSplitAces=True_hitSplitAces=True_surr=2-10_peek=False_bj-pays=1.5
============================

NOTE: surr=2-10 + peek=False — theoretical table may not match implementation; edge assertion skipped.
Cut Card (Penetration: 75%) Theoretical Edge %: 0.4243% Cut Card Empiric Edge %: -0.2764%
CSM (Penetration: 0.0%) Theoretical Edge %: 0.3613% CSM Empiric Edge %: -0.1947%
CSM Error: 0.1667%, Cut Card Error: 0.1479%
CSM Speed: 6840788 hands/sec, Cut Card Speed: 10643393 hands/sec

[599/3456] 
=== Starting Regression Test ===
NUM_ROUNDS:  1000000000
NUM_THREADS: 16
Scenario:    decks=1_ss17=True_das=True_sas=3_don=9-11_reSplitAces=False_hitSplitAces=True_surr=no_peek=False_bj-pays=1.2
============================

Cut Card (Penetration: 75%) Theoretical Edge %: 1.4895% Cut Card Empiric Edge %: -1.4857%
CSM (Penetration: 0.0%) Theoretical Edge %: 1.3765% CSM Empiric Edge %: -1.3837%
CSM Error: -0.0072%, Cut Card Error: 0.0038%
CSM Speed: 8570890 hands/sec, Cut Card Speed: 11193195 hands/sec

[600/3456] 
=== Starting Regression Test ===
NUM_ROUNDS:  1000000000
NUM_THREADS: 16
Scenario:    decks=2_ss17=True_das=True_sas=4_don=9-11_reSplitAces=True_hitSplitAces=True_surr=no_peek=False_bj-pays=1.5
============================

Cut Card (Penetration: 75%) Theoretical Edge %: 0.2782% Cut Card Empiric Edge %: -0.2776%
CSM (Penetration: 0.0%) Theoretical Edge %: 0.2152% CSM Empiric Edge %: -0.2241%
CSM Error: -0.0089%, Cut Card Error: 0.0007%
CSM Speed: 6593175 hands/sec, Cut Card Speed: 10949185 hands/sec

[601/3456] 
=== Starting Regression Test ===
NUM_ROUNDS:  1000000000
NUM_THREADS: 16
Scenario:    decks=1_ss17=True_das=False_sas=3_don=9-11_reSplitAces=False_hitSplitAces=True_surr=2-10_peek=False_bj-pays=1.2
============================

NOTE: surr=2-10 + peek=False — theoretical table may not match implementation; edge assertion skipped.
Cut Card (Penetration: 75%) Theoretical Edge %: 1.5955% Cut Card Empiric Edge %: -1.4659%
CSM (Penetration: 0.0%) Theoretical Edge %: 1.4825% CSM Empiric Edge %: -1.3286%
CSM Error: 0.1539%, Cut Card Error: 0.1296%
CSM Speed: 8784490 hands/sec, Cut Card Speed: 11354089 hands/sec

[602/3456] 
=== Starting Regression Test ===
NUM_ROUNDS:  1000000000
NUM_THREADS: 16
Scenario:    decks=2_ss17=True_das=False_sas=4_don=9-11_reSplitAces=True_hitSplitAces=True_surr=2-10_peek=False_bj-pays=1.5
============================

NOTE: surr=2-10 + peek=False — theoretical table may not match implementation; edge assertion skipped.
Cut Card (Penetration: 75%) Theoretical Edge %: 0.3561% Cut Card Empiric Edge %: -0.2062%
CSM (Penetration: 0.0%) Theoretical Edge %: 0.2931% CSM Empiric Edge %: -0.1298%
CSM Error: 0.1633%, Cut Card Error: 0.1499%
CSM Speed: 6673117 hands/sec, Cut Card Speed: 10837641 hands/sec

[603/3456] 
=== Starting Regression Test ===
NUM_ROUNDS:  1000000000
NUM_THREADS: 16
Scenario:    decks=6_ss17=True_das=True_sas=3_don=10-11_reSplitAces=False_hitSplitAces=True_surr=no_peek=False_bj-pays=1.5
============================

Cut Card (Penetration: 75%) Theoretical Edge %: 0.5650% Cut Card Empiric Edge %: -0.5711%
CSM (Penetration: 0.0%) Theoretical Edge %: 0.5450% CSM Empiric Edge %: -0.5475%
CSM Error: -0.0025%, Cut Card Error: -0.0061%
CSM Speed: 3530201 hands/sec, Cut Card Speed: 10790164 hands/sec

[604/3456] 
=== Starting Regression Test ===
NUM_ROUNDS:  1000000000
NUM_THREADS: 16
Scenario:    decks=2_ss17=False_das=True_sas=2_don=10-11_reSplitAces=False_hitSplitAces=False_surr=no_peek=True_bj-pays=1.5
============================

Cut Card (Penetration: 75%) Theoretical Edge %: 0.7350% Cut Card Empiric Edge %: -0.7315%
CSM (Penetration: 0.0%) Theoretical Edge %: 0.6720% CSM Empiric Edge %: -0.6703%
CSM Error: 0.0017%, Cut Card Error: 0.0035%
CSM Speed: 6652829 hands/sec, Cut Card Speed: 11344042 hands/sec

[605/3456] 
=== Starting Regression Test ===
NUM_ROUNDS:  1000000000
NUM_THREADS: 16
Scenario:    decks=2_ss17=False_das=False_sas=4_don=10-11_reSplitAces=False_hitSplitAces=False_surr=2-10_peek=False_bj-pays=1.5
============================

NOTE: surr=2-10 + peek=False — theoretical table may not match implementation; edge assertion skipped.
Cut Card (Penetration: 75%) Theoretical Edge %: 0.8562% Cut Card Empiric Edge %: -0.7170%
CSM (Penetration: 0.0%) Theoretical Edge %: 0.7932% CSM Empiric Edge %: -0.6456%
CSM Error: 0.1476%, Cut Card Error: 0.1392%
CSM Speed: 6642885 hands/sec, Cut Card Speed: 10969363 hands/sec

[606/3456] 
=== Starting Regression Test ===
NUM_ROUNDS:  1000000000
NUM_THREADS: 16
Scenario:    decks=2_ss17=True_das=True_sas=4_don=Any_reSplitAces=False_hitSplitAces=False_surr=no_peek=False_bj-pays=1.5
============================

Cut Card (Penetration: 75%) Theoretical Edge %: 0.3624% Cut Card Empiric Edge %: -0.3568%
CSM (Penetration: 0.0%) Theoretical Edge %: 0.2994% CSM Empiric Edge %: -0.3036%
CSM Error: -0.0042%, Cut Card Error: 0.0056%
CSM Speed: 6580939 hands/sec, Cut Card Speed: 11122357 hands/sec

[607/3456] 
=== Starting Regression Test ===
NUM_ROUNDS:  1000000000
NUM_THREADS: 16
Scenario:    decks=2_ss17=False_das=False_sas=4_don=Any_reSplitAces=True_hitSplitAces=False_surr=2-10_peek=False_bj-pays=1.2
============================

NOTE: surr=2-10 + peek=False — theoretical table may not match implementation; edge assertion skipped.
Cut Card (Penetration: 75%) Theoretical Edge %: 1.9652% Cut Card Empiric Edge %: -1.8317%
CSM (Penetration: 0.0%) Theoretical Edge %: 1.9022% CSM Empiric Edge %: -1.7508%
CSM Error: 0.1514%, Cut Card Error: 0.1334%
CSM Speed: 6744862 hands/sec, Cut Card Speed: 11244041 hands/sec

[608/3456] 
=== Starting Regression Test ===
NUM_ROUNDS:  1000000000
NUM_THREADS: 16
Scenario:    decks=1_ss17=False_das=False_sas=4_don=9-11_reSplitAces=False_hitSplitAces=True_surr=2-10_peek=False_bj-pays=1.5
============================

NOTE: surr=2-10 + peek=False — theoretical table may not match implementation; edge assertion skipped.
Cut Card (Penetration: 75%) Theoretical Edge %: 0.3927% Cut Card Empiric Edge %: -0.2900%
CSM (Penetration: 0.0%) Theoretical Edge %: 0.2797% CSM Empiric Edge %: -0.1384%
CSM Error: 0.1413%, Cut Card Error: 0.1028%
CSM Speed: 8293937 hands/sec, Cut Card Speed: 10976828 hands/sec

[609/3456] 
=== Starting Regression Test ===
NUM_ROUNDS:  1000000000
NUM_THREADS: 16
Scenario:    decks=1_ss17=True_das=True_sas=4_don=Any_reSplitAces=True_hitSplitAces=False_surr=no_peek=True_bj-pays=1.5
============================

Cut Card (Penetration: 75%) Theoretical Edge %: -0.0634% Cut Card Empiric Edge %: 0.0556%
CSM (Penetration: 0.0%) Theoretical Edge %: -0.1764% CSM Empiric Edge %: 0.1771%
CSM Error: 0.0006%, Cut Card Error: -0.0078%
CSM Speed: 8551906 hands/sec, Cut Card Speed: 11744257 hands/sec

[610/3456] 
=== Starting Regression Test ===
NUM_ROUNDS:  1000000000
NUM_THREADS: 16
Scenario:    decks=2_ss17=True_das=False_sas=2_don=Any_reSplitAces=False_hitSplitAces=False_surr=yes_peek=True_bj-pays=1.2
============================

NOTE: surr=yes + peek=True — using the available surr=2-10 theoretical edge as a comparison baseline; edge assertion skipped.
Cut Card (Penetration: 75%) Theoretical Edge %: 1.7478% Cut Card Empiric Edge %: -1.7463%
CSM (Penetration: 0.0%) Theoretical Edge %: 1.6848% CSM Empiric Edge %: -1.6854%
CSM Error: -0.0006%, Cut Card Error: 0.0015%
CSM Speed: 6827197 hands/sec, Cut Card Speed: 11620205 hands/sec

[611/3456] 
=== Starting Regression Test ===
NUM_ROUNDS:  1000000000
NUM_THREADS: 16
Scenario:    decks=2_ss17=False_das=False_sas=4_don=10-11_reSplitAces=True_hitSplitAces=False_surr=2-10_peek=False_bj-pays=1.2
============================

NOTE: surr=2-10 + peek=False — theoretical table may not match implementation; edge assertion skipped.
Cut Card (Penetration: 75%) Theoretical Edge %: 2.1795% Cut Card Empiric Edge %: -2.0354%
CSM (Penetration: 0.0%) Theoretical Edge %: 2.1165% CSM Empiric Edge %: -1.9699%
CSM Error: 0.1466%, Cut Card Error: 0.1441%
CSM Speed: 6604191 hands/sec, Cut Card Speed: 10670878 hands/sec

[612/3456] 
=== Starting Regression Test ===
NUM_ROUNDS:  1000000000
NUM_THREADS: 16
Scenario:    decks=2_ss17=False_das=True_sas=4_don=10-11_reSplitAces=False_hitSplitAces=False_surr=2-10_peek=False_bj-pays=1.2
============================

NOTE: surr=2-10 + peek=False — theoretical table may not match implementation; edge assertion skipped.
Cut Card (Penetration: 75%) Theoretical Edge %: 2.1084% Cut Card Empiric Edge %: -1.9704%
CSM (Penetration: 0.0%) Theoretical Edge %: 2.0454% CSM Empiric Edge %: -1.8943%
CSM Error: 0.1510%, Cut Card Error: 0.1379%
CSM Speed: 6725040 hands/sec, Cut Card Speed: 10275908 hands/sec

[613/3456] 
=== Starting Regression Test ===
NUM_ROUNDS:  1000000000
NUM_THREADS: 16
Scenario:    decks=2_ss17=True_das=True_sas=3_don=10-11_reSplitAces=True_hitSplitAces=True_surr=2-10_peek=False_bj-pays=1.2
============================

NOTE: surr=2-10 + peek=False — theoretical table may not match implementation; edge assertion skipped.
Cut Card (Penetration: 75%) Theoretical Edge %: 1.7223% Cut Card Empiric Edge %: -1.5693%
CSM (Penetration: 0.0%) Theoretical Edge %: 1.6593% CSM Empiric Edge %: -1.4965%
CSM Error: 0.1628%, Cut Card Error: 0.1530%
CSM Speed: 6701380 hands/sec, Cut Card Speed: 10636261 hands/sec

[614/3456] 
=== Starting Regression Test ===
NUM_ROUNDS:  1000000000
NUM_THREADS: 16
Scenario:    decks=1_ss17=True_das=True_sas=4_don=Any_reSplitAces=False_hitSplitAces=True_surr=no_peek=False_bj-pays=1.5
============================

Cut Card (Penetration: 75%) Theoretical Edge %: -0.0618% Cut Card Empiric Edge %: 0.0479%
CSM (Penetration: 0.0%) Theoretical Edge %: -0.1748% CSM Empiric Edge %: 0.1641%
CSM Error: -0.0107%, Cut Card Error: -0.0139%
CSM Speed: 8623515 hands/sec, Cut Card Speed: 11626014 hands/sec

[615/3456] 
=== Starting Regression Test ===
NUM_ROUNDS:  1000000000
NUM_THREADS: 16
Scenario:    decks=2_ss17=True_das=False_sas=3_don=Any_reSplitAces=True_hitSplitAces=True_surr=no_peek=False_bj-pays=1.2
============================

Cut Card (Penetration: 75%) Theoretical Edge %: 1.6887% Cut Card Empiric Edge %: -1.6912%
CSM (Penetration: 0.0%) Theoretical Edge %: 1.6257% CSM Empiric Edge %: -1.6330%
CSM Error: -0.0073%, Cut Card Error: -0.0024%
CSM Speed: 6570691 hands/sec, Cut Card Speed: 10722251 hands/sec

[616/3456] 
=== Starting Regression Test ===
NUM_ROUNDS:  1000000000
NUM_THREADS: 16
Scenario:    decks=2_ss17=False_das=False_sas=2_don=10-11_reSplitAces=False_hitSplitAces=True_surr=no_peek=True_bj-pays=1.2
============================

Cut Card (Penetration: 75%) Theoretical Edge %: 2.0590% Cut Card Empiric Edge %: -2.0417%
CSM (Penetration: 0.0%) Theoretical Edge %: 1.9960% CSM Empiric Edge %: -1.9953%
CSM Error: 0.0007%, Cut Card Error: 0.0173%
CSM Speed: 6814589 hands/sec, Cut Card Speed: 11145538 hands/sec

[617/3456] 
=== Starting Regression Test ===
NUM_ROUNDS:  1000000000
NUM_THREADS: 16
Scenario:    decks=2_ss17=True_das=True_sas=3_don=Any_reSplitAces=True_hitSplitAces=False_surr=2-10_peek=False_bj-pays=1.2
============================

NOTE: surr=2-10 + peek=False — theoretical table may not match implementation; edge assertion skipped.
Cut Card (Penetration: 75%) Theoretical Edge %: 1.6420% Cut Card Empiric Edge %: -1.4833%
CSM (Penetration: 0.0%) Theoretical Edge %: 1.5790% CSM Empiric Edge %: -1.4106%
CSM Error: 0.1684%, Cut Card Error: 0.1587%
CSM Speed: 6850770 hands/sec, Cut Card Speed: 11039843 hands/sec

[618/3456] 
=== Starting Regression Test ===
NUM_ROUNDS:  1000000000
NUM_THREADS: 16
Scenario:    decks=1_ss17=True_das=True_sas=2_don=Any_reSplitAces=True_hitSplitAces=False_surr=no_peek=False_bj-pays=1.5
============================

Cut Card (Penetration: 75%) Theoretical Edge %: 0.1053% Cut Card Empiric Edge %: -0.1143%
CSM (Penetration: 0.0%) Theoretical Edge %: -0.0077% CSM Empiric Edge %: 0.0033%
CSM Error: -0.0044%, Cut Card Error: -0.0090%
CSM Speed: 8739807 hands/sec, Cut Card Speed: 11919661 hands/sec

[619/3456] 
=== Starting Regression Test ===
NUM_ROUNDS:  1000000000
NUM_THREADS: 16
Scenario:    decks=2_ss17=False_das=True_sas=4_don=Any_reSplitAces=True_hitSplitAces=True_surr=2-10_peek=False_bj-pays=1.5
============================

NOTE: surr=2-10 + peek=False — theoretical table may not match implementation; edge assertion skipped.
Cut Card (Penetration: 75%) Theoretical Edge %: 0.2940% Cut Card Empiric Edge %: -0.1624%
CSM (Penetration: 0.0%) Theoretical Edge %: 0.2310% CSM Empiric Edge %: -0.0866%
CSM Error: 0.1443%, Cut Card Error: 0.1315%
CSM Speed: 6719256 hands/sec, Cut Card Speed: 10947267 hands/sec

[620/3456] 
=== Starting Regression Test ===
NUM_ROUNDS:  1000000000
NUM_THREADS: 16
Scenario:    decks=6_ss17=False_das=True_sas=4_don=9-11_reSplitAces=True_hitSplitAces=False_surr=2-10_peek=False_bj-pays=1.2
============================

NOTE: surr=2-10 + peek=False — theoretical table may not match implementation; edge assertion skipped.
Cut Card (Penetration: 75%) Theoretical Edge %: 2.0583% Cut Card Empiric Edge %: -1.9080%
CSM (Penetration: 0.0%) Theoretical Edge %: 2.0383% CSM Empiric Edge %: -1.8774%
CSM Error: 0.1609%, Cut Card Error: 0.1502%
CSM Speed: 3570791 hands/sec, Cut Card Speed: 10627331 hands/sec

[621/3456] 
=== Starting Regression Test ===
NUM_ROUNDS:  1000000000
NUM_THREADS: 16
Scenario:    decks=1_ss17=False_das=True_sas=2_don=10-11_reSplitAces=False_hitSplitAces=True_surr=yes_peek=True_bj-pays=1.2
============================

NOTE: surr=yes + peek=True — using the available surr=2-10 theoretical edge as a comparison baseline; edge assertion skipped.
Cut Card (Penetration: 75%) Theoretical Edge %: 1.7157% Cut Card Empiric Edge %: -1.7171%
CSM (Penetration: 0.0%) Theoretical Edge %: 1.6027% CSM Empiric Edge %: -1.6096%
CSM Error: -0.0069%, Cut Card Error: -0.0015%
CSM Speed: 8499137 hands/sec, Cut Card Speed: 11047160 hands/sec

[622/3456] 
=== Starting Regression Test ===
NUM_ROUNDS:  1000000000
NUM_THREADS: 16
Scenario:    decks=2_ss17=True_das=False_sas=3_don=10-11_reSplitAces=False_hitSplitAces=True_surr=no_peek=False_bj-pays=1.2
============================

Cut Card (Penetration: 75%) Theoretical Edge %: 1.9323% Cut Card Empiric Edge %: -1.9274%
CSM (Penetration: 0.0%) Theoretical Edge %: 1.8693% CSM Empiric Edge %: -1.8756%
CSM Error: -0.0063%, Cut Card Error: 0.0048%
CSM Speed: 6465211 hands/sec, Cut Card Speed: 10884946 hands/sec

[623/3456] 
=== Starting Regression Test ===
NUM_ROUNDS:  1000000000
NUM_THREADS: 16
Scenario:    decks=6_ss17=False_das=True_sas=3_don=10-11_reSplitAces=True_hitSplitAces=False_surr=2-10_peek=False_bj-pays=1.2
============================

NOTE: surr=2-10 + peek=False — theoretical table may not match implementation; edge assertion skipped.
Cut Card (Penetration: 75%) Theoretical Edge %: 2.1705% Cut Card Empiric Edge %: -2.0100%
CSM (Penetration: 0.0%) Theoretical Edge %: 2.1505% CSM Empiric Edge %: -1.9951%
CSM Error: 0.1554%, Cut Card Error: 0.1605%
CSM Speed: 3549636 hands/sec, Cut Card Speed: 11028885 hands/sec

[624/3456] 
=== Starting Regression Test ===
NUM_ROUNDS:  1000000000
NUM_THREADS: 16
Scenario:    decks=6_ss17=True_das=False_sas=4_don=10-11_reSplitAces=True_hitSplitAces=True_surr=yes_peek=True_bj-pays=1.5
============================

NOTE: surr=yes + peek=True — using the available surr=2-10 theoretical edge as a comparison baseline; edge assertion skipped.
Cut Card (Penetration: 75%) Theoretical Edge %: 0.4307% Cut Card Empiric Edge %: -0.4305%
CSM (Penetration: 0.0%) Theoretical Edge %: 0.4107% CSM Empiric Edge %: -0.4130%
CSM Error: -0.0023%, Cut Card Error: 0.0002%
CSM Speed: 3562383 hands/sec, Cut Card Speed: 10944751 hands/sec

[625/3456] 
=== Starting Regression Test ===
NUM_ROUNDS:  1000000000
NUM_THREADS: 16
Scenario:    decks=2_ss17=True_das=False_sas=3_don=Any_reSplitAces=True_hitSplitAces=False_surr=no_peek=True_bj-pays=1.2
============================

Cut Card (Penetration: 75%) Theoretical Edge %: 1.7282% Cut Card Empiric Edge %: -1.7199%
CSM (Penetration: 0.0%) Theoretical Edge %: 1.6652% CSM Empiric Edge %: -1.6637%
CSM Error: 0.0014%, Cut Card Error: 0.0083%
CSM Speed: 6913239 hands/sec, Cut Card Speed: 11163081 hands/sec

[626/3456] 
=== Starting Regression Test ===
NUM_ROUNDS:  1000000000
NUM_THREADS: 16
Scenario:    decks=6_ss17=True_das=True_sas=3_don=10-11_reSplitAces=False_hitSplitAces=False_surr=no_peek=True_bj-pays=1.5
============================

Cut Card (Penetration: 75%) Theoretical Edge %: 0.6265% Cut Card Empiric Edge %: -0.6179%
CSM (Penetration: 0.0%) Theoretical Edge %: 0.6065% CSM Empiric Edge %: -0.6028%
CSM Error: 0.0037%, Cut Card Error: 0.0087%
CSM Speed: 3612782 hands/sec, Cut Card Speed: 11324002 hands/sec

[627/3456] 
=== Starting Regression Test ===
NUM_ROUNDS:  1000000000
NUM_THREADS: 16
Scenario:    decks=1_ss17=False_das=False_sas=3_don=Any_reSplitAces=True_hitSplitAces=True_surr=no_peek=True_bj-pays=1.2
============================

Cut Card (Penetration: 75%) Theoretical Edge %: 1.5444% Cut Card Empiric Edge %: -1.5388%
CSM (Penetration: 0.0%) Theoretical Edge %: 1.4314% CSM Empiric Edge %: -1.4312%
CSM Error: 0.0002%, Cut Card Error: 0.0056%
CSM Speed: 8739425 hands/sec, Cut Card Speed: 11704668 hands/sec

[628/3456] 
=== Starting Regression Test ===
NUM_ROUNDS:  1000000000
NUM_THREADS: 16
Scenario:    decks=2_ss17=False_das=True_sas=4_don=9-11_reSplitAces=False_hitSplitAces=False_surr=2-10_peek=False_bj-pays=1.5
============================

NOTE: surr=2-10 + peek=False — theoretical table may not match implementation; edge assertion skipped.
Cut Card (Penetration: 75%) Theoretical Edge %: 0.6206% Cut Card Empiric Edge %: -0.4853%
CSM (Penetration: 0.0%) Theoretical Edge %: 0.5576% CSM Empiric Edge %: -0.4021%
CSM Error: 0.1555%, Cut Card Error: 0.1353%
CSM Speed: 6767090 hands/sec, Cut Card Speed: 10877487 hands/sec

[629/3456] 
=== Starting Regression Test ===
NUM_ROUNDS:  1000000000
NUM_THREADS: 16
Scenario:    decks=1_ss17=False_das=True_sas=3_don=10-11_reSplitAces=True_hitSplitAces=False_surr=no_peek=True_bj-pays=1.5
============================

Cut Card (Penetration: 75%) Theoretical Edge %: 0.4331% Cut Card Empiric Edge %: -0.4366%
CSM (Penetration: 0.0%) Theoretical Edge %: 0.3201% CSM Empiric Edge %: -0.3109%
CSM Error: 0.0091%, Cut Card Error: -0.0036%
CSM Speed: 8603039 hands/sec, Cut Card Speed: 11158099 hands/sec

[630/3456] 
=== Starting Regression Test ===
NUM_ROUNDS:  1000000000
NUM_THREADS: 16
Scenario:    decks=6_ss17=True_das=False_sas=2_don=Any_reSplitAces=False_hitSplitAces=True_surr=yes_peek=True_bj-pays=1.2
============================

NOTE: surr=yes + peek=True — using the available surr=2-10 theoretical edge as a comparison baseline; edge assertion skipped.
Cut Card (Penetration: 75%) Theoretical Edge %: 1.7085% Cut Card Empiric Edge %: -1.7170%
CSM (Penetration: 0.0%) Theoretical Edge %: 1.6885% CSM Empiric Edge %: -1.6888%
CSM Error: -0.0003%, Cut Card Error: -0.0085%
CSM Speed: 3619333 hands/sec, Cut Card Speed: 11631694 hands/sec

[631/3456] 
=== Starting Regression Test ===
NUM_ROUNDS:  1000000000
NUM_THREADS: 16
Scenario:    decks=6_ss17=True_das=True_sas=2_don=9-11_reSplitAces=False_hitSplitAces=False_surr=yes_peek=True_bj-pays=1.2
============================

NOTE: surr=yes + peek=True — using the available surr=2-10 theoretical edge as a comparison baseline; edge assertion skipped.
Cut Card (Penetration: 75%) Theoretical Edge %: 1.8622% Cut Card Empiric Edge %: -1.8634%
CSM (Penetration: 0.0%) Theoretical Edge %: 1.8422% CSM Empiric Edge %: -1.8419%
CSM Error: 0.0003%, Cut Card Error: -0.0012%
CSM Speed: 3583639 hands/sec, Cut Card Speed: 11312985 hands/sec

[632/3456] 
=== Starting Regression Test ===
NUM_ROUNDS:  1000000000
NUM_THREADS: 16
Scenario:    decks=1_ss17=True_das=True_sas=3_don=9-11_reSplitAces=True_hitSplitAces=False_surr=no_peek=True_bj-pays=1.2
============================

Cut Card (Penetration: 75%) Theoretical Edge %: 1.4801% Cut Card Empiric Edge %: -1.4707%
CSM (Penetration: 0.0%) Theoretical Edge %: 1.3671% CSM Empiric Edge %: -1.3637%
CSM Error: 0.0034%, Cut Card Error: 0.0094%
CSM Speed: 8718928 hands/sec, Cut Card Speed: 11489631 hands/sec

[633/3456] 
=== Starting Regression Test ===
NUM_ROUNDS:  1000000000
NUM_THREADS: 16
Scenario:    decks=2_ss17=False_das=False_sas=4_don=9-11_reSplitAces=False_hitSplitAces=True_surr=2-10_peek=False_bj-pays=1.2
============================

NOTE: surr=2-10 + peek=False — theoretical table may not match implementation; edge assertion skipped.
Cut Card (Penetration: 75%) Theoretical Edge %: 1.9761% Cut Card Empiric Edge %: -1.8334%
CSM (Penetration: 0.0%) Theoretical Edge %: 1.9131% CSM Empiric Edge %: -1.7553%
CSM Error: 0.1578%, Cut Card Error: 0.1428%
CSM Speed: 6684447 hands/sec, Cut Card Speed: 10377104 hands/sec

[634/3456] 
=== Starting Regression Test ===
NUM_ROUNDS:  1000000000
NUM_THREADS: 16
Scenario:    decks=1_ss17=True_das=True_sas=2_don=9-11_reSplitAces=True_hitSplitAces=True_surr=2-10_peek=False_bj-pays=1.5
============================

NOTE: surr=2-10 + peek=False — theoretical table may not match implementation; edge assertion skipped.
Cut Card (Penetration: 75%) Theoretical Edge %: 0.0974% Cut Card Empiric Edge %: 0.0279%
CSM (Penetration: 0.0%) Theoretical Edge %: -0.0156% CSM Empiric Edge %: 0.1705%
CSM Error: 0.1549%, Cut Card Error: 0.1253%
CSM Speed: 8671523 hands/sec, Cut Card Speed: 11335298 hands/sec

[635/3456] 
=== Starting Regression Test ===
NUM_ROUNDS:  1000000000
NUM_THREADS: 16
Scenario:    decks=2_ss17=False_das=True_sas=4_don=10-11_reSplitAces=True_hitSplitAces=False_surr=no_peek=False_bj-pays=1.2
============================

Cut Card (Penetration: 75%) Theoretical Edge %: 2.1292% Cut Card Empiric Edge %: -2.1208%
CSM (Penetration: 0.0%) Theoretical Edge %: 2.0661% CSM Empiric Edge %: -2.0593%
CSM Error: 0.0069%, Cut Card Error: 0.0084%
CSM Speed: 6831768 hands/sec, Cut Card Speed: 10532524 hands/sec

[636/3456] 
=== Starting Regression Test ===
NUM_ROUNDS:  1000000000
NUM_THREADS: 16
Scenario:    decks=1_ss17=False_das=False_sas=2_don=9-11_reSplitAces=False_hitSplitAces=False_surr=no_peek=True_bj-pays=1.2
============================

Cut Card (Penetration: 75%) Theoretical Edge %: 1.8609% Cut Card Empiric Edge %: -1.8541%
CSM (Penetration: 0.0%) Theoretical Edge %: 1.7479% CSM Empiric Edge %: -1.7454%
CSM Error: 0.0025%, Cut Card Error: 0.0068%
CSM Speed: 9005358 hands/sec, Cut Card Speed: 12011723 hands/sec

[637/3456] 
=== Starting Regression Test ===
NUM_ROUNDS:  1000000000
NUM_THREADS: 16
Scenario:    decks=6_ss17=True_das=False_sas=4_don=Any_reSplitAces=True_hitSplitAces=True_surr=no_peek=False_bj-pays=1.2
============================

Cut Card (Penetration: 75%) Theoretical Edge %: 1.8111% Cut Card Empiric Edge %: -1.8184%
CSM (Penetration: 0.0%) Theoretical Edge %: 1.7911% CSM Empiric Edge %: -1.7931%
CSM Error: -0.0020%, Cut Card Error: -0.0073%
CSM Speed: 3571747 hands/sec, Cut Card Speed: 11000253 hands/sec

[638/3456] 
=== Starting Regression Test ===
NUM_ROUNDS:  1000000000
NUM_THREADS: 16
Scenario:    decks=1_ss17=False_das=False_sas=2_don=10-11_reSplitAces=True_hitSplitAces=False_surr=yes_peek=True_bj-pays=1.2
============================

NOTE: surr=yes + peek=True — using the available surr=2-10 theoretical edge as a comparison baseline; edge assertion skipped.
Cut Card (Penetration: 75%) Theoretical Edge %: 1.9536% Cut Card Empiric Edge %: -1.9629%
CSM (Penetration: 0.0%) Theoretical Edge %: 1.8406% CSM Empiric Edge %: -1.8501%
CSM Error: -0.0095%, Cut Card Error: -0.0093%
CSM Speed: 8849714 hands/sec, Cut Card Speed: 11569387 hands/sec

[639/3456] 
=== Starting Regression Test ===
NUM_ROUNDS:  1000000000
NUM_THREADS: 16
Scenario:    decks=6_ss17=True_das=True_sas=4_don=10-11_reSplitAces=False_hitSplitAces=True_surr=no_peek=False_bj-pays=1.2
============================

Cut Card (Penetration: 75%) Theoretical Edge %: 1.9169% Cut Card Empiric Edge %: -1.9294%
CSM (Penetration: 0.0%) Theoretical Edge %: 1.8969% CSM Empiric Edge %: -1.9028%
CSM Error: -0.0059%, Cut Card Error: -0.0125%
CSM Speed: 3511877 hands/sec, Cut Card Speed: 11170688 hands/sec

[640/3456] 
=== Starting Regression Test ===
NUM_ROUNDS:  1000000000
NUM_THREADS: 16
Scenario:    decks=6_ss17=False_das=False_sas=2_don=10-11_reSplitAces=True_hitSplitAces=True_surr=no_peek=True_bj-pays=1.2
============================

Cut Card (Penetration: 75%) Theoretical Edge %: 2.1802% Cut Card Empiric Edge %: -2.1777%
CSM (Penetration: 0.0%) Theoretical Edge %: 2.1602% CSM Empiric Edge %: -2.1566%
CSM Error: 0.0035%, Cut Card Error: 0.0024%
CSM Speed: 3616911 hands/sec, Cut Card Speed: 11534691 hands/sec

[641/3456] 
=== Starting Regression Test ===
NUM_ROUNDS:  1000000000
NUM_THREADS: 16
Scenario:    decks=1_ss17=True_das=True_sas=4_don=Any_reSplitAces=True_hitSplitAces=False_surr=yes_peek=True_bj-pays=1.2
============================

NOTE: surr=yes + peek=True — using the available surr=2-10 theoretical edge as a comparison baseline; edge assertion skipped.
Cut Card (Penetration: 75%) Theoretical Edge %: 1.3093% Cut Card Empiric Edge %: -1.3203%
CSM (Penetration: 0.0%) Theoretical Edge %: 1.1963% CSM Empiric Edge %: -1.2043%
CSM Error: -0.0080%, Cut Card Error: -0.0110%
CSM Speed: 8658009 hands/sec, Cut Card Speed: 11437852 hands/sec

[642/3456] 
=== Starting Regression Test ===
NUM_ROUNDS:  1000000000
NUM_THREADS: 16
Scenario:    decks=2_ss17=False_das=False_sas=2_don=10-11_reSplitAces=False_hitSplitAces=False_surr=no_peek=False_bj-pays=1.2
============================

Cut Card (Penetration: 75%) Theoretical Edge %: 2.3266% Cut Card Empiric Edge %: -2.3173%
CSM (Penetration: 0.0%) Theoretical Edge %: 2.2636% CSM Empiric Edge %: -2.2557%
CSM Error: 0.0079%, Cut Card Error: 0.0093%
CSM Speed: 6693844 hands/sec, Cut Card Speed: 11805539 hands/sec

[643/3456] 
=== Starting Regression Test ===
NUM_ROUNDS:  1000000000
NUM_THREADS: 16
Scenario:    decks=1_ss17=True_das=True_sas=4_don=10-11_reSplitAces=True_hitSplitAces=True_surr=yes_peek=True_bj-pays=1.2
============================

NOTE: surr=yes + peek=True — using the available surr=2-10 theoretical edge as a comparison baseline; edge assertion skipped.
Cut Card (Penetration: 75%) Theoretical Edge %: 1.4771% Cut Card Empiric Edge %: -1.4734%
CSM (Penetration: 0.0%) Theoretical Edge %: 1.3641% CSM Empiric Edge %: -1.3744%
CSM Error: -0.0103%, Cut Card Error: 0.0037%
CSM Speed: 8692553 hands/sec, Cut Card Speed: 11670246 hands/sec

[644/3456] 
=== Starting Regression Test ===
NUM_ROUNDS:  1000000000
NUM_THREADS: 16
Scenario:    decks=6_ss17=False_das=False_sas=3_don=9-11_reSplitAces=False_hitSplitAces=False_surr=no_peek=True_bj-pays=1.5
============================

Cut Card (Penetration: 75%) Theoretical Edge %: 0.8871% Cut Card Empiric Edge %: -0.8808%
CSM (Penetration: 0.0%) Theoretical Edge %: 0.8671% CSM Empiric Edge %: -0.8719%
CSM Error: -0.0047%, Cut Card Error: 0.0064%
CSM Speed: 3508649 hands/sec, Cut Card Speed: 11034605 hands/sec

[645/3456] 
=== Starting Regression Test ===
NUM_ROUNDS:  1000000000
NUM_THREADS: 16
Scenario:    decks=6_ss17=True_das=True_sas=4_don=10-11_reSplitAces=True_hitSplitAces=False_surr=no_peek=False_bj-pays=1.2
============================

Cut Card (Penetration: 75%) Theoretical Edge %: 2.0258% Cut Card Empiric Edge %: -2.0206%
CSM (Penetration: 0.0%) Theoretical Edge %: 2.0058% CSM Empiric Edge %: -2.0109%
CSM Error: -0.0051%, Cut Card Error: 0.0052%
CSM Speed: 3441239 hands/sec, Cut Card Speed: 10416233 hands/sec

[646/3456] 
=== Starting Regression Test ===
NUM_ROUNDS:  1000000000
NUM_THREADS: 16
Scenario:    decks=2_ss17=False_das=True_sas=4_don=Any_reSplitAces=False_hitSplitAces=False_surr=no_peek=False_bj-pays=1.5
============================

Cut Card (Penetration: 75%) Theoretical Edge %: 0.5693% Cut Card Empiric Edge %: -0.5812%
CSM (Penetration: 0.0%) Theoretical Edge %: 0.5063% CSM Empiric Edge %: -0.5003%
CSM Error: 0.0061%, Cut Card Error: -0.0119%
CSM Speed: 6652121 hands/sec, Cut Card Speed: 11109753 hands/sec

[647/3456] 
=== Starting Regression Test ===
NUM_ROUNDS:  1000000000
NUM_THREADS: 16
Scenario:    decks=1_ss17=False_das=False_sas=3_don=10-11_reSplitAces=True_hitSplitAces=False_surr=yes_peek=True_bj-pays=1.5
============================

NOTE: surr=yes + peek=True — using the available surr=2-10 theoretical edge as a comparison baseline; edge assertion skipped.
Cut Card (Penetration: 75%) Theoretical Edge %: 0.5126% Cut Card Empiric Edge %: -0.5281%
CSM (Penetration: 0.0%) Theoretical Edge %: 0.3996% CSM Empiric Edge %: -0.4022%
CSM Error: -0.0027%, Cut Card Error: -0.0155%
CSM Speed: 8803747 hands/sec, Cut Card Speed: 11289612 hands/sec

[648/3456] 
=== Starting Regression Test ===
NUM_ROUNDS:  1000000000
NUM_THREADS: 16
Scenario:    decks=2_ss17=True_das=True_sas=2_don=10-11_reSplitAces=True_hitSplitAces=True_surr=yes_peek=True_bj-pays=1.5
============================

NOTE: surr=yes + peek=True — using the available surr=2-10 theoretical edge as a comparison baseline; edge assertion skipped.
Cut Card (Penetration: 75%) Theoretical Edge %: 0.3140% Cut Card Empiric Edge %: -0.3199%
CSM (Penetration: 0.0%) Theoretical Edge %: 0.2510% CSM Empiric Edge %: -0.2542%
CSM Error: -0.0032%, Cut Card Error: -0.0059%
CSM Speed: 6684179 hands/sec, Cut Card Speed: 11235703 hands/sec

[649/3456] 
=== Starting Regression Test ===
NUM_ROUNDS:  1000000000
NUM_THREADS: 16
Scenario:    decks=1_ss17=False_das=True_sas=3_don=Any_reSplitAces=True_hitSplitAces=False_surr=no_peek=False_bj-pays=1.5
============================

Cut Card (Penetration: 75%) Theoretical Edge %: 0.2450% Cut Card Empiric Edge %: -0.2665%
CSM (Penetration: 0.0%) Theoretical Edge %: 0.1320% CSM Empiric Edge %: -0.1344%
CSM Error: -0.0024%, Cut Card Error: -0.0215%
CSM Speed: 8788041 hands/sec, Cut Card Speed: 11102106 hands/sec

[650/3456] 
=== Starting Regression Test ===
NUM_ROUNDS:  1000000000
NUM_THREADS: 16
Scenario:    decks=1_ss17=True_das=True_sas=2_don=Any_reSplitAces=True_hitSplitAces=True_surr=no_peek=True_bj-pays=1.5
============================

Cut Card (Penetration: 75%) Theoretical Edge %: -0.1425% Cut Card Empiric Edge %: 0.1430%
CSM (Penetration: 0.0%) Theoretical Edge %: -0.2555% CSM Empiric Edge %: 0.2630%
CSM Error: 0.0074%, Cut Card Error: 0.0005%
CSM Speed: 9102411 hands/sec, Cut Card Speed: 11730756 hands/sec

[651/3456] 
=== Starting Regression Test ===
NUM_ROUNDS:  1000000000
NUM_THREADS: 16
Scenario:    decks=6_ss17=False_das=True_sas=4_don=10-11_reSplitAces=False_hitSplitAces=True_surr=no_peek=False_bj-pays=1.5
============================

Cut Card (Penetration: 75%) Theoretical Edge %: 0.7808% Cut Card Empiric Edge %: -0.7854%
CSM (Penetration: 0.0%) Theoretical Edge %: 0.7608% CSM Empiric Edge %: -0.7671%
CSM Error: -0.0063%, Cut Card Error: -0.0046%
CSM Speed: 3557187 hands/sec, Cut Card Speed: 10772728 hands/sec

[652/3456] 
=== Starting Regression Test ===
NUM_ROUNDS:  1000000000
NUM_THREADS: 16
Scenario:    decks=1_ss17=False_das=False_sas=4_don=9-11_reSplitAces=False_hitSplitAces=True_surr=no_peek=False_bj-pays=1.5
============================

Cut Card (Penetration: 75%) Theoretical Edge %: 0.4328% Cut Card Empiric Edge %: -0.4422%
CSM (Penetration: 0.0%) Theoretical Edge %: 0.3198% CSM Empiric Edge %: -0.3251%
CSM Error: -0.0053%, Cut Card Error: -0.0094%
CSM Speed: 8515494 hands/sec, Cut Card Speed: 11188811 hands/sec

[653/3456] 
=== Starting Regression Test ===
NUM_ROUNDS:  1000000000
NUM_THREADS: 16
Scenario:    decks=1_ss17=True_das=False_sas=2_don=Any_reSplitAces=True_hitSplitAces=False_surr=no_peek=True_bj-pays=1.5
============================

Cut Card (Penetration: 75%) Theoretical Edge %: 0.1274% Cut Card Empiric Edge %: -0.1302%
CSM (Penetration: 0.0%) Theoretical Edge %: 0.0144% CSM Empiric Edge %: -0.0127%
CSM Error: 0.0017%, Cut Card Error: -0.0028%
CSM Speed: 9034893 hands/sec, Cut Card Speed: 11636161 hands/sec

[654/3456] 
=== Starting Regression Test ===
NUM_ROUNDS:  1000000000
NUM_THREADS: 16
Scenario:    decks=2_ss17=True_das=False_sas=2_don=10-11_reSplitAces=True_hitSplitAces=True_surr=2-10_peek=False_bj-pays=1.2
============================

NOTE: surr=2-10 + peek=False — theoretical table may not match implementation; edge assertion skipped.
Cut Card (Penetration: 75%) Theoretical Edge %: 1.8998% Cut Card Empiric Edge %: -1.7459%
CSM (Penetration: 0.0%) Theoretical Edge %: 1.8368% CSM Empiric Edge %: -1.6738%
CSM Error: 0.1630%, Cut Card Error: 0.1539%
CSM Speed: 6755479 hands/sec, Cut Card Speed: 11042159 hands/sec

[655/3456] 
=== Starting Regression Test ===
NUM_ROUNDS:  1000000000
NUM_THREADS: 16
Scenario:    decks=2_ss17=False_das=False_sas=3_don=Any_reSplitAces=True_hitSplitAces=False_surr=yes_peek=True_bj-pays=1.2
============================

NOTE: surr=yes + peek=True — using the available surr=2-10 theoretical edge as a comparison baseline; edge assertion skipped.
Cut Card (Penetration: 75%) Theoretical Edge %: 1.8664% Cut Card Empiric Edge %: -1.8691%
CSM (Penetration: 0.0%) Theoretical Edge %: 1.8034% CSM Empiric Edge %: -1.8047%
CSM Error: -0.0013%, Cut Card Error: -0.0027%
CSM Speed: 7009182 hands/sec, Cut Card Speed: 11605371 hands/sec

[656/3456] 
=== Starting Regression Test ===
NUM_ROUNDS:  1000000000
NUM_THREADS: 16
Scenario:    decks=2_ss17=True_das=False_sas=4_don=9-11_reSplitAces=False_hitSplitAces=False_surr=no_peek=False_bj-pays=1.5
============================

Cut Card (Penetration: 75%) Theoretical Edge %: 0.6079% Cut Card Empiric Edge %: -0.6050%
CSM (Penetration: 0.0%) Theoretical Edge %: 0.5449% CSM Empiric Edge %: -0.5474%
CSM Error: -0.0025%, Cut Card Error: 0.0029%
CSM Speed: 6811989 hands/sec, Cut Card Speed: 11080578 hands/sec

[657/3456] 
=== Starting Regression Test ===
NUM_ROUNDS:  1000000000
NUM_THREADS: 16
Scenario:    decks=6_ss17=False_das=True_sas=4_don=Any_reSplitAces=False_hitSplitAces=False_surr=yes_peek=True_bj-pays=1.5
============================

NOTE: surr=yes + peek=True — using the available surr=2-10 theoretical edge as a comparison baseline; edge assertion skipped.
Cut Card (Penetration: 75%) Theoretical Edge %: 0.5505% Cut Card Empiric Edge %: -0.5566%
CSM (Penetration: 0.0%) Theoretical Edge %: 0.5305% CSM Empiric Edge %: -0.5316%
CSM Error: -0.0011%, Cut Card Error: -0.0060%
CSM Speed: 3630397 hands/sec, Cut Card Speed: 11659632 hands/sec

[658/3456] 
=== Starting Regression Test ===
NUM_ROUNDS:  1000000000
NUM_THREADS: 16
Scenario:    decks=1_ss17=False_das=False_sas=4_don=9-11_reSplitAces=True_hitSplitAces=True_surr=no_peek=False_bj-pays=1.2
============================

Cut Card (Penetration: 75%) Theoretical Edge %: 1.8021% Cut Card Empiric Edge %: -1.8013%
CSM (Penetration: 0.0%) Theoretical Edge %: 1.6891% CSM Empiric Edge %: -1.6930%
CSM Error: -0.0039%, Cut Card Error: 0.0008%
CSM Speed: 8592689 hands/sec, Cut Card Speed: 11305439 hands/sec

[659/3456] 
=== Starting Regression Test ===
NUM_ROUNDS:  1000000000
NUM_THREADS: 16
Scenario:    decks=1_ss17=False_das=False_sas=4_don=Any_reSplitAces=True_hitSplitAces=False_surr=no_peek=True_bj-pays=1.2
============================

Cut Card (Penetration: 75%) Theoretical Edge %: 1.6661% Cut Card Empiric Edge %: -1.6605%
CSM (Penetration: 0.0%) Theoretical Edge %: 1.5531% CSM Empiric Edge %: -1.5515%
CSM Error: 0.0016%, Cut Card Error: 0.0056%
CSM Speed: 8971346 hands/sec, Cut Card Speed: 11777176 hands/sec

[660/3456] 
=== Starting Regression Test ===
NUM_ROUNDS:  1000000000
NUM_THREADS: 16
Scenario:    decks=2_ss17=False_das=False_sas=4_don=10-11_reSplitAces=True_hitSplitAces=True_surr=yes_peek=True_bj-pays=1.2
============================

NOTE: surr=yes + peek=True — using the available surr=2-10 theoretical edge as a comparison baseline; edge assertion skipped.
Cut Card (Penetration: 75%) Theoretical Edge %: 1.9218% Cut Card Empiric Edge %: -1.9163%
CSM (Penetration: 0.0%) Theoretical Edge %: 1.8588% CSM Empiric Edge %: -1.8622%
CSM Error: -0.0034%, Cut Card Error: 0.0056%
CSM Speed: 6782972 hands/sec, Cut Card Speed: 10992877 hands/sec

[661/3456] 
=== Starting Regression Test ===
NUM_ROUNDS:  1000000000
NUM_THREADS: 16
Scenario:    decks=1_ss17=True_das=False_sas=2_don=Any_reSplitAces=False_hitSplitAces=False_surr=2-10_peek=False_bj-pays=1.5
============================

NOTE: surr=2-10 + peek=False — theoretical table may not match implementation; edge assertion skipped.
Cut Card (Penetration: 75%) Theoretical Edge %: 0.2090% Cut Card Empiric Edge %: -0.0936%
CSM (Penetration: 0.0%) Theoretical Edge %: 0.0960% CSM Empiric Edge %: 0.0584%
CSM Error: 0.1544%, Cut Card Error: 0.1155%
CSM Speed: 8800183 hands/sec, Cut Card Speed: 11978200 hands/sec

[662/3456] 
=== Starting Regression Test ===
NUM_ROUNDS:  1000000000
NUM_THREADS: 16
Scenario:    decks=2_ss17=False_das=True_sas=3_don=Any_reSplitAces=True_hitSplitAces=False_surr=no_peek=False_bj-pays=1.5
============================

Cut Card (Penetration: 75%) Theoretical Edge %: 0.5309% Cut Card Empiric Edge %: -0.5324%
CSM (Penetration: 0.0%) Theoretical Edge %: 0.4678% CSM Empiric Edge %: -0.4636%
CSM Error: 0.0043%, Cut Card Error: -0.0016%
CSM Speed: 6706908 hands/sec, Cut Card Speed: 11070029 hands/sec

[663/3456] 
=== Starting Regression Test ===
NUM_ROUNDS:  1000000000
NUM_THREADS: 16
Scenario:    decks=2_ss17=True_das=True_sas=2_don=9-11_reSplitAces=False_hitSplitAces=True_surr=no_peek=False_bj-pays=1.5
============================

Cut Card (Penetration: 75%) Theoretical Edge %: 0.3626% Cut Card Empiric Edge %: -0.3706%
CSM (Penetration: 0.0%) Theoretical Edge %: 0.2996% CSM Empiric Edge %: -0.3129%
CSM Error: -0.0133%, Cut Card Error: -0.0080%
CSM Speed: 6839197 hands/sec, Cut Card Speed: 11221581 hands/sec

[664/3456] 
=== Starting Regression Test ===
NUM_ROUNDS:  1000000000
NUM_THREADS: 16
Scenario:    decks=1_ss17=True_das=True_sas=2_don=9-11_reSplitAces=True_hitSplitAces=True_surr=no_peek=True_bj-pays=1.2
============================

Cut Card (Penetration: 75%) Theoretical Edge %: 1.4063% Cut Card Empiric Edge %: -1.3973%
CSM (Penetration: 0.0%) Theoretical Edge %: 1.2933% CSM Empiric Edge %: -1.2997%
CSM Error: -0.0065%, Cut Card Error: 0.0090%
CSM Speed: 8739960 hands/sec, Cut Card Speed: 11747844 hands/sec

[665/3456] 
=== Starting Regression Test ===
NUM_ROUNDS:  1000000000
NUM_THREADS: 16
Scenario:    decks=6_ss17=True_das=False_sas=3_don=9-11_reSplitAces=True_hitSplitAces=True_surr=yes_peek=True_bj-pays=1.5
============================

NOTE: surr=yes + peek=True — using the available surr=2-10 theoretical edge as a comparison baseline; edge assertion skipped.
Cut Card (Penetration: 75%) Theoretical Edge %: 0.3608% Cut Card Empiric Edge %: -0.3586%
CSM (Penetration: 0.0%) Theoretical Edge %: 0.3407% CSM Empiric Edge %: -0.3391%
CSM Error: 0.0017%, Cut Card Error: 0.0022%
CSM Speed: 3497396 hands/sec, Cut Card Speed: 11397960 hands/sec

[666/3456] 
=== Starting Regression Test ===
NUM_ROUNDS:  1000000000
NUM_THREADS: 16
Scenario:    decks=6_ss17=True_das=False_sas=4_don=Any_reSplitAces=False_hitSplitAces=False_surr=no_peek=False_bj-pays=1.5
============================

Cut Card (Penetration: 75%) Theoretical Edge %: 0.6773% Cut Card Empiric Edge %: -0.6759%
CSM (Penetration: 0.0%) Theoretical Edge %: 0.6573% CSM Empiric Edge %: -0.6611%
CSM Error: -0.0039%, Cut Card Error: 0.0014%
CSM Speed: 3505648 hands/sec, Cut Card Speed: 11296372 hands/sec

[667/3456] 
=== Starting Regression Test ===
NUM_ROUNDS:  1000000000
NUM_THREADS: 16
Scenario:    decks=1_ss17=True_das=False_sas=4_don=9-11_reSplitAces=True_hitSplitAces=True_surr=yes_peek=True_bj-pays=1.5
============================

NOTE: surr=yes + peek=True — using the available surr=2-10 theoretical edge as a comparison baseline; edge assertion skipped.
Cut Card (Penetration: 75%) Theoretical Edge %: 0.0663% Cut Card Empiric Edge %: -0.0761%
CSM (Penetration: 0.0%) Theoretical Edge %: -0.0467% CSM Empiric Edge %: 0.0372%
CSM Error: -0.0095%, Cut Card Error: -0.0099%
CSM Speed: 8720068 hands/sec, Cut Card Speed: 10988649 hands/sec

[668/3456] 
=== Starting Regression Test ===
NUM_ROUNDS:  1000000000
NUM_THREADS: 16
Scenario:    decks=2_ss17=True_das=False_sas=3_don=9-11_reSplitAces=True_hitSplitAces=True_surr=yes_peek=True_bj-pays=1.2
============================

NOTE: surr=yes + peek=True — using the available surr=2-10 theoretical edge as a comparison baseline; edge assertion skipped.
Cut Card (Penetration: 75%) Theoretical Edge %: 1.6290% Cut Card Empiric Edge %: -1.6313%
CSM (Penetration: 0.0%) Theoretical Edge %: 1.5660% CSM Empiric Edge %: -1.5647%
CSM Error: 0.0014%, Cut Card Error: -0.0022%
CSM Speed: 6791540 hands/sec, Cut Card Speed: 10729383 hands/sec

[669/3456] 
=== Starting Regression Test ===
NUM_ROUNDS:  1000000000
NUM_THREADS: 16
Scenario:    decks=1_ss17=True_das=False_sas=4_don=Any_reSplitAces=False_hitSplitAces=True_surr=no_peek=True_bj-pays=1.5
============================

Cut Card (Penetration: 75%) Theoretical Edge %: -0.0213% Cut Card Empiric Edge %: 0.0175%
CSM (Penetration: 0.0%) Theoretical Edge %: -0.1343% CSM Empiric Edge %: 0.1321%
CSM Error: -0.0022%, Cut Card Error: -0.0038%
CSM Speed: 8548981 hands/sec, Cut Card Speed: 12050225 hands/sec

[670/3456] 
=== Starting Regression Test ===
NUM_ROUNDS:  1000000000
NUM_THREADS: 16
Scenario:    decks=2_ss17=True_das=True_sas=2_don=10-11_reSplitAces=True_hitSplitAces=True_surr=no_peek=True_bj-pays=1.2
============================

Cut Card (Penetration: 75%) Theoretical Edge %: 1.7387% Cut Card Empiric Edge %: -1.7245%
CSM (Penetration: 0.0%) Theoretical Edge %: 1.6757% CSM Empiric Edge %: -1.6795%
CSM Error: -0.0038%, Cut Card Error: 0.0142%
CSM Speed: 6737046 hands/sec, Cut Card Speed: 11536287 hands/sec

[671/3456] 
=== Starting Regression Test ===
NUM_ROUNDS:  1000000000
NUM_THREADS: 16
Scenario:    decks=1_ss17=True_das=True_sas=2_don=Any_reSplitAces=False_hitSplitAces=True_surr=no_peek=False_bj-pays=1.5
============================

Cut Card (Penetration: 75%) Theoretical Edge %: -0.0330% Cut Card Empiric Edge %: 0.0202%
CSM (Penetration: 0.0%) Theoretical Edge %: -0.1460% CSM Empiric Edge %: 0.1361%
CSM Error: -0.0099%, Cut Card Error: -0.0128%
CSM Speed: 8780171 hands/sec, Cut Card Speed: 11515696 hands/sec

[672/3456] 
=== Starting Regression Test ===
NUM_ROUNDS:  1000000000
NUM_THREADS: 16
Scenario:    decks=2_ss17=False_das=False_sas=3_don=9-11_reSplitAces=True_hitSplitAces=True_surr=yes_peek=True_bj-pays=1.5
============================

NOTE: surr=yes + peek=True — using the available surr=2-10 theoretical edge as a comparison baseline; edge assertion skipped.
Cut Card (Penetration: 75%) Theoretical Edge %: 0.4563% Cut Card Empiric Edge %: -0.4623%
CSM (Penetration: 0.0%) Theoretical Edge %: 0.3933% CSM Empiric Edge %: -0.3970%
CSM Error: -0.0037%, Cut Card Error: -0.0060%
CSM Speed: 6895030 hands/sec, Cut Card Speed: 10928245 hands/sec

[673/3456] 
=== Starting Regression Test ===
NUM_ROUNDS:  1000000000
NUM_THREADS: 16
Scenario:    decks=2_ss17=True_das=False_sas=3_don=10-11_reSplitAces=False_hitSplitAces=True_surr=yes_peek=True_bj-pays=1.2
============================

NOTE: surr=yes + peek=True — using the available surr=2-10 theoretical edge as a comparison baseline; edge assertion skipped.
Cut Card (Penetration: 75%) Theoretical Edge %: 1.7701% Cut Card Empiric Edge %: -1.7726%
CSM (Penetration: 0.0%) Theoretical Edge %: 1.7071% CSM Empiric Edge %: -1.7128%
CSM Error: -0.0056%, Cut Card Error: -0.0025%
CSM Speed: 6794540 hands/sec, Cut Card Speed: 11537618 hands/sec

[674/3456] 
=== Starting Regression Test ===
NUM_ROUNDS:  1000000000
NUM_THREADS: 16
Scenario:    decks=1_ss17=True_das=False_sas=3_don=10-11_reSplitAces=True_hitSplitAces=False_surr=2-10_peek=False_bj-pays=1.2
============================

NOTE: surr=2-10 + peek=False — theoretical table may not match implementation; edge assertion skipped.
Cut Card (Penetration: 75%) Theoretical Edge %: 1.8267% Cut Card Empiric Edge %: -1.6885%
CSM (Penetration: 0.0%) Theoretical Edge %: 1.7137% CSM Empiric Edge %: -1.5558%
CSM Error: 0.1580%, Cut Card Error: 0.1382%
CSM Speed: 8443307 hands/sec, Cut Card Speed: 11714815 hands/sec

[675/3456] 
=== Starting Regression Test ===
NUM_ROUNDS:  1000000000
NUM_THREADS: 16
Scenario:    decks=6_ss17=True_das=False_sas=2_don=10-11_reSplitAces=False_hitSplitAces=False_surr=no_peek=True_bj-pays=1.5
============================

Cut Card (Penetration: 75%) Theoretical Edge %: 0.7754% Cut Card Empiric Edge %: -0.7792%
CSM (Penetration: 0.0%) Theoretical Edge %: 0.7554% CSM Empiric Edge %: -0.7545%
CSM Error: 0.0009%, Cut Card Error: -0.0039%
CSM Speed: 3579226 hands/sec, Cut Card Speed: 11440600 hands/sec

[676/3456] 
=== Starting Regression Test ===
NUM_ROUNDS:  1000000000
NUM_THREADS: 16
Scenario:    decks=6_ss17=False_das=False_sas=4_don=10-11_reSplitAces=False_hitSplitAces=True_surr=yes_peek=True_bj-pays=1.5
============================

NOTE: surr=yes + peek=True — using the available surr=2-10 theoretical edge as a comparison baseline; edge assertion skipped.
Cut Card (Penetration: 75%) Theoretical Edge %: 0.6991% Cut Card Empiric Edge %: -0.6964%
CSM (Penetration: 0.0%) Theoretical Edge %: 0.6791% CSM Empiric Edge %: -0.6751%
CSM Error: 0.0040%, Cut Card Error: 0.0027%
CSM Speed: 3609874 hands/sec, Cut Card Speed: 11216295 hands/sec

[677/3456] 
=== Starting Regression Test ===
NUM_ROUNDS:  1000000000
NUM_THREADS: 16
Scenario:    decks=1_ss17=False_das=False_sas=3_don=9-11_reSplitAces=False_hitSplitAces=True_surr=no_peek=False_bj-pays=1.5
============================

Cut Card (Penetration: 75%) Theoretical Edge %: 0.4338% Cut Card Empiric Edge %: -0.4371%
CSM (Penetration: 0.0%) Theoretical Edge %: 0.3208% CSM Empiric Edge %: -0.3261%
CSM Error: -0.0053%, Cut Card Error: -0.0033%
CSM Speed: 8328961 hands/sec, Cut Card Speed: 10915005 hands/sec

[678/3456] 
=== Starting Regression Test ===
NUM_ROUNDS:  1000000000
NUM_THREADS: 16
Scenario:    decks=6_ss17=False_das=False_sas=4_don=Any_reSplitAces=False_hitSplitAces=True_surr=yes_peek=True_bj-pays=1.5
============================

NOTE: surr=yes + peek=True — using the available surr=2-10 theoretical edge as a comparison baseline; edge assertion skipped.
Cut Card (Penetration: 75%) Theoretical Edge %: 0.5178% Cut Card Empiric Edge %: -0.5223%
CSM (Penetration: 0.0%) Theoretical Edge %: 0.4978% CSM Empiric Edge %: -0.4957%
CSM Error: 0.0021%, Cut Card Error: -0.0046%
CSM Speed: 3569363 hands/sec, Cut Card Speed: 11380189 hands/sec

[679/3456] 
=== Starting Regression Test ===
NUM_ROUNDS:  1000000000
NUM_THREADS: 16
Scenario:    decks=1_ss17=False_das=False_sas=4_don=10-11_reSplitAces=False_hitSplitAces=False_surr=yes_peek=True_bj-pays=1.2
============================

NOTE: surr=yes + peek=True — using the available surr=2-10 theoretical edge as a comparison baseline; edge assertion skipped.
Cut Card (Penetration: 75%) Theoretical Edge %: 1.9366% Cut Card Empiric Edge %: -1.9450%
CSM (Penetration: 0.0%) Theoretical Edge %: 1.8236% CSM Empiric Edge %: -1.8294%
CSM Error: -0.0058%, Cut Card Error: -0.0084%
CSM Speed: 8596457 hands/sec, Cut Card Speed: 11307101 hands/sec

[680/3456] 
=== Starting Regression Test ===
NUM_ROUNDS:  1000000000
NUM_THREADS: 16
Scenario:    decks=2_ss17=False_das=False_sas=3_don=10-11_reSplitAces=True_hitSplitAces=False_surr=2-10_peek=False_bj-pays=1.2
============================

NOTE: surr=2-10 + peek=False — theoretical table may not match implementation; edge assertion skipped.
Cut Card (Penetration: 75%) Theoretical Edge %: 2.1890% Cut Card Empiric Edge %: -2.0454%
CSM (Penetration: 0.0%) Theoretical Edge %: 2.1260% CSM Empiric Edge %: -1.9716%
CSM Error: 0.1544%, Cut Card Error: 0.1436%
CSM Speed: 6870066 hands/sec, Cut Card Speed: 10707785 hands/sec

[681/3456] 
=== Starting Regression Test ===
NUM_ROUNDS:  1000000000
NUM_THREADS: 16
Scenario:    decks=2_ss17=True_das=False_sas=4_don=9-11_reSplitAces=True_hitSplitAces=False_surr=no_peek=False_bj-pays=1.2
============================

Cut Card (Penetration: 75%) Theoretical Edge %: 1.9310% Cut Card Empiric Edge %: -1.9254%
CSM (Penetration: 0.0%) Theoretical Edge %: 1.8680% CSM Empiric Edge %: -1.8762%
CSM Error: -0.0082%, Cut Card Error: 0.0057%
CSM Speed: 6762697 hands/sec, Cut Card Speed: 11275864 hands/sec

[682/3456] 
=== Starting Regression Test ===
NUM_ROUNDS:  1000000000
NUM_THREADS: 16
Scenario:    decks=6_ss17=False_das=True_sas=2_don=9-11_reSplitAces=True_hitSplitAces=True_surr=yes_peek=True_bj-pays=1.5
============================

NOTE: surr=yes + peek=True — using the available surr=2-10 theoretical edge as a comparison baseline; edge assertion skipped.
Cut Card (Penetration: 75%) Theoretical Edge %: 0.5314% Cut Card Empiric Edge %: -0.5354%
CSM (Penetration: 0.0%) Theoretical Edge %: 0.5114% CSM Empiric Edge %: -0.5134%
CSM Error: -0.0020%, Cut Card Error: -0.0040%
CSM Speed: 3523782 hands/sec, Cut Card Speed: 10846810 hands/sec

[683/3456] 
=== Starting Regression Test ===
NUM_ROUNDS:  1000000000
NUM_THREADS: 16
Scenario:    decks=6_ss17=True_das=True_sas=2_don=9-11_reSplitAces=True_hitSplitAces=False_surr=2-10_peek=False_bj-pays=1.2
============================

NOTE: surr=2-10 + peek=False — theoretical table may not match implementation; edge assertion skipped.
Cut Card (Penetration: 75%) Theoretical Edge %: 1.9652% Cut Card Empiric Edge %: -1.8029%
CSM (Penetration: 0.0%) Theoretical Edge %: 1.9452% CSM Empiric Edge %: -1.7737%
CSM Error: 0.1715%, Cut Card Error: 0.1623%
CSM Speed: 3523708 hands/sec, Cut Card Speed: 11332215 hands/sec

[684/3456] 
=== Starting Regression Test ===
NUM_ROUNDS:  1000000000
NUM_THREADS: 16
Scenario:    decks=2_ss17=False_das=False_sas=3_don=10-11_reSplitAces=False_hitSplitAces=True_surr=no_peek=True_bj-pays=1.2
============================

Cut Card (Penetration: 75%) Theoretical Edge %: 2.0357% Cut Card Empiric Edge %: -2.0310%
CSM (Penetration: 0.0%) Theoretical Edge %: 1.9727% CSM Empiric Edge %: -1.9706%
CSM Error: 0.0021%, Cut Card Error: 0.0047%
CSM Speed: 6926023 hands/sec, Cut Card Speed: 11302117 hands/sec

[685/3456] 
=== Starting Regression Test ===
NUM_ROUNDS:  1000000000
NUM_THREADS: 16
Scenario:    decks=6_ss17=False_das=True_sas=3_don=10-11_reSplitAces=False_hitSplitAces=True_surr=2-10_peek=False_bj-pays=1.5
============================

NOTE: surr=2-10 + peek=False — theoretical table may not match implementation; edge assertion skipped.
Cut Card (Penetration: 75%) Theoretical Edge %: 0.6939% Cut Card Empiric Edge %: -0.5465%
CSM (Penetration: 0.0%) Theoretical Edge %: 0.6739% CSM Empiric Edge %: -0.5211%
CSM Error: 0.1528%, Cut Card Error: 0.1474%
CSM Speed: 3511976 hands/sec, Cut Card Speed: 10874293 hands/sec

[686/3456] 
=== Starting Regression Test ===
NUM_ROUNDS:  1000000000
NUM_THREADS: 16
Scenario:    decks=6_ss17=True_das=True_sas=2_don=9-11_reSplitAces=True_hitSplitAces=False_surr=no_peek=True_bj-pays=1.5
============================

Cut Card (Penetration: 75%) Theoretical Edge %: 0.5751% Cut Card Empiric Edge %: -0.5716%
CSM (Penetration: 0.0%) Theoretical Edge %: 0.5551% CSM Empiric Edge %: -0.5518%
CSM Error: 0.0033%, Cut Card Error: 0.0035%
CSM Speed: 3719422 hands/sec, Cut Card Speed: 11459873 hands/sec

[687/3456] 
=== Starting Regression Test ===
NUM_ROUNDS:  1000000000
NUM_THREADS: 16
Scenario:    decks=1_ss17=True_das=True_sas=4_don=9-11_reSplitAces=True_hitSplitAces=False_surr=yes_peek=True_bj-pays=1.5
============================

NOTE: surr=yes + peek=True — using the available surr=2-10 theoretical edge as a comparison baseline; edge assertion skipped.
Cut Card (Penetration: 75%) Theoretical Edge %: 0.0597% Cut Card Empiric Edge %: -0.0768%
CSM (Penetration: 0.0%) Theoretical Edge %: -0.0533% CSM Empiric Edge %: 0.0489%
CSM Error: -0.0044%, Cut Card Error: -0.0171%
CSM Speed: 8876580 hands/sec, Cut Card Speed: 11600928 hands/sec

[688/3456] 
=== Starting Regression Test ===
NUM_ROUNDS:  1000000000
NUM_THREADS: 16
Scenario:    decks=2_ss17=True_das=False_sas=4_don=Any_reSplitAces=False_hitSplitAces=False_surr=2-10_peek=False_bj-pays=1.5
============================

NOTE: surr=2-10 + peek=False — theoretical table may not match implementation; edge assertion skipped.
Cut Card (Penetration: 75%) Theoretical Edge %: 0.4482% Cut Card Empiric Edge %: -0.3030%
CSM (Penetration: 0.0%) Theoretical Edge %: 0.3852% CSM Empiric Edge %: -0.2198%
CSM Error: 0.1653%, Cut Card Error: 0.1452%
CSM Speed: 6800223 hands/sec, Cut Card Speed: 11165076 hands/sec

[689/3456] 
=== Starting Regression Test ===
NUM_ROUNDS:  1000000000
NUM_THREADS: 16
Scenario:    decks=2_ss17=True_das=False_sas=2_don=10-11_reSplitAces=False_hitSplitAces=False_surr=2-10_peek=False_bj-pays=1.5
============================

NOTE: surr=2-10 + peek=False — theoretical table may not match implementation; edge assertion skipped.
Cut Card (Penetration: 75%) Theoretical Edge %: 0.6808% Cut Card Empiric Edge %: -0.5200%
CSM (Penetration: 0.0%) Theoretical Edge %: 0.6178% CSM Empiric Edge %: -0.4522%
CSM Error: 0.1656%, Cut Card Error: 0.1608%
CSM Speed: 6564609 hands/sec, Cut Card Speed: 10744716 hands/sec

[690/3456] 
=== Starting Regression Test ===
NUM_ROUNDS:  1000000000
NUM_THREADS: 16
Scenario:    decks=2_ss17=False_das=True_sas=2_don=10-11_reSplitAces=True_hitSplitAces=True_surr=2-10_peek=False_bj-pays=1.2
============================

NOTE: surr=2-10 + peek=False — theoretical table may not match implementation; edge assertion skipped.
Cut Card (Penetration: 75%) Theoretical Edge %: 1.9960% Cut Card Empiric Edge %: -1.8495%
CSM (Penetration: 0.0%) Theoretical Edge %: 1.9330% CSM Empiric Edge %: -1.7878%
CSM Error: 0.1452%, Cut Card Error: 0.1465%
CSM Speed: 6604322 hands/sec, Cut Card Speed: 10634225 hands/sec

[691/3456] 
=== Starting Regression Test ===
NUM_ROUNDS:  1000000000
NUM_THREADS: 16
Scenario:    decks=6_ss17=True_das=False_sas=4_don=9-11_reSplitAces=True_hitSplitAces=True_surr=2-10_peek=False_bj-pays=1.5
============================

NOTE: surr=2-10 + peek=False — theoretical table may not match implementation; edge assertion skipped.
Cut Card (Penetration: 75%) Theoretical Edge %: 0.4619% Cut Card Empiric Edge %: -0.2972%
CSM (Penetration: 0.0%) Theoretical Edge %: 0.4419% CSM Empiric Edge %: -0.2799%
CSM Error: 0.1621%, Cut Card Error: 0.1648%
CSM Speed: 3490243 hands/sec, Cut Card Speed: 10475592 hands/sec

[692/3456] 
=== Starting Regression Test ===
NUM_ROUNDS:  1000000000
NUM_THREADS: 16
Scenario:    decks=1_ss17=False_das=False_sas=4_don=Any_reSplitAces=False_hitSplitAces=False_surr=2-10_peek=False_bj-pays=1.5
============================

NOTE: surr=2-10 + peek=False — theoretical table may not match implementation; edge assertion skipped.
Cut Card (Penetration: 75%) Theoretical Edge %: 0.3748% Cut Card Empiric Edge %: -0.2746%
CSM (Penetration: 0.0%) Theoretical Edge %: 0.2618% CSM Empiric Edge %: -0.1207%
CSM Error: 0.1411%, Cut Card Error: 0.1002%
CSM Speed: 8620838 hands/sec, Cut Card Speed: 11630747 hands/sec

[693/3456] 
=== Starting Regression Test ===
NUM_ROUNDS:  1000000000
NUM_THREADS: 16
Scenario:    decks=2_ss17=True_das=True_sas=3_don=9-11_reSplitAces=False_hitSplitAces=False_surr=2-10_peek=False_bj-pays=1.2
============================

NOTE: surr=2-10 + peek=False — theoretical table may not match implementation; edge assertion skipped.
Cut Card (Penetration: 75%) Theoretical Edge %: 1.7983% Cut Card Empiric Edge %: -1.6428%
CSM (Penetration: 0.0%) Theoretical Edge %: 1.7353% CSM Empiric Edge %: -1.5655%
CSM Error: 0.1698%, Cut Card Error: 0.1556%
CSM Speed: 6349045 hands/sec, Cut Card Speed: 10610192 hands/sec

[694/3456] 
=== Starting Regression Test ===
NUM_ROUNDS:  1000000000
NUM_THREADS: 16
Scenario:    decks=1_ss17=False_das=False_sas=2_don=Any_reSplitAces=True_hitSplitAces=False_surr=yes_peek=True_bj-pays=1.5
============================

NOTE: surr=yes + peek=True — using the available surr=2-10 theoretical edge as a comparison baseline; edge assertion skipped.
Cut Card (Penetration: 75%) Theoretical Edge %: 0.2825% Cut Card Empiric Edge %: -0.2986%
CSM (Penetration: 0.0%) Theoretical Edge %: 0.1695% CSM Empiric Edge %: -0.1772%
CSM Error: -0.0077%, Cut Card Error: -0.0161%
CSM Speed: 8785725 hands/sec, Cut Card Speed: 11665345 hands/sec

[695/3456] 
=== Starting Regression Test ===
NUM_ROUNDS:  1000000000
NUM_THREADS: 16
Scenario:    decks=2_ss17=False_das=False_sas=3_don=9-11_reSplitAces=False_hitSplitAces=True_surr=no_peek=True_bj-pays=1.2
============================

Cut Card (Penetration: 75%) Theoretical Edge %: 1.9350% Cut Card Empiric Edge %: -1.9209%
CSM (Penetration: 0.0%) Theoretical Edge %: 1.8720% CSM Empiric Edge %: -1.8727%
CSM Error: -0.0007%, Cut Card Error: 0.0141%
CSM Speed: 6587962 hands/sec, Cut Card Speed: 10866376 hands/sec

[696/3456] 
=== Starting Regression Test ===
NUM_ROUNDS:  1000000000
NUM_THREADS: 16
Scenario:    decks=6_ss17=True_das=False_sas=4_don=10-11_reSplitAces=False_hitSplitAces=False_surr=2-10_peek=False_bj-pays=1.5
============================

NOTE: surr=2-10 + peek=False — theoretical table may not match implementation; edge assertion skipped.
Cut Card (Penetration: 75%) Theoretical Edge %: 0.7720% Cut Card Empiric Edge %: -0.6076%
CSM (Penetration: 0.0%) Theoretical Edge %: 0.7520% CSM Empiric Edge %: -0.5784%
CSM Error: 0.1736%, Cut Card Error: 0.1644%
CSM Speed: 3404476 hands/sec, Cut Card Speed: 10373552 hands/sec

[697/3456] 
=== Starting Regression Test ===
NUM_ROUNDS:  1000000000
NUM_THREADS: 16
Scenario:    decks=2_ss17=False_das=False_sas=2_don=9-11_reSplitAces=True_hitSplitAces=True_surr=no_peek=True_bj-pays=1.2
============================

Cut Card (Penetration: 75%) Theoretical Edge %: 1.9583% Cut Card Empiric Edge %: -1.9466%
CSM (Penetration: 0.0%) Theoretical Edge %: 1.8953% CSM Empiric Edge %: -1.8921%
CSM Error: 0.0032%, Cut Card Error: 0.0117%
CSM Speed: 6640812 hands/sec, Cut Card Speed: 10572277 hands/sec

[698/3456] 
=== Starting Regression Test ===
NUM_ROUNDS:  1000000000
NUM_THREADS: 16
Scenario:    decks=1_ss17=False_das=True_sas=2_don=Any_reSplitAces=True_hitSplitAces=True_surr=2-10_peek=False_bj-pays=1.2
============================

NOTE: surr=2-10 + peek=False — theoretical table may not match implementation; edge assertion skipped.
Cut Card (Penetration: 75%) Theoretical Edge %: 1.5186% Cut Card Empiric Edge %: -1.4173%
CSM (Penetration: 0.0%) Theoretical Edge %: 1.4056% CSM Empiric Edge %: -1.2686%
CSM Error: 0.1370%, Cut Card Error: 0.1013%
CSM Speed: 8367781 hands/sec, Cut Card Speed: 10815254 hands/sec

[699/3456] 
=== Starting Regression Test ===
NUM_ROUNDS:  1000000000
NUM_THREADS: 16
Scenario:    decks=6_ss17=False_das=True_sas=2_don=10-11_reSplitAces=True_hitSplitAces=False_surr=yes_peek=True_bj-pays=1.2
============================

NOTE: surr=yes + peek=True — using the available surr=2-10 theoretical edge as a comparison baseline; edge assertion skipped.
Cut Card (Penetration: 75%) Theoretical Edge %: 2.1612% Cut Card Empiric Edge %: -2.1687%
CSM (Penetration: 0.0%) Theoretical Edge %: 2.1412% CSM Empiric Edge %: -2.1425%
CSM Error: -0.0013%, Cut Card Error: -0.0075%
CSM Speed: 3377534 hands/sec, Cut Card Speed: 11177056 hands/sec

[700/3456] 
=== Starting Regression Test ===
NUM_ROUNDS:  1000000000
NUM_THREADS: 16
Scenario:    decks=2_ss17=True_das=True_sas=4_don=9-11_reSplitAces=True_hitSplitAces=False_surr=yes_peek=True_bj-pays=1.5
============================

NOTE: surr=yes + peek=True — using the available surr=2-10 theoretical edge as a comparison baseline; edge assertion skipped.
Cut Card (Penetration: 75%) Theoretical Edge %: 0.2630% Cut Card Empiric Edge %: -0.2743%
CSM (Penetration: 0.0%) Theoretical Edge %: 0.2000% CSM Empiric Edge %: -0.2105%
CSM Error: -0.0105%, Cut Card Error: -0.0113%
CSM Speed: 6367845 hands/sec, Cut Card Speed: 10651442 hands/sec

[701/3456] 
=== Starting Regression Test ===
NUM_ROUNDS:  1000000000
NUM_THREADS: 16
Scenario:    decks=6_ss17=False_das=False_sas=4_don=Any_reSplitAces=True_hitSplitAces=False_surr=no_peek=True_bj-pays=1.2
============================

Cut Card (Penetration: 75%) Theoretical Edge %: 2.0751% Cut Card Empiric Edge %: -2.0727%
CSM (Penetration: 0.0%) Theoretical Edge %: 2.0551% CSM Empiric Edge %: -2.0555%
CSM Error: -0.0005%, Cut Card Error: 0.0023%
CSM Speed: 3383373 hands/sec, Cut Card Speed: 10764147 hands/sec

[702/3456] 
=== Starting Regression Test ===
NUM_ROUNDS:  1000000000
NUM_THREADS: 16
Scenario:    decks=6_ss17=True_das=True_sas=3_don=9-11_reSplitAces=True_hitSplitAces=True_surr=yes_peek=True_bj-pays=1.2
============================

NOTE: surr=yes + peek=True — using the available surr=2-10 theoretical edge as a comparison baseline; edge assertion skipped.
Cut Card (Penetration: 75%) Theoretical Edge %: 1.5884% Cut Card Empiric Edge %: -1.5910%
CSM (Penetration: 0.0%) Theoretical Edge %: 1.5684% CSM Empiric Edge %: -1.5647%
CSM Error: 0.0036%, Cut Card Error: -0.0027%
CSM Speed: 3390198 hands/sec, Cut Card Speed: 11042281 hands/sec

[703/3456] 
=== Starting Regression Test ===
NUM_ROUNDS:  1000000000
NUM_THREADS: 16
Scenario:    decks=1_ss17=True_das=True_sas=2_don=9-11_reSplitAces=False_hitSplitAces=False_surr=no_peek=False_bj-pays=1.2
============================

Cut Card (Penetration: 75%) Theoretical Edge %: 1.6444% Cut Card Empiric Edge %: -1.6439%
CSM (Penetration: 0.0%) Theoretical Edge %: 1.5314% CSM Empiric Edge %: -1.5315%
CSM Error: -0.0001%, Cut Card Error: 0.0005%
CSM Speed: 8130015 hands/sec, Cut Card Speed: 10566915 hands/sec

[704/3456] 
=== Starting Regression Test ===
NUM_ROUNDS:  1000000000
NUM_THREADS: 16
Scenario:    decks=6_ss17=False_das=False_sas=3_don=10-11_reSplitAces=True_hitSplitAces=False_surr=no_peek=True_bj-pays=1.5
============================

Cut Card (Penetration: 75%) Theoretical Edge %: 0.9128% Cut Card Empiric Edge %: -0.9155%
CSM (Penetration: 0.0%) Theoretical Edge %: 0.8928% CSM Empiric Edge %: -0.8925%
CSM Error: 0.0003%, Cut Card Error: -0.0027%
CSM Speed: 3443906 hands/sec, Cut Card Speed: 10563566 hands/sec

[705/3456] 
=== Starting Regression Test ===
NUM_ROUNDS:  1000000000
NUM_THREADS: 16
Scenario:    decks=6_ss17=True_das=False_sas=3_don=Any_reSplitAces=False_hitSplitAces=False_surr=no_peek=False_bj-pays=1.5
============================

Cut Card (Penetration: 75%) Theoretical Edge %: 0.6824% Cut Card Empiric Edge %: -0.6822%
CSM (Penetration: 0.0%) Theoretical Edge %: 0.6624% CSM Empiric Edge %: -0.6654%
CSM Error: -0.0030%, Cut Card Error: 0.0003%
CSM Speed: 3359154 hands/sec, Cut Card Speed: 10405502 hands/sec

[706/3456] 
=== Starting Regression Test ===
NUM_ROUNDS:  1000000000
NUM_THREADS: 16
Scenario:    decks=6_ss17=False_das=False_sas=4_don=Any_reSplitAces=False_hitSplitAces=True_surr=no_peek=True_bj-pays=1.5
============================

Cut Card (Penetration: 75%) Theoretical Edge %: 0.6060% Cut Card Empiric Edge %: -0.6084%
CSM (Penetration: 0.0%) Theoretical Edge %: 0.5860% CSM Empiric Edge %: -0.5832%
CSM Error: 0.0028%, Cut Card Error: -0.0023%
CSM Speed: 3441061 hands/sec, Cut Card Speed: 11325285 hands/sec

[707/3456] 
=== Starting Regression Test ===
NUM_ROUNDS:  1000000000
NUM_THREADS: 16
Scenario:    decks=2_ss17=False_das=True_sas=4_don=10-11_reSplitAces=True_hitSplitAces=True_surr=2-10_peek=False_bj-pays=1.2
============================

NOTE: surr=2-10 + peek=False — theoretical table may not match implementation; edge assertion skipped.
Cut Card (Penetration: 75%) Theoretical Edge %: 1.9136% Cut Card Empiric Edge %: -1.7750%
CSM (Penetration: 0.0%) Theoretical Edge %: 1.8506% CSM Empiric Edge %: -1.7034%
CSM Error: 0.1472%, Cut Card Error: 0.1387%
CSM Speed: 6367237 hands/sec, Cut Card Speed: 10637166 hands/sec

[708/3456] 
=== Starting Regression Test ===
NUM_ROUNDS:  1000000000
NUM_THREADS: 16
Scenario:    decks=6_ss17=False_das=False_sas=2_don=Any_reSplitAces=True_hitSplitAces=True_surr=2-10_peek=False_bj-pays=1.5
============================

NOTE: surr=2-10 + peek=False — theoretical table may not match implementation; edge assertion skipped.
Cut Card (Penetration: 75%) Theoretical Edge %: 0.6603% Cut Card Empiric Edge %: -0.5123%
CSM (Penetration: 0.0%) Theoretical Edge %: 0.6403% CSM Empiric Edge %: -0.4866%
CSM Error: 0.1537%, Cut Card Error: 0.1480%
CSM Speed: 3458604 hands/sec, Cut Card Speed: 11090655 hands/sec

[709/3456] 
=== Starting Regression Test ===
NUM_ROUNDS:  1000000000
NUM_THREADS: 16
Scenario:    decks=2_ss17=True_das=False_sas=4_don=Any_reSplitAces=True_hitSplitAces=False_surr=2-10_peek=False_bj-pays=1.2
============================

NOTE: surr=2-10 + peek=False — theoretical table may not match implementation; edge assertion skipped.
Cut Card (Penetration: 75%) Theoretical Edge %: 1.7713% Cut Card Empiric Edge %: -1.6156%
CSM (Penetration: 0.0%) Theoretical Edge %: 1.7083% CSM Empiric Edge %: -1.5473%
CSM Error: 0.1610%, Cut Card Error: 0.1557%
CSM Speed: 6461367 hands/sec, Cut Card Speed: 10838581 hands/sec

[710/3456] 
=== Starting Regression Test ===
NUM_ROUNDS:  1000000000
NUM_THREADS: 16
Scenario:    decks=1_ss17=False_das=False_sas=2_don=9-11_reSplitAces=True_hitSplitAces=True_surr=2-10_peek=False_bj-pays=1.5
============================

NOTE: surr=2-10 + peek=False — theoretical table may not match implementation; edge assertion skipped.
Cut Card (Penetration: 75%) Theoretical Edge %: 0.4092% Cut Card Empiric Edge %: -0.3065%
CSM (Penetration: 0.0%) Theoretical Edge %: 0.2962% CSM Empiric Edge %: -0.1510%
CSM Error: 0.1452%, Cut Card Error: 0.1027%
CSM Speed: 8326811 hands/sec, Cut Card Speed: 11103339 hands/sec

[711/3456] 
=== Starting Regression Test ===
NUM_ROUNDS:  1000000000
NUM_THREADS: 16
Scenario:    decks=1_ss17=False_das=True_sas=4_don=10-11_reSplitAces=True_hitSplitAces=False_surr=no_peek=False_bj-pays=1.2
============================

Cut Card (Penetration: 75%) Theoretical Edge %: 1.9384% Cut Card Empiric Edge %: -1.9363%
CSM (Penetration: 0.0%) Theoretical Edge %: 1.8254% CSM Empiric Edge %: -1.8255%
CSM Error: -0.0000%, Cut Card Error: 0.0022%
CSM Speed: 8276775 hands/sec, Cut Card Speed: 10586940 hands/sec

[712/3456] 
=== Starting Regression Test ===
NUM_ROUNDS:  1000000000
NUM_THREADS: 16
Scenario:    decks=6_ss17=False_das=True_sas=3_don=10-11_reSplitAces=True_hitSplitAces=False_surr=yes_peek=True_bj-pays=1.2
============================

NOTE: surr=yes + peek=True — using the available surr=2-10 theoretical edge as a comparison baseline; edge assertion skipped.
Cut Card (Penetration: 75%) Theoretical Edge %: 2.0616% Cut Card Empiric Edge %: -2.0587%
CSM (Penetration: 0.0%) Theoretical Edge %: 2.0416% CSM Empiric Edge %: -2.0421%
CSM Error: -0.0005%, Cut Card Error: 0.0028%
CSM Speed: 3361955 hands/sec, Cut Card Speed: 10832124 hands/sec

[713/3456] 
=== Starting Regression Test ===
NUM_ROUNDS:  1000000000
NUM_THREADS: 16
Scenario:    decks=1_ss17=False_das=True_sas=2_don=10-11_reSplitAces=True_hitSplitAces=False_surr=2-10_peek=False_bj-pays=1.2
============================

NOTE: surr=2-10 + peek=False — theoretical table may not match implementation; edge assertion skipped.
Cut Card (Penetration: 75%) Theoretical Edge %: 1.9562% Cut Card Empiric Edge %: -1.8431%
CSM (Penetration: 0.0%) Theoretical Edge %: 1.8432% CSM Empiric Edge %: -1.7021%
CSM Error: 0.1412%, Cut Card Error: 0.1131%
CSM Speed: 8300408 hands/sec, Cut Card Speed: 11009457 hands/sec

[714/3456] 
=== Starting Regression Test ===
NUM_ROUNDS:  1000000000
NUM_THREADS: 16
Scenario:    decks=1_ss17=False_das=True_sas=2_don=Any_reSplitAces=False_hitSplitAces=False_surr=no_peek=False_bj-pays=1.5
============================

Cut Card (Penetration: 75%) Theoretical Edge %: 0.3017% Cut Card Empiric Edge %: -0.3170%
CSM (Penetration: 0.0%) Theoretical Edge %: 0.1887% CSM Empiric Edge %: -0.1834%
CSM Error: 0.0053%, Cut Card Error: -0.0153%
CSM Speed: 8116620 hands/sec, Cut Card Speed: 11145290 hands/sec

[715/3456] 
=== Starting Regression Test ===
NUM_ROUNDS:  1000000000
NUM_THREADS: 16
Scenario:    decks=6_ss17=True_das=False_sas=2_don=9-11_reSplitAces=True_hitSplitAces=True_surr=2-10_peek=False_bj-pays=1.5
============================

NOTE: surr=2-10 + peek=False — theoretical table may not match implementation; edge assertion skipped.
Cut Card (Penetration: 75%) Theoretical Edge %: 0.5480% Cut Card Empiric Edge %: -0.3881%
CSM (Penetration: 0.0%) Theoretical Edge %: 0.5280% CSM Empiric Edge %: -0.3642%
CSM Error: 0.1638%, Cut Card Error: 0.1599%
CSM Speed: 3399510 hands/sec, Cut Card Speed: 10908813 hands/sec

[716/3456] 
=== Starting Regression Test ===
NUM_ROUNDS:  1000000000
NUM_THREADS: 16
Scenario:    decks=6_ss17=True_das=True_sas=4_don=Any_reSplitAces=True_hitSplitAces=False_surr=no_peek=True_bj-pays=1.2
============================

Cut Card (Penetration: 75%) Theoretical Edge %: 1.7174% Cut Card Empiric Edge %: -1.7137%
CSM (Penetration: 0.0%) Theoretical Edge %: 1.6974% CSM Empiric Edge %: -1.6994%
CSM Error: -0.0020%, Cut Card Error: 0.0037%
CSM Speed: 3448050 hands/sec, Cut Card Speed: 10466382 hands/sec

[717/3456] 
=== Starting Regression Test ===
NUM_ROUNDS:  1000000000
NUM_THREADS: 16
Scenario:    decks=2_ss17=True_das=True_sas=3_don=10-11_reSplitAces=False_hitSplitAces=False_surr=yes_peek=True_bj-pays=1.5
============================

NOTE: surr=yes + peek=True — using the available surr=2-10 theoretical edge as a comparison baseline; edge assertion skipped.
Cut Card (Penetration: 75%) Theoretical Edge %: 0.4376% Cut Card Empiric Edge %: -0.4397%
CSM (Penetration: 0.0%) Theoretical Edge %: 0.3746% CSM Empiric Edge %: -0.3742%
CSM Error: 0.0004%, Cut Card Error: -0.0021%
CSM Speed: 6450406 hands/sec, Cut Card Speed: 10442665 hands/sec

[718/3456] 
=== Starting Regression Test ===
NUM_ROUNDS:  1000000000
NUM_THREADS: 16
Scenario:    decks=2_ss17=False_das=False_sas=4_don=9-11_reSplitAces=False_hitSplitAces=False_surr=no_peek=True_bj-pays=1.2
============================

Cut Card (Penetration: 75%) Theoretical Edge %: 2.0893% Cut Card Empiric Edge %: -2.0801%
CSM (Penetration: 0.0%) Theoretical Edge %: 2.0263% CSM Empiric Edge %: -2.0246%
CSM Error: 0.0018%, Cut Card Error: 0.0093%
CSM Speed: 6267863 hands/sec, Cut Card Speed: 10888146 hands/sec

[719/3456] 
=== Starting Regression Test ===
NUM_ROUNDS:  1000000000
NUM_THREADS: 16
Scenario:    decks=2_ss17=False_das=False_sas=2_don=9-11_reSplitAces=False_hitSplitAces=False_surr=no_peek=False_bj-pays=1.2
============================

Cut Card (Penetration: 75%) Theoretical Edge %: 2.2258% Cut Card Empiric Edge %: -2.2149%
CSM (Penetration: 0.0%) Theoretical Edge %: 2.1629% CSM Empiric Edge %: -2.1665%
CSM Error: -0.0036%, Cut Card Error: 0.0110%
CSM Speed: 6409640 hands/sec, Cut Card Speed: 10570266 hands/sec

[720/3456] 
=== Starting Regression Test ===
NUM_ROUNDS:  1000000000
NUM_THREADS: 16
Scenario:    decks=1_ss17=False_das=True_sas=4_don=9-11_reSplitAces=False_hitSplitAces=True_surr=no_peek=True_bj-pays=1.5
============================

Cut Card (Penetration: 75%) Theoretical Edge %: 0.1850% Cut Card Empiric Edge %: -0.1858%
CSM (Penetration: 0.0%) Theoretical Edge %: 0.0720% CSM Empiric Edge %: -0.0665%
CSM Error: 0.0055%, Cut Card Error: -0.0008%
CSM Speed: 8340701 hands/sec, Cut Card Speed: 10816541 hands/sec

[721/3456] 
=== Starting Regression Test ===
NUM_ROUNDS:  1000000000
NUM_THREADS: 16
Scenario:    decks=2_ss17=False_das=True_sas=4_don=Any_reSplitAces=False_hitSplitAces=False_surr=yes_peek=True_bj-pays=1.2
============================

NOTE: surr=yes + peek=True — using the available surr=2-10 theoretical edge as a comparison baseline; edge assertion skipped.
Cut Card (Penetration: 75%) Theoretical Edge %: 1.7642% Cut Card Empiric Edge %: -1.7778%
CSM (Penetration: 0.0%) Theoretical Edge %: 1.7012% CSM Empiric Edge %: -1.7071%
CSM Error: -0.0059%, Cut Card Error: -0.0135%
CSM Speed: 6637198 hands/sec, Cut Card Speed: 10883288 hands/sec

[722/3456] 
=== Starting Regression Test ===
NUM_ROUNDS:  1000000000
NUM_THREADS: 16
Scenario:    decks=2_ss17=True_das=True_sas=4_don=10-11_reSplitAces=True_hitSplitAces=True_surr=yes_peek=True_bj-pays=1.2
============================

NOTE: surr=yes + peek=True — using the available surr=2-10 theoretical edge as a comparison baseline; edge assertion skipped.
Cut Card (Penetration: 75%) Theoretical Edge %: 1.6011% Cut Card Empiric Edge %: -1.6100%
CSM (Penetration: 0.0%) Theoretical Edge %: 1.5381% CSM Empiric Edge %: -1.5461%
CSM Error: -0.0080%, Cut Card Error: -0.0089%
CSM Speed: 6591393 hands/sec, Cut Card Speed: 10749683 hands/sec

[723/3456] 
=== Starting Regression Test ===
NUM_ROUNDS:  1000000000
NUM_THREADS: 16
Scenario:    decks=6_ss17=False_das=False_sas=3_don=Any_reSplitAces=True_hitSplitAces=False_surr=2-10_peek=False_bj-pays=1.5
============================

NOTE: surr=2-10 + peek=False — theoretical table may not match implementation; edge assertion skipped.
Cut Card (Penetration: 75%) Theoretical Edge %: 0.7503% Cut Card Empiric Edge %: -0.5980%
CSM (Penetration: 0.0%) Theoretical Edge %: 0.7303% CSM Empiric Edge %: -0.5772%
CSM Error: 0.1531%, Cut Card Error: 0.1523%
CSM Speed: 3411223 hands/sec, Cut Card Speed: 10811278 hands/sec

[724/3456] 
=== Starting Regression Test ===
NUM_ROUNDS:  1000000000
NUM_THREADS: 16
Scenario:    decks=6_ss17=False_das=False_sas=2_don=9-11_reSplitAces=True_hitSplitAces=False_surr=yes_peek=True_bj-pays=1.5
============================

NOTE: surr=yes + peek=True — using the available surr=2-10 theoretical edge as a comparison baseline; edge assertion skipped.
Cut Card (Penetration: 75%) Theoretical Edge %: 0.8264% Cut Card Empiric Edge %: -0.8304%
CSM (Penetration: 0.0%) Theoretical Edge %: 0.8064% CSM Empiric Edge %: -0.8113%
CSM Error: -0.0049%, Cut Card Error: -0.0040%
CSM Speed: 3349018 hands/sec, Cut Card Speed: 10912146 hands/sec

[725/3456] 
=== Starting Regression Test ===
NUM_ROUNDS:  1000000000
NUM_THREADS: 16
Scenario:    decks=1_ss17=True_das=True_sas=2_don=10-11_reSplitAces=False_hitSplitAces=True_surr=yes_peek=True_bj-pays=1.2
============================

NOTE: surr=yes + peek=True — using the available surr=2-10 theoretical edge as a comparison baseline; edge assertion skipped.
Cut Card (Penetration: 75%) Theoretical Edge %: 1.5308% Cut Card Empiric Edge %: -1.5244%
CSM (Penetration: 0.0%) Theoretical Edge %: 1.4178% CSM Empiric Edge %: -1.4219%
CSM Error: -0.0041%, Cut Card Error: 0.0064%
CSM Speed: 8344599 hands/sec, Cut Card Speed: 11214911 hands/sec

[726/3456] 
=== Starting Regression Test ===
NUM_ROUNDS:  1000000000
NUM_THREADS: 16
Scenario:    decks=6_ss17=False_das=False_sas=4_don=Any_reSplitAces=True_hitSplitAces=True_surr=yes_peek=True_bj-pays=1.5
============================

NOTE: surr=yes + peek=True — using the available surr=2-10 theoretical edge as a comparison baseline; edge assertion skipped.
Cut Card (Penetration: 75%) Theoretical Edge %: 0.4604% Cut Card Empiric Edge %: -0.4608%
CSM (Penetration: 0.0%) Theoretical Edge %: 0.4404% CSM Empiric Edge %: -0.4478%
CSM Error: -0.0074%, Cut Card Error: -0.0003%
CSM Speed: 3416888 hands/sec, Cut Card Speed: 10757315 hands/sec

[727/3456] 
=== Starting Regression Test ===
NUM_ROUNDS:  1000000000
NUM_THREADS: 16
Scenario:    decks=6_ss17=False_das=False_sas=2_don=9-11_reSplitAces=True_hitSplitAces=True_surr=2-10_peek=False_bj-pays=1.5
============================

NOTE: surr=2-10 + peek=False — theoretical table may not match implementation; edge assertion skipped.
Cut Card (Penetration: 75%) Theoretical Edge %: 0.7587% Cut Card Empiric Edge %: -0.6182%
CSM (Penetration: 0.0%) Theoretical Edge %: 0.7387% CSM Empiric Edge %: -0.5909%
CSM Error: 0.1478%, Cut Card Error: 0.1405%
CSM Speed: 3370749 hands/sec, Cut Card Speed: 10378289 hands/sec

[728/3456] 
=== Starting Regression Test ===
NUM_ROUNDS:  1000000000
NUM_THREADS: 16
Scenario:    decks=1_ss17=False_das=False_sas=3_don=10-11_reSplitAces=False_hitSplitAces=True_surr=2-10_peek=False_bj-pays=1.5
============================

NOTE: surr=2-10 + peek=False — theoretical table may not match implementation; edge assertion skipped.
Cut Card (Penetration: 75%) Theoretical Edge %: 0.5244% Cut Card Empiric Edge %: -0.4189%
CSM (Penetration: 0.0%) Theoretical Edge %: 0.4114% CSM Empiric Edge %: -0.2676%
CSM Error: 0.1439%, Cut Card Error: 0.1055%
CSM Speed: 8219426 hands/sec, Cut Card Speed: 10378612 hands/sec

[729/3456] 
=== Starting Regression Test ===
NUM_ROUNDS:  1000000000
NUM_THREADS: 16
Scenario:    decks=6_ss17=False_das=True_sas=4_don=10-11_reSplitAces=False_hitSplitAces=True_surr=2-10_peek=False_bj-pays=1.2
============================

NOTE: surr=2-10 + peek=False — theoretical table may not match implementation; edge assertion skipped.
Cut Card (Penetration: 75%) Theoretical Edge %: 2.0458% Cut Card Empiric Edge %: -1.8991%
CSM (Penetration: 0.0%) Theoretical Edge %: 2.0258% CSM Empiric Edge %: -1.8727%
CSM Error: 0.1531%, Cut Card Error: 0.1467%
CSM Speed: 3374149 hands/sec, Cut Card Speed: 10308853 hands/sec

[730/3456] 
=== Starting Regression Test ===
NUM_ROUNDS:  1000000000
NUM_THREADS: 16
Scenario:    decks=6_ss17=True_das=False_sas=2_don=Any_reSplitAces=True_hitSplitAces=True_surr=no_peek=False_bj-pays=1.2
============================

Cut Card (Penetration: 75%) Theoretical Edge %: 1.8971% Cut Card Empiric Edge %: -1.8991%
CSM (Penetration: 0.0%) Theoretical Edge %: 1.8771% CSM Empiric Edge %: -1.8881%
CSM Error: -0.0110%, Cut Card Error: -0.0020%
CSM Speed: 3404360 hands/sec, Cut Card Speed: 10615035 hands/sec

[731/3456] 
=== Starting Regression Test ===
NUM_ROUNDS:  1000000000
NUM_THREADS: 16
Scenario:    decks=2_ss17=True_das=True_sas=2_don=10-11_reSplitAces=True_hitSplitAces=False_surr=2-10_peek=False_bj-pays=1.5
============================

NOTE: surr=2-10 + peek=False — theoretical table may not match implementation; edge assertion skipped.
Cut Card (Penetration: 75%) Theoretical Edge %: 0.5757% Cut Card Empiric Edge %: -0.4191%
CSM (Penetration: 0.0%) Theoretical Edge %: 0.5127% CSM Empiric Edge %: -0.3469%
CSM Error: 0.1658%, Cut Card Error: 0.1566%
CSM Speed: 6135082 hands/sec, Cut Card Speed: 10537186 hands/sec

[732/3456] 
=== Starting Regression Test ===
NUM_ROUNDS:  1000000000
NUM_THREADS: 16
Scenario:    decks=6_ss17=True_das=False_sas=2_don=9-11_reSplitAces=False_hitSplitAces=True_surr=2-10_peek=False_bj-pays=1.5
============================

NOTE: surr=2-10 + peek=False — theoretical table may not match implementation; edge assertion skipped.
Cut Card (Penetration: 75%) Theoretical Edge %: 0.5480% Cut Card Empiric Edge %: -0.3853%
CSM (Penetration: 0.0%) Theoretical Edge %: 0.5280% CSM Empiric Edge %: -0.3636%
CSM Error: 0.1644%, Cut Card Error: 0.1627%
CSM Speed: 3360430 hands/sec, Cut Card Speed: 10975141 hands/sec

[733/3456] 
=== Starting Regression Test ===
NUM_ROUNDS:  1000000000
NUM_THREADS: 16
Scenario:    decks=6_ss17=False_das=False_sas=3_don=Any_reSplitAces=False_hitSplitAces=True_surr=no_peek=False_bj-pays=1.5
============================

Cut Card (Penetration: 75%) Theoretical Edge %: 0.7281% Cut Card Empiric Edge %: -0.7353%
CSM (Penetration: 0.0%) Theoretical Edge %: 0.7081% CSM Empiric Edge %: -0.7102%
CSM Error: -0.0021%, Cut Card Error: -0.0072%
CSM Speed: 3333478 hands/sec, Cut Card Speed: 10417101 hands/sec

[734/3456] 
=== Starting Regression Test ===
NUM_ROUNDS:  1000000000
NUM_THREADS: 16
Scenario:    decks=2_ss17=False_das=True_sas=4_don=9-11_reSplitAces=True_hitSplitAces=False_surr=2-10_peek=False_bj-pays=1.2
============================

NOTE: surr=2-10 + peek=False — theoretical table may not match implementation; edge assertion skipped.
Cut Card (Penetration: 75%) Theoretical Edge %: 1.9439% Cut Card Empiric Edge %: -1.8061%
CSM (Penetration: 0.0%) Theoretical Edge %: 1.8809% CSM Empiric Edge %: -1.7329%
CSM Error: 0.1480%, Cut Card Error: 0.1378%
CSM Speed: 6429380 hands/sec, Cut Card Speed: 10620559 hands/sec

[735/3456] 
=== Starting Regression Test ===
NUM_ROUNDS:  1000000000
NUM_THREADS: 16
Scenario:    decks=6_ss17=False_das=True_sas=2_don=10-11_reSplitAces=False_hitSplitAces=True_surr=no_peek=False_bj-pays=1.5
============================

Cut Card (Penetration: 75%) Theoretical Edge %: 0.8300% Cut Card Empiric Edge %: -0.8279%
CSM (Penetration: 0.0%) Theoretical Edge %: 0.8101% CSM Empiric Edge %: -0.8183%
CSM Error: -0.0083%, Cut Card Error: 0.0022%
CSM Speed: 3342447 hands/sec, Cut Card Speed: 10773656 hands/sec

[736/3456] 
=== Starting Regression Test ===
NUM_ROUNDS:  1000000000
NUM_THREADS: 16
Scenario:    decks=6_ss17=True_das=False_sas=4_don=10-11_reSplitAces=False_hitSplitAces=True_surr=yes_peek=True_bj-pays=1.2
============================

NOTE: surr=yes + peek=True — using the available surr=2-10 theoretical edge as a comparison baseline; edge assertion skipped.
Cut Card (Penetration: 75%) Theoretical Edge %: 1.8480% Cut Card Empiric Edge %: -1.8421%
CSM (Penetration: 0.0%) Theoretical Edge %: 1.8280% CSM Empiric Edge %: -1.8208%
CSM Error: 0.0072%, Cut Card Error: 0.0060%
CSM Speed: 3349130 hands/sec, Cut Card Speed: 11002310 hands/sec

[737/3456] 
=== Starting Regression Test ===
NUM_ROUNDS:  1000000000
NUM_THREADS: 16
Scenario:    decks=2_ss17=False_das=False_sas=4_don=Any_reSplitAces=False_hitSplitAces=True_surr=no_peek=True_bj-pays=1.5
============================

Cut Card (Penetration: 75%) Theoretical Edge %: 0.4444% Cut Card Empiric Edge %: -0.4394%
CSM (Penetration: 0.0%) Theoretical Edge %: 0.3814% CSM Empiric Edge %: -0.3849%
CSM Error: -0.0035%, Cut Card Error: 0.0051%
CSM Speed: 6578168 hands/sec, Cut Card Speed: 10906434 hands/sec

[738/3456] 
=== Starting Regression Test ===
NUM_ROUNDS:  1000000000
NUM_THREADS: 16
Scenario:    decks=1_ss17=False_das=True_sas=2_don=9-11_reSplitAces=True_hitSplitAces=True_surr=no_peek=False_bj-pays=1.5
============================

Cut Card (Penetration: 75%) Theoretical Edge %: 0.3287% Cut Card Empiric Edge %: -0.3402%
CSM (Penetration: 0.0%) Theoretical Edge %: 0.2157% CSM Empiric Edge %: -0.2175%
CSM Error: -0.0018%, Cut Card Error: -0.0114%
CSM Speed: 8171337 hands/sec, Cut Card Speed: 11096439 hands/sec

[739/3456] 
=== Starting Regression Test ===
NUM_ROUNDS:  1000000000
NUM_THREADS: 16
Scenario:    decks=2_ss17=True_das=True_sas=3_don=10-11_reSplitAces=False_hitSplitAces=True_surr=no_peek=False_bj-pays=1.5
============================

Cut Card (Penetration: 75%) Theoretical Edge %: 0.4411% Cut Card Empiric Edge %: -0.4440%
CSM (Penetration: 0.0%) Theoretical Edge %: 0.3781% CSM Empiric Edge %: -0.3823%
CSM Error: -0.0042%, Cut Card Error: -0.0029%
CSM Speed: 6445916 hands/sec, Cut Card Speed: 10404745 hands/sec

[740/3456] 
=== Starting Regression Test ===
NUM_ROUNDS:  1000000000
NUM_THREADS: 16
Scenario:    decks=2_ss17=False_das=False_sas=3_don=9-11_reSplitAces=False_hitSplitAces=True_surr=no_peek=True_bj-pays=1.5
============================

Cut Card (Penetration: 75%) Theoretical Edge %: 0.5615% Cut Card Empiric Edge %: -0.5560%
CSM (Penetration: 0.0%) Theoretical Edge %: 0.4985% CSM Empiric Edge %: -0.4993%
CSM Error: -0.0009%, Cut Card Error: 0.0055%
CSM Speed: 6374868 hands/sec, Cut Card Speed: 10596251 hands/sec

[741/3456] 
=== Starting Regression Test ===
NUM_ROUNDS:  1000000000
NUM_THREADS: 16
Scenario:    decks=1_ss17=True_das=False_sas=4_don=Any_reSplitAces=True_hitSplitAces=False_surr=no_peek=True_bj-pays=1.5
============================

Cut Card (Penetration: 75%) Theoretical Edge %: 0.0778% Cut Card Empiric Edge %: -0.0821%
CSM (Penetration: 0.0%) Theoretical Edge %: -0.0352% CSM Empiric Edge %: 0.0285%
CSM Error: -0.0067%, Cut Card Error: -0.0043%
CSM Speed: 8541533 hands/sec, Cut Card Speed: 11495706 hands/sec

[742/3456] 
=== Starting Regression Test ===
NUM_ROUNDS:  1000000000
NUM_THREADS: 16
Scenario:    decks=2_ss17=False_das=True_sas=2_don=10-11_reSplitAces=True_hitSplitAces=False_surr=no_peek=False_bj-pays=1.2
============================

Cut Card (Penetration: 75%) Theoretical Edge %: 2.2199% Cut Card Empiric Edge %: -2.2170%
CSM (Penetration: 0.0%) Theoretical Edge %: 2.1568% CSM Empiric Edge %: -2.1626%
CSM Error: -0.0058%, Cut Card Error: 0.0028%
CSM Speed: 6486472 hands/sec, Cut Card Speed: 10663482 hands/sec

[743/3456] 
=== Starting Regression Test ===
NUM_ROUNDS:  1000000000
NUM_THREADS: 16
Scenario:    decks=2_ss17=False_das=True_sas=3_don=10-11_reSplitAces=False_hitSplitAces=True_surr=yes_peek=True_bj-pays=1.5
============================

NOTE: surr=yes + peek=True — using the available surr=2-10 theoretical edge as a comparison baseline; edge assertion skipped.
Cut Card (Penetration: 75%) Theoretical Edge %: 0.4747% Cut Card Empiric Edge %: -0.4697%
CSM (Penetration: 0.0%) Theoretical Edge %: 0.4117% CSM Empiric Edge %: -0.4093%
CSM Error: 0.0024%, Cut Card Error: 0.0050%
CSM Speed: 6581285 hands/sec, Cut Card Speed: 10765306 hands/sec

[744/3456] 
=== Starting Regression Test ===
NUM_ROUNDS:  1000000000
NUM_THREADS: 16
Scenario:    decks=2_ss17=False_das=True_sas=3_don=9-11_reSplitAces=True_hitSplitAces=False_surr=no_peek=False_bj-pays=1.5
============================

Cut Card (Penetration: 75%) Theoretical Edge %: 0.6530% Cut Card Empiric Edge %: -0.6619%
CSM (Penetration: 0.0%) Theoretical Edge %: 0.5899% CSM Empiric Edge %: -0.5909%
CSM Error: -0.0010%, Cut Card Error: -0.0089%
CSM Speed: 6207093 hands/sec, Cut Card Speed: 10326845 hands/sec

[745/3456] 
=== Starting Regression Test ===
NUM_ROUNDS:  1000000000
NUM_THREADS: 16
Scenario:    decks=2_ss17=False_das=False_sas=2_don=Any_reSplitAces=False_hitSplitAces=False_surr=2-10_peek=False_bj-pays=1.2
============================

NOTE: surr=2-10 + peek=False — theoretical table may not match implementation; edge assertion skipped.
Cut Card (Penetration: 75%) Theoretical Edge %: 2.0413% Cut Card Empiric Edge %: -1.9039%
CSM (Penetration: 0.0%) Theoretical Edge %: 1.9783% CSM Empiric Edge %: -1.8283%
CSM Error: 0.1500%, Cut Card Error: 0.1374%
CSM Speed: 6523370 hands/sec, Cut Card Speed: 11037284 hands/sec

[746/3456] 
=== Starting Regression Test ===
NUM_ROUNDS:  1000000000
NUM_THREADS: 16
Scenario:    decks=1_ss17=True_das=True_sas=2_don=10-11_reSplitAces=True_hitSplitAces=True_surr=2-10_peek=False_bj-pays=1.2
============================

NOTE: surr=2-10 + peek=False — theoretical table may not match implementation; edge assertion skipped.
Cut Card (Penetration: 75%) Theoretical Edge %: 1.6387% Cut Card Empiric Edge %: -1.5111%
CSM (Penetration: 0.0%) Theoretical Edge %: 1.5257% CSM Empiric Edge %: -1.3725%
CSM Error: 0.1532%, Cut Card Error: 0.1276%
CSM Speed: 8180160 hands/sec, Cut Card Speed: 10781322 hands/sec

[747/3456] 
=== Starting Regression Test ===
NUM_ROUNDS:  1000000000
NUM_THREADS: 16
Scenario:    decks=6_ss17=False_das=True_sas=3_don=Any_reSplitAces=True_hitSplitAces=False_surr=no_peek=False_bj-pays=1.5
============================

Cut Card (Penetration: 75%) Theoretical Edge %: 0.7054% Cut Card Empiric Edge %: -0.6998%
CSM (Penetration: 0.0%) Theoretical Edge %: 0.6854% CSM Empiric Edge %: -0.6776%
CSM Error: 0.0077%, Cut Card Error: 0.0056%
CSM Speed: 3338363 hands/sec, Cut Card Speed: 10495052 hands/sec

[748/3456] 
=== Starting Regression Test ===
NUM_ROUNDS:  1000000000
NUM_THREADS: 16
Scenario:    decks=2_ss17=False_das=True_sas=2_don=10-11_reSplitAces=False_hitSplitAces=True_surr=no_peek=True_bj-pays=1.2
============================

Cut Card (Penetration: 75%) Theoretical Edge %: 1.9507% Cut Card Empiric Edge %: -1.9358%
CSM (Penetration: 0.0%) Theoretical Edge %: 1.8877% CSM Empiric Edge %: -1.8837%
CSM Error: 0.0040%, Cut Card Error: 0.0149%
CSM Speed: 6365210 hands/sec, Cut Card Speed: 10726851 hands/sec

[749/3456] 
=== Starting Regression Test ===
NUM_ROUNDS:  1000000000
NUM_THREADS: 16
Scenario:    decks=6_ss17=False_das=False_sas=4_don=9-11_reSplitAces=True_hitSplitAces=False_surr=no_peek=False_bj-pays=1.2
============================

Cut Card (Penetration: 75%) Theoretical Edge %: 2.2881% Cut Card Empiric Edge %: -2.2805%
CSM (Penetration: 0.0%) Theoretical Edge %: 2.2681% CSM Empiric Edge %: -2.2659%
CSM Error: 0.0022%, Cut Card Error: 0.0076%
CSM Speed: 3344325 hands/sec, Cut Card Speed: 10353896 hands/sec

[750/3456] 
=== Starting Regression Test ===
NUM_ROUNDS:  1000000000
NUM_THREADS: 16
Scenario:    decks=2_ss17=False_das=False_sas=2_don=9-11_reSplitAces=False_hitSplitAces=True_surr=no_peek=False_bj-pays=1.2
============================

Cut Card (Penetration: 75%) Theoretical Edge %: 2.0730% Cut Card Empiric Edge %: -2.0693%
CSM (Penetration: 0.0%) Theoretical Edge %: 2.0100% CSM Empiric Edge %: -2.0137%
CSM Error: -0.0037%, Cut Card Error: 0.0037%
CSM Speed: 6387776 hands/sec, Cut Card Speed: 10794590 hands/sec

[751/3456] 
=== Starting Regression Test ===
NUM_ROUNDS:  1000000000
NUM_THREADS: 16
Scenario:    decks=2_ss17=True_das=False_sas=2_don=9-11_reSplitAces=False_hitSplitAces=False_surr=no_peek=True_bj-pays=1.2
============================

Cut Card (Penetration: 75%) Theoretical Edge %: 1.9034% Cut Card Empiric Edge %: -1.8872%
CSM (Penetration: 0.0%) Theoretical Edge %: 1.8404% CSM Empiric Edge %: -1.8392%
CSM Error: 0.0012%, Cut Card Error: 0.0162%
CSM Speed: 6457112 hands/sec, Cut Card Speed: 11426874 hands/sec

[752/3456] 
=== Starting Regression Test ===
NUM_ROUNDS:  1000000000
NUM_THREADS: 16
Scenario:    decks=6_ss17=False_das=False_sas=2_don=10-11_reSplitAces=True_hitSplitAces=False_surr=no_peek=True_bj-pays=1.5
============================

Cut Card (Penetration: 75%) Theoretical Edge %: 0.9977% Cut Card Empiric Edge %: -0.9982%
CSM (Penetration: 0.0%) Theoretical Edge %: 0.9777% CSM Empiric Edge %: -0.9737%
CSM Error: 0.0040%, Cut Card Error: -0.0005%
CSM Speed: 3322204 hands/sec, Cut Card Speed: 11104079 hands/sec

[753/3456] 
=== Starting Regression Test ===
NUM_ROUNDS:  1000000000
NUM_THREADS: 16
Scenario:    decks=1_ss17=True_das=False_sas=3_don=10-11_reSplitAces=True_hitSplitAces=True_surr=no_peek=True_bj-pays=1.2
============================

Cut Card (Penetration: 75%) Theoretical Edge %: 1.6177% Cut Card Empiric Edge %: -1.6011%
CSM (Penetration: 0.0%) Theoretical Edge %: 1.5047% CSM Empiric Edge %: -1.5016%
CSM Error: 0.0030%, Cut Card Error: 0.0166%
CSM Speed: 8505499 hands/sec, Cut Card Speed: 11010427 hands/sec

[754/3456] 
=== Starting Regression Test ===
NUM_ROUNDS:  1000000000
NUM_THREADS: 16
Scenario:    decks=2_ss17=False_das=True_sas=2_don=9-11_reSplitAces=False_hitSplitAces=True_surr=no_peek=True_bj-pays=1.2
============================

Cut Card (Penetration: 75%) Theoretical Edge %: 1.8382% Cut Card Empiric Edge %: -1.8326%
CSM (Penetration: 0.0%) Theoretical Edge %: 1.7752% CSM Empiric Edge %: -1.7684%
CSM Error: 0.0068%, Cut Card Error: 0.0055%
CSM Speed: 6433971 hands/sec, Cut Card Speed: 10616726 hands/sec

[755/3456] 
=== Starting Regression Test ===
NUM_ROUNDS:  1000000000
NUM_THREADS: 16
Scenario:    decks=1_ss17=True_das=True_sas=2_don=9-11_reSplitAces=True_hitSplitAces=False_surr=no_peek=False_bj-pays=1.2
============================

Cut Card (Penetration: 75%) Theoretical Edge %: 1.6444% Cut Card Empiric Edge %: -1.6401%
CSM (Penetration: 0.0%) Theoretical Edge %: 1.5314% CSM Empiric Edge %: -1.5327%
CSM Error: -0.0013%, Cut Card Error: 0.0043%
CSM Speed: 8364281 hands/sec, Cut Card Speed: 10988528 hands/sec

[756/3456] 
=== Starting Regression Test ===
NUM_ROUNDS:  1000000000
NUM_THREADS: 16
Scenario:    decks=1_ss17=True_das=True_sas=3_don=9-11_reSplitAces=False_hitSplitAces=False_surr=2-10_peek=False_bj-pays=1.2
============================

NOTE: surr=2-10 + peek=False — theoretical table may not match implementation; edge assertion skipped.
Cut Card (Penetration: 75%) Theoretical Edge %: 1.5945% Cut Card Empiric Edge %: -1.4668%
CSM (Penetration: 0.0%) Theoretical Edge %: 1.4815% CSM Empiric Edge %: -1.3277%
CSM Error: 0.1538%, Cut Card Error: 0.1276%
CSM Speed: 8265829 hands/sec, Cut Card Speed: 11231412 hands/sec

[757/3456] 
=== Starting Regression Test ===
NUM_ROUNDS:  1000000000
NUM_THREADS: 16
Scenario:    decks=2_ss17=True_das=False_sas=3_don=9-11_reSplitAces=False_hitSplitAces=True_surr=2-10_peek=False_bj-pays=1.5
============================

NOTE: surr=2-10 + peek=False — theoretical table may not match implementation; edge assertion skipped.
Cut Card (Penetration: 75%) Theoretical Edge %: 0.4015% Cut Card Empiric Edge %: -0.2491%
CSM (Penetration: 0.0%) Theoretical Edge %: 0.3385% CSM Empiric Edge %: -0.1759%
CSM Error: 0.1626%, Cut Card Error: 0.1524%
CSM Speed: 6591393 hands/sec, Cut Card Speed: 10900133 hands/sec

[758/3456] 
=== Starting Regression Test ===
NUM_ROUNDS:  1000000000
NUM_THREADS: 16
Scenario:    decks=6_ss17=True_das=True_sas=4_don=9-11_reSplitAces=True_hitSplitAces=False_surr=no_peek=True_bj-pays=1.2
============================

Cut Card (Penetration: 75%) Theoretical Edge %: 1.8135% Cut Card Empiric Edge %: -1.8118%
CSM (Penetration: 0.0%) Theoretical Edge %: 1.7935% CSM Empiric Edge %: -1.7893%
CSM Error: 0.0042%, Cut Card Error: 0.0016%
CSM Speed: 3382366 hands/sec, Cut Card Speed: 11098902 hands/sec

[759/3456] 
=== Starting Regression Test ===
NUM_ROUNDS:  1000000000
NUM_THREADS: 16
Scenario:    decks=2_ss17=False_das=True_sas=2_don=Any_reSplitAces=False_hitSplitAces=False_surr=2-10_peek=False_bj-pays=1.2
============================

NOTE: surr=2-10 + peek=False — theoretical table may not match implementation; edge assertion skipped.
Cut Card (Penetration: 75%) Theoretical Edge %: 1.9153% Cut Card Empiric Edge %: -1.7816%
CSM (Penetration: 0.0%) Theoretical Edge %: 1.8523% CSM Empiric Edge %: -1.6941%
CSM Error: 0.1582%, Cut Card Error: 0.1337%
CSM Speed: 6558237 hands/sec, Cut Card Speed: 10708129 hands/sec

[760/3456] 
=== Starting Regression Test ===
NUM_ROUNDS:  1000000000
NUM_THREADS: 16
Scenario:    decks=6_ss17=True_das=False_sas=2_don=9-11_reSplitAces=True_hitSplitAces=True_surr=no_peek=False_bj-pays=1.5
============================

Cut Card (Penetration: 75%) Theoretical Edge %: 0.6268% Cut Card Empiric Edge %: -0.6304%
CSM (Penetration: 0.0%) Theoretical Edge %: 0.6068% CSM Empiric Edge %: -0.6164%
CSM Error: -0.0096%, Cut Card Error: -0.0037%
CSM Speed: 3305730 hands/sec, Cut Card Speed: 10939483 hands/sec

[761/3456] 
=== Starting Regression Test ===
NUM_ROUNDS:  1000000000
NUM_THREADS: 16
Scenario:    decks=1_ss17=True_das=True_sas=2_don=10-11_reSplitAces=False_hitSplitAces=False_surr=no_peek=False_bj-pays=1.2
============================

Cut Card (Penetration: 75%) Theoretical Edge %: 1.7909% Cut Card Empiric Edge %: -1.7833%
CSM (Penetration: 0.0%) Theoretical Edge %: 1.6779% CSM Empiric Edge %: -1.6758%
CSM Error: 0.0022%, Cut Card Error: 0.0076%
CSM Speed: 8375841 hands/sec, Cut Card Speed: 10936372 hands/sec

[762/3456] 
=== Starting Regression Test ===
NUM_ROUNDS:  1000000000
NUM_THREADS: 16
Scenario:    decks=6_ss17=True_das=False_sas=4_don=9-11_reSplitAces=False_hitSplitAces=False_surr=yes_peek=True_bj-pays=1.2
============================

NOTE: surr=yes + peek=True — using the available surr=2-10 theoretical edge as a comparison baseline; edge assertion skipped.
Cut Card (Penetration: 75%) Theoretical Edge %: 1.9444% Cut Card Empiric Edge %: -1.9475%
CSM (Penetration: 0.0%) Theoretical Edge %: 1.9244% CSM Empiric Edge %: -1.9184%
CSM Error: 0.0060%, Cut Card Error: -0.0031%
CSM Speed: 3376188 hands/sec, Cut Card Speed: 10922993 hands/sec

[763/3456] 
=== Starting Regression Test ===
NUM_ROUNDS:  1000000000
NUM_THREADS: 16
Scenario:    decks=1_ss17=True_das=False_sas=2_don=Any_reSplitAces=False_hitSplitAces=True_surr=no_peek=True_bj-pays=1.2
============================

Cut Card (Penetration: 75%) Theoretical Edge %: 1.3908% Cut Card Empiric Edge %: -1.3852%
CSM (Penetration: 0.0%) Theoretical Edge %: 1.2778% CSM Empiric Edge %: -1.2754%
CSM Error: 0.0024%, Cut Card Error: 0.0056%
CSM Speed: 8720753 hands/sec, Cut Card Speed: 11944149 hands/sec

[764/3456] 
=== Starting Regression Test ===
NUM_ROUNDS:  1000000000
NUM_THREADS: 16
Scenario:    decks=6_ss17=False_das=True_sas=4_don=Any_reSplitAces=False_hitSplitAces=False_surr=no_peek=False_bj-pays=1.2
============================

Cut Card (Penetration: 75%) Theoretical Edge %: 2.1098% Cut Card Empiric Edge %: -2.1110%
CSM (Penetration: 0.0%) Theoretical Edge %: 2.0898% CSM Empiric Edge %: -2.0841%
CSM Error: 0.0057%, Cut Card Error: -0.0011%
CSM Speed: 3324877 hands/sec, Cut Card Speed: 10648153 hands/sec

[765/3456] 
=== Starting Regression Test ===
NUM_ROUNDS:  1000000000
NUM_THREADS: 16
Scenario:    decks=2_ss17=False_das=False_sas=3_don=Any_reSplitAces=True_hitSplitAces=False_surr=no_peek=True_bj-pays=1.5
============================

Cut Card (Penetration: 75%) Theoretical Edge %: 0.5592% Cut Card Empiric Edge %: -0.5481%
CSM (Penetration: 0.0%) Theoretical Edge %: 0.4962% CSM Empiric Edge %: -0.4948%
CSM Error: 0.0014%, Cut Card Error: 0.0110%
CSM Speed: 6529504 hands/sec, Cut Card Speed: 11135485 hands/sec

[766/3456] 
=== Starting Regression Test ===
NUM_ROUNDS:  1000000000
NUM_THREADS: 16
Scenario:    decks=6_ss17=False_das=False_sas=2_don=Any_reSplitAces=True_hitSplitAces=True_surr=no_peek=True_bj-pays=1.2
============================

Cut Card (Penetration: 75%) Theoretical Edge %: 1.9988% Cut Card Empiric Edge %: -2.0018%
CSM (Penetration: 0.0%) Theoretical Edge %: 1.9788% CSM Empiric Edge %: -1.9805%
CSM Error: -0.0017%, Cut Card Error: -0.0030%
CSM Speed: 3435824 hands/sec, Cut Card Speed: 11008003 hands/sec

[767/3456] 
=== Starting Regression Test ===
NUM_ROUNDS:  1000000000
NUM_THREADS: 16
Scenario:    decks=6_ss17=True_das=True_sas=2_don=10-11_reSplitAces=True_hitSplitAces=True_surr=no_peek=False_bj-pays=1.5
============================

Cut Card (Penetration: 75%) Theoretical Edge %: 0.6065% Cut Card Empiric Edge %: -0.6144%
CSM (Penetration: 0.0%) Theoretical Edge %: 0.5865% CSM Empiric Edge %: -0.5839%
CSM Error: 0.0025%, Cut Card Error: -0.0080%
CSM Speed: 3383442 hands/sec, Cut Card Speed: 10851636 hands/sec

[768/3456] 
=== Starting Regression Test ===
NUM_ROUNDS:  1000000000
NUM_THREADS: 16
Scenario:    decks=2_ss17=True_das=False_sas=4_don=Any_reSplitAces=True_hitSplitAces=False_surr=no_peek=True_bj-pays=1.5
============================

Cut Card (Penetration: 75%) Theoretical Edge %: 0.3445% Cut Card Empiric Edge %: -0.3437%
CSM (Penetration: 0.0%) Theoretical Edge %: 0.2815% CSM Empiric Edge %: -0.2850%
CSM Error: -0.0035%, Cut Card Error: 0.0008%
CSM Speed: 6423722 hands/sec, Cut Card Speed: 11146781 hands/sec

[769/3456] 
=== Starting Regression Test ===
NUM_ROUNDS:  1000000000
NUM_THREADS: 16
Scenario:    decks=1_ss17=False_das=False_sas=2_don=Any_reSplitAces=False_hitSplitAces=True_surr=2-10_peek=False_bj-pays=1.2
============================

NOTE: surr=2-10 + peek=False — theoretical table may not match implementation; edge assertion skipped.
Cut Card (Penetration: 75%) Theoretical Edge %: 1.6583% Cut Card Empiric Edge %: -1.5488%
CSM (Penetration: 0.0%) Theoretical Edge %: 1.5453% CSM Empiric Edge %: -1.4086%
CSM Error: 0.1368%, Cut Card Error: 0.1095%
CSM Speed: 8169668 hands/sec, Cut Card Speed: 11135361 hands/sec

[770/3456] 
=== Starting Regression Test ===
NUM_ROUNDS:  1000000000
NUM_THREADS: 16
Scenario:    decks=6_ss17=False_das=False_sas=4_don=10-11_reSplitAces=True_hitSplitAces=True_surr=yes_peek=True_bj-pays=1.2
============================

NOTE: surr=yes + peek=True — using the available surr=2-10 theoretical edge as a comparison baseline; edge assertion skipped.
Cut Card (Penetration: 75%) Theoretical Edge %: 2.0015% Cut Card Empiric Edge %: -1.9993%
CSM (Penetration: 0.0%) Theoretical Edge %: 1.9815% CSM Empiric Edge %: -1.9834%
CSM Error: -0.0019%, Cut Card Error: 0.0022%
CSM Speed: 3377272 hands/sec, Cut Card Speed: 10746564 hands/sec

[771/3456] 
=== Starting Regression Test ===
NUM_ROUNDS:  1000000000
NUM_THREADS: 16
Scenario:    decks=2_ss17=True_das=True_sas=3_don=9-11_reSplitAces=False_hitSplitAces=False_surr=no_peek=False_bj-pays=1.2
============================

Cut Card (Penetration: 75%) Theoretical Edge %: 1.8536% Cut Card Empiric Edge %: -1.8472%
CSM (Penetration: 0.0%) Theoretical Edge %: 1.7906% CSM Empiric Edge %: -1.7938%
CSM Error: -0.0032%, Cut Card Error: 0.0064%
CSM Speed: 6408202 hands/sec, Cut Card Speed: 10610868 hands/sec

[772/3456] 
=== Starting Regression Test ===
NUM_ROUNDS:  1000000000
NUM_THREADS: 16
Scenario:    decks=1_ss17=True_das=True_sas=4_don=10-11_reSplitAces=False_hitSplitAces=True_surr=yes_peek=True_bj-pays=1.2
============================

NOTE: surr=yes + peek=True — using the available surr=2-10 theoretical edge as a comparison baseline; edge assertion skipped.
Cut Card (Penetration: 75%) Theoretical Edge %: 1.5034% Cut Card Empiric Edge %: -1.5003%
CSM (Penetration: 0.0%) Theoretical Edge %: 1.3904% CSM Empiric Edge %: -1.3957%
CSM Error: -0.0054%, Cut Card Error: 0.0031%
CSM Speed: 7970287 hands/sec, Cut Card Speed: 11027425 hands/sec

[773/3456] 
=== Starting Regression Test ===
NUM_ROUNDS:  1000000000
NUM_THREADS: 16
Scenario:    decks=2_ss17=True_das=False_sas=4_don=9-11_reSplitAces=False_hitSplitAces=False_surr=2-10_peek=False_bj-pays=1.5
============================

NOTE: surr=2-10 + peek=False — theoretical table may not match implementation; edge assertion skipped.
Cut Card (Penetration: 75%) Theoretical Edge %: 0.5526% Cut Card Empiric Edge %: -0.3979%
CSM (Penetration: 0.0%) Theoretical Edge %: 0.4896% CSM Empiric Edge %: -0.3196%
CSM Error: 0.1700%, Cut Card Error: 0.1547%
CSM Speed: 6197169 hands/sec, Cut Card Speed: 10307153 hands/sec

[774/3456] 
=== Starting Regression Test ===
NUM_ROUNDS:  1000000000
NUM_THREADS: 16
Scenario:    decks=6_ss17=True_das=False_sas=2_don=Any_reSplitAces=False_hitSplitAces=False_surr=yes_peek=True_bj-pays=1.2
============================

NOTE: surr=yes + peek=True — using the available surr=2-10 theoretical edge as a comparison baseline; edge assertion skipped.
Cut Card (Penetration: 75%) Theoretical Edge %: 1.8890% Cut Card Empiric Edge %: -1.8919%
CSM (Penetration: 0.0%) Theoretical Edge %: 1.8690% CSM Empiric Edge %: -1.8663%
CSM Error: 0.0027%, Cut Card Error: -0.0029%
CSM Speed: 3309724 hands/sec, Cut Card Speed: 11390041 hands/sec

[775/3456] 
=== Starting Regression Test ===
NUM_ROUNDS:  1000000000
NUM_THREADS: 16
Scenario:    decks=6_ss17=True_das=False_sas=3_don=Any_reSplitAces=True_hitSplitAces=False_surr=2-10_peek=False_bj-pays=1.5
============================

NOTE: surr=2-10 + peek=False — theoretical table may not match implementation; edge assertion skipped.
Cut Card (Penetration: 75%) Theoretical Edge %: 0.5504% Cut Card Empiric Edge %: -0.3773%
CSM (Penetration: 0.0%) Theoretical Edge %: 0.5304% CSM Empiric Edge %: -0.3556%
CSM Error: 0.1748%, Cut Card Error: 0.1731%
CSM Speed: 3288803 hands/sec, Cut Card Speed: 11169066 hands/sec

[776/3456] 
=== Starting Regression Test ===
NUM_ROUNDS:  1000000000
NUM_THREADS: 16
Scenario:    decks=2_ss17=False_das=False_sas=4_don=Any_reSplitAces=True_hitSplitAces=True_surr=2-10_peek=False_bj-pays=1.2
============================

NOTE: surr=2-10 + peek=False — theoretical table may not match implementation; edge assertion skipped.
Cut Card (Penetration: 75%) Theoretical Edge %: 1.8207% Cut Card Empiric Edge %: -1.6876%
CSM (Penetration: 0.0%) Theoretical Edge %: 1.7576% CSM Empiric Edge %: -1.6124%
CSM Error: 0.1452%, Cut Card Error: 0.1331%
CSM Speed: 6492663 hands/sec, Cut Card Speed: 10361513 hands/sec

[777/3456] 
=== Starting Regression Test ===
NUM_ROUNDS:  1000000000
NUM_THREADS: 16
Scenario:    decks=6_ss17=True_das=True_sas=4_don=9-11_reSplitAces=True_hitSplitAces=False_surr=2-10_peek=False_bj-pays=1.2
============================

NOTE: surr=2-10 + peek=False — theoretical table may not match implementation; edge assertion skipped.
Cut Card (Penetration: 75%) Theoretical Edge %: 1.8511% Cut Card Empiric Edge %: -1.6872%
CSM (Penetration: 0.0%) Theoretical Edge %: 1.8311% CSM Empiric Edge %: -1.6630%
CSM Error: 0.1680%, Cut Card Error: 0.1639%
CSM Speed: 3337316 hands/sec, Cut Card Speed: 10634112 hands/sec

[778/3456] 
=== Starting Regression Test ===
NUM_ROUNDS:  1000000000
NUM_THREADS: 16
Scenario:    decks=2_ss17=False_das=False_sas=2_don=10-11_reSplitAces=False_hitSplitAces=False_surr=2-10_peek=False_bj-pays=1.2
============================

NOTE: surr=2-10 + peek=False — theoretical table may not match implementation; edge assertion skipped.
Cut Card (Penetration: 75%) Theoretical Edge %: 2.2556% Cut Card Empiric Edge %: -2.1115%
CSM (Penetration: 0.0%) Theoretical Edge %: 2.1926% CSM Empiric Edge %: -2.0419%
CSM Error: 0.1507%, Cut Card Error: 0.1441%
CSM Speed: 6484369 hands/sec, Cut Card Speed: 10279817 hands/sec

[779/3456] 
=== Starting Regression Test ===
NUM_ROUNDS:  1000000000
NUM_THREADS: 16
Scenario:    decks=1_ss17=False_das=False_sas=4_don=10-11_reSplitAces=True_hitSplitAces=False_surr=2-10_peek=False_bj-pays=1.5
============================

NOTE: surr=2-10 + peek=False — theoretical table may not match implementation; edge assertion skipped.
Cut Card (Penetration: 75%) Theoretical Edge %: 0.6199% Cut Card Empiric Edge %: -0.5144%
CSM (Penetration: 0.0%) Theoretical Edge %: 0.5069% CSM Empiric Edge %: -0.3626%
CSM Error: 0.1443%, Cut Card Error: 0.1055%
CSM Speed: 8247219 hands/sec, Cut Card Speed: 10700566 hands/sec

[780/3456] 
=== Starting Regression Test ===
NUM_ROUNDS:  1000000000
NUM_THREADS: 16
Scenario:    decks=2_ss17=True_das=True_sas=3_don=Any_reSplitAces=True_hitSplitAces=False_surr=yes_peek=True_bj-pays=1.5
============================

NOTE: surr=yes + peek=True — using the available surr=2-10 theoretical edge as a comparison baseline; edge assertion skipped.
Cut Card (Penetration: 75%) Theoretical Edge %: 0.1630% Cut Card Empiric Edge %: -0.1747%
CSM (Penetration: 0.0%) Theoretical Edge %: 0.1000% CSM Empiric Edge %: -0.0977%
CSM Error: 0.0023%, Cut Card Error: -0.0117%
CSM Speed: 6633587 hands/sec, Cut Card Speed: 11153992 hands/sec

[781/3456] 
=== Starting Regression Test ===
NUM_ROUNDS:  1000000000
NUM_THREADS: 16
Scenario:    decks=1_ss17=False_das=False_sas=4_don=10-11_reSplitAces=True_hitSplitAces=True_surr=2-10_peek=False_bj-pays=1.5
============================

NOTE: surr=2-10 + peek=False — theoretical table may not match implementation; edge assertion skipped.
Cut Card (Penetration: 75%) Theoretical Edge %: 0.4980% Cut Card Empiric Edge %: -0.3897%
CSM (Penetration: 0.0%) Theoretical Edge %: 0.3850% CSM Empiric Edge %: -0.2489%
CSM Error: 0.1361%, Cut Card Error: 0.1083%
CSM Speed: 8182770 hands/sec, Cut Card Speed: 10226413 hands/sec

[782/3456] 
=== Starting Regression Test ===
NUM_ROUNDS:  1000000000
NUM_THREADS: 16
Scenario:    decks=1_ss17=True_das=True_sas=4_don=Any_reSplitAces=False_hitSplitAces=True_surr=2-10_peek=False_bj-pays=1.5
============================

NOTE: surr=2-10 + peek=False — theoretical table may not match implementation; edge assertion skipped.
Cut Card (Penetration: 75%) Theoretical Edge %: -0.0854% Cut Card Empiric Edge %: 0.1960%
CSM (Penetration: 0.0%) Theoretical Edge %: -0.1984% CSM Empiric Edge %: 0.3509%
CSM Error: 0.1525%, Cut Card Error: 0.1105%
CSM Speed: 8170869 hands/sec, Cut Card Speed: 10907504 hands/sec

[783/3456] 
=== Starting Regression Test ===
NUM_ROUNDS:  1000000000
NUM_THREADS: 16
Scenario:    decks=1_ss17=True_das=False_sas=3_don=10-11_reSplitAces=False_hitSplitAces=True_surr=yes_peek=True_bj-pays=1.5
============================

NOTE: surr=yes + peek=True — using the available surr=2-10 theoretical edge as a comparison baseline; edge assertion skipped.
Cut Card (Penetration: 75%) Theoretical Edge %: 0.2256% Cut Card Empiric Edge %: -0.2315%
CSM (Penetration: 0.0%) Theoretical Edge %: 0.1126% CSM Empiric Edge %: -0.1169%
CSM Error: -0.0043%, Cut Card Error: -0.0059%
CSM Speed: 8300133 hands/sec, Cut Card Speed: 10863543 hands/sec

[784/3456] 
=== Starting Regression Test ===
NUM_ROUNDS:  1000000000
NUM_THREADS: 16
Scenario:    decks=6_ss17=False_das=False_sas=2_don=Any_reSplitAces=True_hitSplitAces=True_surr=no_peek=False_bj-pays=1.5
============================

Cut Card (Penetration: 75%) Theoretical Edge %: 0.7550% Cut Card Empiric Edge %: -0.7587%
CSM (Penetration: 0.0%) Theoretical Edge %: 0.7350% CSM Empiric Edge %: -0.7378%
CSM Error: -0.0028%, Cut Card Error: -0.0037%
CSM Speed: 3329748 hands/sec, Cut Card Speed: 10921681 hands/sec

[785/3456] 
=== Starting Regression Test ===
NUM_ROUNDS:  1000000000
NUM_THREADS: 16
Scenario:    decks=2_ss17=True_das=True_sas=3_don=Any_reSplitAces=False_hitSplitAces=True_surr=no_peek=True_bj-pays=1.5
============================

Cut Card (Penetration: 75%) Theoretical Edge %: 0.0928% Cut Card Empiric Edge %: -0.0901%
CSM (Penetration: 0.0%) Theoretical Edge %: 0.0298% CSM Empiric Edge %: -0.0198%
CSM Error: 0.0100%, Cut Card Error: 0.0027%
CSM Speed: 6469519 hands/sec, Cut Card Speed: 10551306 hands/sec

[786/3456] 
=== Starting Regression Test ===
NUM_ROUNDS:  1000000000
NUM_THREADS: 16
Scenario:    decks=6_ss17=True_das=True_sas=2_don=10-11_reSplitAces=True_hitSplitAces=False_surr=no_peek=True_bj-pays=1.2
============================

Cut Card (Penetration: 75%) Theoretical Edge %: 2.0291% Cut Card Empiric Edge %: -2.0237%
CSM (Penetration: 0.0%) Theoretical Edge %: 2.0091% CSM Empiric Edge %: -2.0100%
CSM Error: -0.0009%, Cut Card Error: 0.0054%
CSM Speed: 3409072 hands/sec, Cut Card Speed: 11061580 hands/sec

[787/3456] 
=== Starting Regression Test ===
NUM_ROUNDS:  1000000000
NUM_THREADS: 16
Scenario:    decks=1_ss17=True_das=True_sas=3_don=9-11_reSplitAces=True_hitSplitAces=False_surr=no_peek=True_bj-pays=1.5
============================

Cut Card (Penetration: 75%) Theoretical Edge %: 0.0854% Cut Card Empiric Edge %: -0.0867%
CSM (Penetration: 0.0%) Theoretical Edge %: -0.0276% CSM Empiric Edge %: 0.0322%
CSM Error: 0.0045%, Cut Card Error: -0.0013%
CSM Speed: 8583838 hands/sec, Cut Card Speed: 10705263 hands/sec

[788/3456] 
=== Starting Regression Test ===
NUM_ROUNDS:  1000000000
NUM_THREADS: 16
Scenario:    decks=2_ss17=True_das=False_sas=2_don=9-11_reSplitAces=False_hitSplitAces=True_surr=no_peek=True_bj-pays=1.5
============================

Cut Card (Penetration: 75%) Theoretical Edge %: 0.3697% Cut Card Empiric Edge %: -0.3671%
CSM (Penetration: 0.0%) Theoretical Edge %: 0.3067% CSM Empiric Edge %: -0.2994%
CSM Error: 0.0073%, Cut Card Error: 0.0026%
CSM Speed: 6408285 hands/sec, Cut Card Speed: 11130404 hands/sec

[789/3456] 
=== Starting Regression Test ===
NUM_ROUNDS:  1000000000
NUM_THREADS: 16
Scenario:    decks=2_ss17=False_das=True_sas=3_don=9-11_reSplitAces=True_hitSplitAces=False_surr=yes_peek=True_bj-pays=1.5
============================

NOTE: surr=yes + peek=True — using the available surr=2-10 theoretical edge as a comparison baseline; edge assertion skipped.
Cut Card (Penetration: 75%) Theoretical Edge %: 0.4720% Cut Card Empiric Edge %: -0.4817%
CSM (Penetration: 0.0%) Theoretical Edge %: 0.4090% CSM Empiric Edge %: -0.4103%
CSM Error: -0.0013%, Cut Card Error: -0.0097%
CSM Speed: 6457779 hands/sec, Cut Card Speed: 10775978 hands/sec

[790/3456] 
=== Starting Regression Test ===
NUM_ROUNDS:  1000000000
NUM_THREADS: 16
Scenario:    decks=6_ss17=False_das=True_sas=3_don=10-11_reSplitAces=False_hitSplitAces=True_surr=2-10_peek=False_bj-pays=1.2
============================

NOTE: surr=2-10 + peek=False — theoretical table may not match implementation; edge assertion skipped.
Cut Card (Penetration: 75%) Theoretical Edge %: 2.0536% Cut Card Empiric Edge %: -1.9053%
CSM (Penetration: 0.0%) Theoretical Edge %: 2.0336% CSM Empiric Edge %: -1.8873%
CSM Error: 0.1463%, Cut Card Error: 0.1483%
CSM Speed: 3261366 hands/sec, Cut Card Speed: 10041270 hands/sec

[791/3456] 
=== Starting Regression Test ===
NUM_ROUNDS:  1000000000
NUM_THREADS: 16
Scenario:    decks=6_ss17=True_das=False_sas=2_don=10-11_reSplitAces=False_hitSplitAces=False_surr=2-10_peek=False_bj-pays=1.2
============================

NOTE: surr=2-10 + peek=False — theoretical table may not match implementation; edge assertion skipped.
Cut Card (Penetration: 75%) Theoretical Edge %: 2.1640% Cut Card Empiric Edge %: -1.9973%
CSM (Penetration: 0.0%) Theoretical Edge %: 2.1440% CSM Empiric Edge %: -1.9719%
CSM Error: 0.1720%, Cut Card Error: 0.1667%
CSM Speed: 3390854 hands/sec, Cut Card Speed: 10942475 hands/sec

[792/3456] 
=== Starting Regression Test ===
NUM_ROUNDS:  1000000000
NUM_THREADS: 16
Scenario:    decks=1_ss17=True_das=True_sas=4_don=10-11_reSplitAces=False_hitSplitAces=False_surr=2-10_peek=False_bj-pays=1.2
============================

NOTE: surr=2-10 + peek=False — theoretical table may not match implementation; edge assertion skipped.
Cut Card (Penetration: 75%) Theoretical Edge %: 1.7409% Cut Card Empiric Edge %: -1.6109%
CSM (Penetration: 0.0%) Theoretical Edge %: 1.6279% CSM Empiric Edge %: -1.4709%
CSM Error: 0.1569%, Cut Card Error: 0.1300%
CSM Speed: 8073371 hands/sec, Cut Card Speed: 10462111 hands/sec

[793/3456] 
=== Starting Regression Test ===
NUM_ROUNDS:  1000000000
NUM_THREADS: 16
Scenario:    decks=1_ss17=True_das=False_sas=3_don=9-11_reSplitAces=True_hitSplitAces=True_surr=no_peek=False_bj-pays=1.2
============================

Cut Card (Penetration: 75%) Theoretical Edge %: 1.5951% Cut Card Empiric Edge %: -1.5893%
CSM (Penetration: 0.0%) Theoretical Edge %: 1.4821% CSM Empiric Edge %: -1.4848%
CSM Error: -0.0027%, Cut Card Error: 0.0058%
CSM Speed: 8282534 hands/sec, Cut Card Speed: 10599171 hands/sec

[794/3456] 
=== Starting Regression Test ===
NUM_ROUNDS:  1000000000
NUM_THREADS: 16
Scenario:    decks=6_ss17=False_das=False_sas=2_don=9-11_reSplitAces=False_hitSplitAces=True_surr=no_peek=True_bj-pays=1.5
============================

Cut Card (Penetration: 75%) Theoretical Edge %: 0.7375% Cut Card Empiric Edge %: -0.7384%
CSM (Penetration: 0.0%) Theoretical Edge %: 0.7175% CSM Empiric Edge %: -0.7154%
CSM Error: 0.0022%, Cut Card Error: -0.0008%
CSM Speed: 3302979 hands/sec, Cut Card Speed: 10569931 hands/sec

[795/3456] 
=== Starting Regression Test ===
NUM_ROUNDS:  1000000000
NUM_THREADS: 16
Scenario:    decks=1_ss17=True_das=True_sas=3_don=10-11_reSplitAces=True_hitSplitAces=True_surr=no_peek=False_bj-pays=1.2
============================

Cut Card (Penetration: 75%) Theoretical Edge %: 1.6134% Cut Card Empiric Edge %: -1.6063%
CSM (Penetration: 0.0%) Theoretical Edge %: 1.5004% CSM Empiric Edge %: -1.5095%
CSM Error: -0.0091%, Cut Card Error: 0.0071%
CSM Speed: 7879227 hands/sec, Cut Card Speed: 10752573 hands/sec

[796/3456] 
=== Starting Regression Test ===
NUM_ROUNDS:  1000000000
NUM_THREADS: 16
Scenario:    decks=2_ss17=True_das=False_sas=3_don=9-11_reSplitAces=False_hitSplitAces=True_surr=yes_peek=True_bj-pays=1.5
============================

NOTE: surr=yes + peek=True — using the available surr=2-10 theoretical edge as a comparison baseline; edge assertion skipped.
Cut Card (Penetration: 75%) Theoretical Edge %: 0.2947% Cut Card Empiric Edge %: -0.2955%
CSM (Penetration: 0.0%) Theoretical Edge %: 0.2317% CSM Empiric Edge %: -0.2320%
CSM Error: -0.0004%, Cut Card Error: -0.0008%
CSM Speed: 6223472 hands/sec, Cut Card Speed: 10936492 hands/sec

[797/3456] 
=== Starting Regression Test ===
NUM_ROUNDS:  1000000000
NUM_THREADS: 16
Scenario:    decks=6_ss17=False_das=False_sas=2_don=10-11_reSplitAces=False_hitSplitAces=False_surr=no_peek=False_bj-pays=1.5
============================

Cut Card (Penetration: 75%) Theoretical Edge %: 1.1062% Cut Card Empiric Edge %: -1.1086%
CSM (Penetration: 0.0%) Theoretical Edge %: 1.0862% CSM Empiric Edge %: -1.0816%
CSM Error: 0.0046%, Cut Card Error: -0.0023%
CSM Speed: 3368500 hands/sec, Cut Card Speed: 10910241 hands/sec

[798/3456] 
=== Starting Regression Test ===
NUM_ROUNDS:  1000000000
NUM_THREADS: 16
Scenario:    decks=2_ss17=True_das=False_sas=2_don=10-11_reSplitAces=True_hitSplitAces=True_surr=no_peek=True_bj-pays=1.5
============================

Cut Card (Penetration: 75%) Theoretical Edge %: 0.4717% Cut Card Empiric Edge %: -0.4700%
CSM (Penetration: 0.0%) Theoretical Edge %: 0.4087% CSM Empiric Edge %: -0.4125%
CSM Error: -0.0039%, Cut Card Error: 0.0017%
CSM Speed: 6381825 hands/sec, Cut Card Speed: 10372045 hands/sec

[799/3456] 
=== Starting Regression Test ===
NUM_ROUNDS:  1000000000
NUM_THREADS: 16
Scenario:    decks=1_ss17=False_das=True_sas=4_don=Any_reSplitAces=False_hitSplitAces=True_surr=no_peek=False_bj-pays=1.5
============================

Cut Card (Penetration: 75%) Theoretical Edge %: 0.1349% Cut Card Empiric Edge %: -0.1534%
CSM (Penetration: 0.0%) Theoretical Edge %: 0.0219% CSM Empiric Edge %: -0.0265%
CSM Error: -0.0046%, Cut Card Error: -0.0185%
CSM Speed: 8050428 hands/sec, Cut Card Speed: 11046916 hands/sec

[800/3456] 
=== Starting Regression Test ===
NUM_ROUNDS:  1000000000
NUM_THREADS: 16
Scenario:    decks=2_ss17=True_das=False_sas=2_don=10-11_reSplitAces=True_hitSplitAces=True_surr=no_peek=False_bj-pays=1.5
============================

Cut Card (Penetration: 75%) Theoretical Edge %: 0.5816% Cut Card Empiric Edge %: -0.5829%
CSM (Penetration: 0.0%) Theoretical Edge %: 0.5186% CSM Empiric Edge %: -0.5225%
CSM Error: -0.0039%, Cut Card Error: -0.0013%
CSM Speed: 6268217 hands/sec, Cut Card Speed: 10204706 hands/sec

[801/3456] 
=== Starting Regression Test ===
NUM_ROUNDS:  1000000000
NUM_THREADS: 16
Scenario:    decks=1_ss17=True_das=True_sas=3_don=10-11_reSplitAces=False_hitSplitAces=True_surr=no_peek=False_bj-pays=1.2
============================

Cut Card (Penetration: 75%) Theoretical Edge %: 1.6375% Cut Card Empiric Edge %: -1.6349%
CSM (Penetration: 0.0%) Theoretical Edge %: 1.5245% CSM Empiric Edge %: -1.5371%
CSM Error: -0.0126%, Cut Card Error: 0.0026%
CSM Speed: 8024072 hands/sec, Cut Card Speed: 10398037 hands/sec

[802/3456] 
=== Starting Regression Test ===
NUM_ROUNDS:  1000000000
NUM_THREADS: 16
Scenario:    decks=6_ss17=True_das=False_sas=4_don=10-11_reSplitAces=False_hitSplitAces=True_surr=yes_peek=True_bj-pays=1.5
============================

NOTE: surr=yes + peek=True — using the available surr=2-10 theoretical edge as a comparison baseline; edge assertion skipped.
Cut Card (Penetration: 75%) Theoretical Edge %: 0.4884% Cut Card Empiric Edge %: -0.4890%
CSM (Penetration: 0.0%) Theoretical Edge %: 0.4683% CSM Empiric Edge %: -0.4696%
CSM Error: -0.0013%, Cut Card Error: -0.0007%
CSM Speed: 3341822 hands/sec, Cut Card Speed: 10650875 hands/sec

[803/3456] 
=== Starting Regression Test ===
NUM_ROUNDS:  1000000000
NUM_THREADS: 16
Scenario:    decks=6_ss17=False_das=True_sas=4_don=9-11_reSplitAces=False_hitSplitAces=False_surr=no_peek=True_bj-pays=1.2
============================

Cut Card (Penetration: 75%) Theoretical Edge %: 2.1044% Cut Card Empiric Edge %: -2.1089%
CSM (Penetration: 0.0%) Theoretical Edge %: 2.0844% CSM Empiric Edge %: -2.0864%
CSM Error: -0.0020%, Cut Card Error: -0.0045%
CSM Speed: 3422243 hands/sec, Cut Card Speed: 10289548 hands/sec

[804/3456] 
=== Starting Regression Test ===
NUM_ROUNDS:  1000000000
NUM_THREADS: 16
Scenario:    decks=1_ss17=True_das=False_sas=4_don=9-11_reSplitAces=False_hitSplitAces=True_surr=yes_peek=True_bj-pays=1.2
============================

NOTE: surr=yes + peek=True — using the available surr=2-10 theoretical edge as a comparison baseline; edge assertion skipped.
Cut Card (Penetration: 75%) Theoretical Edge %: 1.4873% Cut Card Empiric Edge %: -1.4902%
CSM (Penetration: 0.0%) Theoretical Edge %: 1.3743% CSM Empiric Edge %: -1.3754%
CSM Error: -0.0011%, Cut Card Error: -0.0029%
CSM Speed: 8286858 hands/sec, Cut Card Speed: 10576079 hands/sec

[805/3456] 
=== Starting Regression Test ===
NUM_ROUNDS:  1000000000
NUM_THREADS: 16
Scenario:    decks=1_ss17=True_das=True_sas=2_don=9-11_reSplitAces=True_hitSplitAces=True_surr=2-10_peek=False_bj-pays=1.2
============================

NOTE: surr=2-10 + peek=False — theoretical table may not match implementation; edge assertion skipped.
Cut Card (Penetration: 75%) Theoretical Edge %: 1.4922% Cut Card Empiric Edge %: -1.3624%
CSM (Penetration: 0.0%) Theoretical Edge %: 1.3792% CSM Empiric Edge %: -1.2314%
CSM Error: 0.1477%, Cut Card Error: 0.1298%
CSM Speed: 7978936 hands/sec, Cut Card Speed: 10840461 hands/sec

[806/3456] 
=== Starting Regression Test ===
NUM_ROUNDS:  1000000000
NUM_THREADS: 16
Scenario:    decks=1_ss17=False_das=False_sas=2_don=Any_reSplitAces=True_hitSplitAces=True_surr=no_peek=False_bj-pays=1.2
============================

Cut Card (Penetration: 75%) Theoretical Edge %: 1.6984% Cut Card Empiric Edge %: -1.7016%
CSM (Penetration: 0.0%) Theoretical Edge %: 1.5854% CSM Empiric Edge %: -1.5853%
CSM Error: 0.0001%, Cut Card Error: -0.0032%
CSM Speed: 8058862 hands/sec, Cut Card Speed: 10589182 hands/sec

[807/3456] 
=== Starting Regression Test ===
NUM_ROUNDS:  1000000000
NUM_THREADS: 16
Scenario:    decks=6_ss17=True_das=True_sas=2_don=9-11_reSplitAces=True_hitSplitAces=False_surr=yes_peek=True_bj-pays=1.2
============================

NOTE: surr=yes + peek=True — using the available surr=2-10 theoretical edge as a comparison baseline; edge assertion skipped.
Cut Card (Penetration: 75%) Theoretical Edge %: 1.8622% Cut Card Empiric Edge %: -1.8631%
CSM (Penetration: 0.0%) Theoretical Edge %: 1.8422% CSM Empiric Edge %: -1.8393%
CSM Error: 0.0029%, Cut Card Error: -0.0009%
CSM Speed: 3340861 hands/sec, Cut Card Speed: 10610417 hands/sec

[808/3456] 
=== Starting Regression Test ===
NUM_ROUNDS:  1000000000
NUM_THREADS: 16
Scenario:    decks=6_ss17=False_das=False_sas=3_don=Any_reSplitAces=True_hitSplitAces=False_surr=no_peek=False_bj-pays=1.2
============================

Cut Card (Penetration: 75%) Theoretical Edge %: 2.2047% Cut Card Empiric Edge %: -2.2077%
CSM (Penetration: 0.0%) Theoretical Edge %: 2.1847% CSM Empiric Edge %: -2.1798%
CSM Error: 0.0049%, Cut Card Error: -0.0030%
CSM Speed: 3298915 hands/sec, Cut Card Speed: 10478995 hands/sec

[809/3456] 
=== Starting Regression Test ===
NUM_ROUNDS:  1000000000
NUM_THREADS: 16
Scenario:    decks=6_ss17=False_das=True_sas=4_don=Any_reSplitAces=False_hitSplitAces=True_surr=no_peek=False_bj-pays=1.2
============================

Cut Card (Penetration: 75%) Theoretical Edge %: 1.9324% Cut Card Empiric Edge %: -1.9368%
CSM (Penetration: 0.0%) Theoretical Edge %: 1.9123% CSM Empiric Edge %: -1.9138%
CSM Error: -0.0015%, Cut Card Error: -0.0044%
CSM Speed: 3329172 hands/sec, Cut Card Speed: 10846810 hands/sec

[810/3456] 
=== Starting Regression Test ===
NUM_ROUNDS:  1000000000
NUM_THREADS: 16
Scenario:    decks=6_ss17=False_das=True_sas=2_don=9-11_reSplitAces=False_hitSplitAces=True_surr=no_peek=False_bj-pays=1.5
============================

Cut Card (Penetration: 75%) Theoretical Edge %: 0.7371% Cut Card Empiric Edge %: -0.7376%
CSM (Penetration: 0.0%) Theoretical Edge %: 0.7171% CSM Empiric Edge %: -0.7162%
CSM Error: 0.0009%, Cut Card Error: -0.0005%
CSM Speed: 3418874 hands/sec, Cut Card Speed: 10253676 hands/sec

[811/3456] 
=== Starting Regression Test ===
NUM_ROUNDS:  1000000000
NUM_THREADS: 16
Scenario:    decks=6_ss17=False_das=True_sas=4_don=Any_reSplitAces=False_hitSplitAces=True_surr=yes_peek=True_bj-pays=1.5
============================

NOTE: surr=yes + peek=True — using the available surr=2-10 theoretical edge as a comparison baseline; edge assertion skipped.
Cut Card (Penetration: 75%) Theoretical Edge %: 0.3656% Cut Card Empiric Edge %: -0.3685%
CSM (Penetration: 0.0%) Theoretical Edge %: 0.3457% CSM Empiric Edge %: -0.3451%
CSM Error: 0.0006%, Cut Card Error: -0.0028%
CSM Speed: 3423216 hands/sec, Cut Card Speed: 10775165 hands/sec

[812/3456] 
=== Starting Regression Test ===
NUM_ROUNDS:  1000000000
NUM_THREADS: 16
Scenario:    decks=2_ss17=False_das=False_sas=3_don=Any_reSplitAces=True_hitSplitAces=True_surr=yes_peek=True_bj-pays=1.5
============================

NOTE: surr=yes + peek=True — using the available surr=2-10 theoretical edge as a comparison baseline; edge assertion skipped.
Cut Card (Penetration: 75%) Theoretical Edge %: 0.3427% Cut Card Empiric Edge %: -0.3519%
CSM (Penetration: 0.0%) Theoretical Edge %: 0.2797% CSM Empiric Edge %: -0.2817%
CSM Error: -0.0020%, Cut Card Error: -0.0092%
CSM Speed: 6524860 hands/sec, Cut Card Speed: 10606816 hands/sec

[813/3456] 
=== Starting Regression Test ===
NUM_ROUNDS:  1000000000
NUM_THREADS: 16
Scenario:    decks=1_ss17=True_das=False_sas=2_don=Any_reSplitAces=False_hitSplitAces=True_surr=no_peek=True_bj-pays=1.5
============================

Cut Card (Penetration: 75%) Theoretical Edge %: -0.0040% Cut Card Empiric Edge %: 0.0012%
CSM (Penetration: 0.0%) Theoretical Edge %: -0.1170% CSM Empiric Edge %: 0.1172%
CSM Error: 0.0002%, Cut Card Error: -0.0028%
CSM Speed: 8290362 hands/sec, Cut Card Speed: 11016856 hands/sec

[814/3456] 
=== Starting Regression Test ===
NUM_ROUNDS:  1000000000
NUM_THREADS: 16
Scenario:    decks=6_ss17=True_das=False_sas=4_don=10-11_reSplitAces=False_hitSplitAces=False_surr=no_peek=False_bj-pays=1.5
============================

Cut Card (Penetration: 75%) Theoretical Edge %: 0.8508% Cut Card Empiric Edge %: -0.8486%
CSM (Penetration: 0.0%) Theoretical Edge %: 0.8307% CSM Empiric Edge %: -0.8306%
CSM Error: 0.0002%, Cut Card Error: 0.0022%
CSM Speed: 3404371 hands/sec, Cut Card Speed: 10766812 hands/sec

[815/3456] 
=== Starting Regression Test ===
NUM_ROUNDS:  1000000000
NUM_THREADS: 16
Scenario:    decks=2_ss17=False_das=False_sas=3_don=Any_reSplitAces=True_hitSplitAces=True_surr=no_peek=True_bj-pays=1.2
============================

Cut Card (Penetration: 75%) Theoretical Edge %: 1.7824% Cut Card Empiric Edge %: -1.7705%
CSM (Penetration: 0.0%) Theoretical Edge %: 1.7194% CSM Empiric Edge %: -1.7139%
CSM Error: 0.0056%, Cut Card Error: 0.0119%
CSM Speed: 6550290 hands/sec, Cut Card Speed: 10527202 hands/sec

[816/3456] 
=== Starting Regression Test ===
NUM_ROUNDS:  1000000000
NUM_THREADS: 16
Scenario:    decks=2_ss17=False_das=False_sas=2_don=Any_reSplitAces=False_hitSplitAces=True_surr=no_peek=True_bj-pays=1.2
============================

Cut Card (Penetration: 75%) Theoretical Edge %: 1.8447% Cut Card Empiric Edge %: -1.8397%
CSM (Penetration: 0.0%) Theoretical Edge %: 1.7817% CSM Empiric Edge %: -1.7799%
CSM Error: 0.0018%, Cut Card Error: 0.0050%
CSM Speed: 6592392 hands/sec, Cut Card Speed: 10933981 hands/sec

[817/3456] 
=== Starting Regression Test ===
NUM_ROUNDS:  1000000000
NUM_THREADS: 16
Scenario:    decks=1_ss17=False_das=True_sas=3_don=Any_reSplitAces=False_hitSplitAces=False_surr=yes_peek=True_bj-pays=1.5
============================

NOTE: surr=yes + peek=True — using the available surr=2-10 theoretical edge as a comparison baseline; edge assertion skipped.
Cut Card (Penetration: 75%) Theoretical Edge %: 0.1232% Cut Card Empiric Edge %: -0.1517%
CSM (Penetration: 0.0%) Theoretical Edge %: 0.0103% CSM Empiric Edge %: -0.0099%
CSM Error: 0.0003%, Cut Card Error: -0.0285%
CSM Speed: 8558273 hands/sec, Cut Card Speed: 11433798 hands/sec

[818/3456] 
=== Starting Regression Test ===
NUM_ROUNDS:  1000000000
NUM_THREADS: 16
Scenario:    decks=6_ss17=True_das=True_sas=4_don=9-11_reSplitAces=True_hitSplitAces=False_surr=yes_peek=True_bj-pays=1.5
============================

NOTE: surr=yes + peek=True — using the available surr=2-10 theoretical edge as a comparison baseline; edge assertion skipped.
Cut Card (Penetration: 75%) Theoretical Edge %: 0.3812% Cut Card Empiric Edge %: -0.3807%
CSM (Penetration: 0.0%) Theoretical Edge %: 0.3612% CSM Empiric Edge %: -0.3621%
CSM Error: -0.0009%, Cut Card Error: 0.0005%
CSM Speed: 3414368 hands/sec, Cut Card Speed: 10654052 hands/sec

[819/3456] 
=== Starting Regression Test ===
NUM_ROUNDS:  1000000000
NUM_THREADS: 16
Scenario:    decks=6_ss17=False_das=False_sas=3_don=Any_reSplitAces=True_hitSplitAces=True_surr=no_peek=False_bj-pays=1.2
============================

Cut Card (Penetration: 75%) Theoretical Edge %: 2.0425% Cut Card Empiric Edge %: -2.0435%
CSM (Penetration: 0.0%) Theoretical Edge %: 2.0225% CSM Empiric Edge %: -2.0245%
CSM Error: -0.0020%, Cut Card Error: -0.0011%
CSM Speed: 3453373 hands/sec, Cut Card Speed: 10771103 hands/sec

[820/3456] 
=== Starting Regression Test ===
NUM_ROUNDS:  1000000000
NUM_THREADS: 16
Scenario:    decks=1_ss17=False_das=False_sas=3_don=10-11_reSplitAces=True_hitSplitAces=True_surr=no_peek=False_bj-pays=1.2
============================

Cut Card (Penetration: 75%) Theoretical Edge %: 1.9352% Cut Card Empiric Edge %: -1.9300%
CSM (Penetration: 0.0%) Theoretical Edge %: 1.8222% CSM Empiric Edge %: -1.8235%
CSM Error: -0.0013%, Cut Card Error: 0.0053%
CSM Speed: 8471202 hands/sec, Cut Card Speed: 11139951 hands/sec

[821/3456] 
=== Starting Regression Test ===
NUM_ROUNDS:  1000000000
NUM_THREADS: 16
Scenario:    decks=6_ss17=True_das=True_sas=3_don=10-11_reSplitAces=False_hitSplitAces=False_surr=no_peek=True_bj-pays=1.2
============================

Cut Card (Penetration: 75%) Theoretical Edge %: 1.9862% Cut Card Empiric Edge %: -1.9808%
CSM (Penetration: 0.0%) Theoretical Edge %: 1.9662% CSM Empiric Edge %: -1.9625%
CSM Error: 0.0037%, Cut Card Error: 0.0054%
CSM Speed: 3392775 hands/sec, Cut Card Speed: 10907385 hands/sec

[822/3456] 
=== Starting Regression Test ===
NUM_ROUNDS:  1000000000
NUM_THREADS: 16
Scenario:    decks=6_ss17=False_das=True_sas=3_don=9-11_reSplitAces=False_hitSplitAces=True_surr=no_peek=True_bj-pays=1.5
============================

Cut Card (Penetration: 75%) Theoretical Edge %: 0.5759% Cut Card Empiric Edge %: -0.5746%
CSM (Penetration: 0.0%) Theoretical Edge %: 0.5559% CSM Empiric Edge %: -0.5507%
CSM Error: 0.0052%, Cut Card Error: 0.0013%
CSM Speed: 3369863 hands/sec, Cut Card Speed: 10753382 hands/sec

[823/3456] 
=== Starting Regression Test ===
NUM_ROUNDS:  1000000000
NUM_THREADS: 16
Scenario:    decks=6_ss17=True_das=False_sas=4_don=10-11_reSplitAces=True_hitSplitAces=False_surr=no_peek=True_bj-pays=1.5
============================

Cut Card (Penetration: 75%) Theoretical Edge %: 0.6729% Cut Card Empiric Edge %: -0.6713%
CSM (Penetration: 0.0%) Theoretical Edge %: 0.6529% CSM Empiric Edge %: -0.6467%
CSM Error: 0.0063%, Cut Card Error: 0.0017%
CSM Speed: 3381817 hands/sec, Cut Card Speed: 10988769 hands/sec

[824/3456] 
=== Starting Regression Test ===
NUM_ROUNDS:  1000000000
NUM_THREADS: 16
Scenario:    decks=6_ss17=True_das=False_sas=3_don=10-11_reSplitAces=False_hitSplitAces=True_surr=no_peek=False_bj-pays=1.5
============================

Cut Card (Penetration: 75%) Theoretical Edge %: 0.6838% Cut Card Empiric Edge %: -0.6869%
CSM (Penetration: 0.0%) Theoretical Edge %: 0.6638% CSM Empiric Edge %: -0.6692%
CSM Error: -0.0054%, Cut Card Error: -0.0031%
CSM Speed: 3324711 hands/sec, Cut Card Speed: 10819232 hands/sec

[825/3456] 
=== Starting Regression Test ===
NUM_ROUNDS:  1000000000
NUM_THREADS: 16
Scenario:    decks=6_ss17=False_das=True_sas=2_don=Any_reSplitAces=True_hitSplitAces=False_surr=no_peek=False_bj-pays=1.5
============================

Cut Card (Penetration: 75%) Theoretical Edge %: 0.8021% Cut Card Empiric Edge %: -0.7959%
CSM (Penetration: 0.0%) Theoretical Edge %: 0.7821% CSM Empiric Edge %: -0.7849%
CSM Error: -0.0027%, Cut Card Error: 0.0062%
CSM Speed: 3430638 hands/sec, Cut Card Speed: 10559105 hands/sec

[826/3456] 
=== Starting Regression Test ===
NUM_ROUNDS:  1000000000
NUM_THREADS: 16
Scenario:    decks=6_ss17=False_das=True_sas=2_don=9-11_reSplitAces=True_hitSplitAces=False_surr=yes_peek=True_bj-pays=1.2
============================

NOTE: surr=yes + peek=True — using the available surr=2-10 theoretical edge as a comparison baseline; edge assertion skipped.
Cut Card (Penetration: 75%) Theoretical Edge %: 2.0683% Cut Card Empiric Edge %: -2.0728%
CSM (Penetration: 0.0%) Theoretical Edge %: 2.0483% CSM Empiric Edge %: -2.0449%
CSM Error: 0.0034%, Cut Card Error: -0.0045%
CSM Speed: 3413831 hands/sec, Cut Card Speed: 10868856 hands/sec

[827/3456] 
=== Starting Regression Test ===
NUM_ROUNDS:  1000000000
NUM_THREADS: 16
Scenario:    decks=2_ss17=True_das=True_sas=3_don=9-11_reSplitAces=True_hitSplitAces=False_surr=2-10_peek=False_bj-pays=1.2
============================

NOTE: surr=2-10 + peek=False — theoretical table may not match implementation; edge assertion skipped.
Cut Card (Penetration: 75%) Theoretical Edge %: 1.7542% Cut Card Empiric Edge %: -1.5948%
CSM (Penetration: 0.0%) Theoretical Edge %: 1.6912% CSM Empiric Edge %: -1.5280%
CSM Error: 0.1632%, Cut Card Error: 0.1594%
CSM Speed: 6370279 hands/sec, Cut Card Speed: 10466163 hands/sec

[828/3456] 
=== Starting Regression Test ===
NUM_ROUNDS:  1000000000
NUM_THREADS: 16
Scenario:    decks=1_ss17=True_das=True_sas=3_don=10-11_reSplitAces=False_hitSplitAces=False_surr=yes_peek=True_bj-pays=1.5
============================

NOTE: surr=yes + peek=True — using the available surr=2-10 theoretical edge as a comparison baseline; edge assertion skipped.
Cut Card (Penetration: 75%) Theoretical Edge %: 0.2417% Cut Card Empiric Edge %: -0.2554%
CSM (Penetration: 0.0%) Theoretical Edge %: 0.1287% CSM Empiric Edge %: -0.1340%
CSM Error: -0.0053%, Cut Card Error: -0.0137%
CSM Speed: 8074609 hands/sec, Cut Card Speed: 11019405 hands/sec

[829/3456] 
=== Starting Regression Test ===
NUM_ROUNDS:  1000000000
NUM_THREADS: 16
Scenario:    decks=1_ss17=False_das=False_sas=3_don=Any_reSplitAces=False_hitSplitAces=False_surr=2-10_peek=False_bj-pays=1.5
============================

NOTE: surr=2-10 + peek=False — theoretical table may not match implementation; edge assertion skipped.
Cut Card (Penetration: 75%) Theoretical Edge %: 0.3758% Cut Card Empiric Edge %: -0.2792%
CSM (Penetration: 0.0%) Theoretical Edge %: 0.2628% CSM Empiric Edge %: -0.1253%
CSM Error: 0.1374%, Cut Card Error: 0.0965%
CSM Speed: 8531622 hands/sec, Cut Card Speed: 11271162 hands/sec

[830/3456] 
=== Starting Regression Test ===
NUM_ROUNDS:  1000000000
NUM_THREADS: 16
Scenario:    decks=6_ss17=True_das=True_sas=3_don=10-11_reSplitAces=True_hitSplitAces=True_surr=no_peek=True_bj-pays=1.2
============================

Cut Card (Penetration: 75%) Theoretical Edge %: 1.7567% Cut Card Empiric Edge %: -1.7545%
CSM (Penetration: 0.0%) Theoretical Edge %: 1.7367% CSM Empiric Edge %: -1.7404%
CSM Error: -0.0037%, Cut Card Error: 0.0022%
CSM Speed: 3364817 hands/sec, Cut Card Speed: 10561335 hands/sec

[831/3456] 
=== Starting Regression Test ===
NUM_ROUNDS:  1000000000
NUM_THREADS: 16
Scenario:    decks=2_ss17=False_das=True_sas=4_don=10-11_reSplitAces=True_hitSplitAces=True_surr=no_peek=False_bj-pays=1.5
============================

Cut Card (Penetration: 75%) Theoretical Edge %: 0.6111% Cut Card Empiric Edge %: -0.6144%
CSM (Penetration: 0.0%) Theoretical Edge %: 0.5481% CSM Empiric Edge %: -0.5499%
CSM Error: -0.0018%, Cut Card Error: -0.0033%
CSM Speed: 6508891 hands/sec, Cut Card Speed: 10344792 hands/sec

[832/3456] 
=== Starting Regression Test ===
NUM_ROUNDS:  1000000000
NUM_THREADS: 16
Scenario:    decks=2_ss17=False_das=True_sas=4_don=10-11_reSplitAces=True_hitSplitAces=True_surr=no_peek=False_bj-pays=1.2
============================

Cut Card (Penetration: 75%) Theoretical Edge %: 1.9846% Cut Card Empiric Edge %: -1.9783%
CSM (Penetration: 0.0%) Theoretical Edge %: 1.9216% CSM Empiric Edge %: -1.9242%
CSM Error: -0.0026%, Cut Card Error: 0.0063%
CSM Speed: 6134631 hands/sec, Cut Card Speed: 10588958 hands/sec

[833/3456] 
=== Starting Regression Test ===
NUM_ROUNDS:  1000000000
NUM_THREADS: 16
Scenario:    decks=2_ss17=False_das=True_sas=4_don=9-11_reSplitAces=True_hitSplitAces=False_surr=no_peek=False_bj-pays=1.2
============================

Cut Card (Penetration: 75%) Theoretical Edge %: 2.0149% Cut Card Empiric Edge %: -2.0118%
CSM (Penetration: 0.0%) Theoretical Edge %: 1.9519% CSM Empiric Edge %: -1.9456%
CSM Error: 0.0063%, Cut Card Error: 0.0031%
CSM Speed: 6357926 hands/sec, Cut Card Speed: 10847046 hands/sec

[834/3456] 
=== Starting Regression Test ===
NUM_ROUNDS:  1000000000
NUM_THREADS: 16
Scenario:    decks=1_ss17=False_das=False_sas=3_don=9-11_reSplitAces=False_hitSplitAces=False_surr=no_peek=False_bj-pays=1.2
============================

Cut Card (Penetration: 75%) Theoretical Edge %: 1.9563% Cut Card Empiric Edge %: -1.9493%
CSM (Penetration: 0.0%) Theoretical Edge %: 1.8433% CSM Empiric Edge %: -1.8432%
CSM Error: 0.0001%, Cut Card Error: 0.0070%
CSM Speed: 8014747 hands/sec, Cut Card Speed: 10945350 hands/sec

[835/3456] 
=== Starting Regression Test ===
NUM_ROUNDS:  1000000000
NUM_THREADS: 16
Scenario:    decks=6_ss17=False_das=False_sas=3_don=Any_reSplitAces=True_hitSplitAces=False_surr=2-10_peek=False_bj-pays=1.2
============================

NOTE: surr=2-10 + peek=False — theoretical table may not match implementation; edge assertion skipped.
Cut Card (Penetration: 75%) Theoretical Edge %: 2.1100% Cut Card Empiric Edge %: -1.9534%
CSM (Penetration: 0.0%) Theoretical Edge %: 2.0900% CSM Empiric Edge %: -1.9298%
CSM Error: 0.1602%, Cut Card Error: 0.1566%
CSM Speed: 3378333 hands/sec, Cut Card Speed: 10957343 hands/sec

[836/3456] 
=== Starting Regression Test ===
NUM_ROUNDS:  1000000000
NUM_THREADS: 16
Scenario:    decks=6_ss17=True_das=True_sas=3_don=9-11_reSplitAces=True_hitSplitAces=False_surr=yes_peek=True_bj-pays=1.2
============================

NOTE: surr=yes + peek=True — using the available surr=2-10 theoretical edge as a comparison baseline; edge assertion skipped.
Cut Card (Penetration: 75%) Theoretical Edge %: 1.7601% Cut Card Empiric Edge %: -1.7654%
CSM (Penetration: 0.0%) Theoretical Edge %: 1.7401% CSM Empiric Edge %: -1.7409%
CSM Error: -0.0008%, Cut Card Error: -0.0053%
CSM Speed: 3401916 hands/sec, Cut Card Speed: 10516574 hands/sec

[837/3456] 
=== Starting Regression Test ===
NUM_ROUNDS:  1000000000
NUM_THREADS: 16
Scenario:    decks=6_ss17=False_das=False_sas=3_don=10-11_reSplitAces=True_hitSplitAces=False_surr=2-10_peek=False_bj-pays=1.2
============================

NOTE: surr=2-10 + peek=False — theoretical table may not match implementation; edge assertion skipped.
Cut Card (Penetration: 75%) Theoretical Edge %: 2.2913% Cut Card Empiric Edge %: -2.1407%
CSM (Penetration: 0.0%) Theoretical Edge %: 2.2713% CSM Empiric Edge %: -2.1160%
CSM Error: 0.1553%, Cut Card Error: 0.1507%
CSM Speed: 3383694 hands/sec, Cut Card Speed: 10176149 hands/sec

[838/3456] 
=== Starting Regression Test ===
NUM_ROUNDS:  1000000000
NUM_THREADS: 16
Scenario:    decks=1_ss17=False_das=False_sas=2_don=10-11_reSplitAces=False_hitSplitAces=True_surr=no_peek=True_bj-pays=1.2
============================

Cut Card (Penetration: 75%) Theoretical Edge %: 1.8615% Cut Card Empiric Edge %: -1.8471%
CSM (Penetration: 0.0%) Theoretical Edge %: 1.7485% CSM Empiric Edge %: -1.7442%
CSM Error: 0.0043%, Cut Card Error: 0.0144%
CSM Speed: 8428860 hands/sec, Cut Card Speed: 11272813 hands/sec

[839/3456] 
=== Starting Regression Test ===
NUM_ROUNDS:  1000000000
NUM_THREADS: 16
Scenario:    decks=1_ss17=False_das=True_sas=4_don=10-11_reSplitAces=True_hitSplitAces=True_surr=yes_peek=True_bj-pays=1.2
============================

NOTE: surr=yes + peek=True — using the available surr=2-10 theoretical edge as a comparison baseline; edge assertion skipped.
Cut Card (Penetration: 75%) Theoretical Edge %: 1.6621% Cut Card Empiric Edge %: -1.6617%
CSM (Penetration: 0.0%) Theoretical Edge %: 1.5491% CSM Empiric Edge %: -1.5525%
CSM Error: -0.0033%, Cut Card Error: 0.0004%
CSM Speed: 8447016 hands/sec, Cut Card Speed: 10932307 hands/sec

[840/3456] 
=== Starting Regression Test ===
NUM_ROUNDS:  1000000000
NUM_THREADS: 16
Scenario:    decks=6_ss17=True_das=True_sas=2_don=10-11_reSplitAces=True_hitSplitAces=False_surr=yes_peek=True_bj-pays=1.5
============================

NOTE: surr=yes + peek=True — using the available surr=2-10 theoretical edge as a comparison baseline; edge assertion skipped.
Cut Card (Penetration: 75%) Theoretical Edge %: 0.5968% Cut Card Empiric Edge %: -0.6013%
CSM (Penetration: 0.0%) Theoretical Edge %: 0.5768% CSM Empiric Edge %: -0.5809%
CSM Error: -0.0041%, Cut Card Error: -0.0045%
CSM Speed: 3367083 hands/sec, Cut Card Speed: 10444628 hands/sec

[841/3456] 
=== Starting Regression Test ===
NUM_ROUNDS:  1000000000
NUM_THREADS: 16
Scenario:    decks=1_ss17=False_das=False_sas=4_don=Any_reSplitAces=True_hitSplitAces=False_surr=no_peek=True_bj-pays=1.5
============================

Cut Card (Penetration: 75%) Theoretical Edge %: 0.2713% Cut Card Empiric Edge %: -0.2783%
CSM (Penetration: 0.0%) Theoretical Edge %: 0.1583% CSM Empiric Edge %: -0.1588%
CSM Error: -0.0005%, Cut Card Error: -0.0070%
CSM Speed: 8208159 hands/sec, Cut Card Speed: 11340826 hands/sec

[842/3456] 
=== Starting Regression Test ===
NUM_ROUNDS:  1000000000
NUM_THREADS: 16
Scenario:    decks=2_ss17=True_das=True_sas=2_don=9-11_reSplitAces=False_hitSplitAces=True_surr=2-10_peek=False_bj-pays=1.2
============================

NOTE: surr=2-10 + peek=False — theoretical table may not match implementation; edge assertion skipped.
Cut Card (Penetration: 75%) Theoretical Edge %: 1.6808% Cut Card Empiric Edge %: -1.5221%
CSM (Penetration: 0.0%) Theoretical Edge %: 1.6178% CSM Empiric Edge %: -1.4532%
CSM Error: 0.1646%, Cut Card Error: 0.1587%
CSM Speed: 6514828 hands/sec, Cut Card Speed: 10187968 hands/sec

[843/3456] 
=== Starting Regression Test ===
NUM_ROUNDS:  1000000000
NUM_THREADS: 16
Scenario:    decks=6_ss17=True_das=False_sas=3_don=Any_reSplitAces=False_hitSplitAces=True_surr=no_peek=False_bj-pays=1.5
============================

Cut Card (Penetration: 75%) Theoretical Edge %: 0.5103% Cut Card Empiric Edge %: -0.5109%
CSM (Penetration: 0.0%) Theoretical Edge %: 0.4903% CSM Empiric Edge %: -0.4936%
CSM Error: -0.0033%, Cut Card Error: -0.0006%
CSM Speed: 3331090 hands/sec, Cut Card Speed: 10331539 hands/sec

[844/3456] 
=== Starting Regression Test ===
NUM_ROUNDS:  1000000000
NUM_THREADS: 16
Scenario:    decks=2_ss17=False_das=True_sas=4_don=Any_reSplitAces=False_hitSplitAces=False_surr=no_peek=False_bj-pays=1.2
============================

Cut Card (Penetration: 75%) Theoretical Edge %: 1.9428% Cut Card Empiric Edge %: -1.9446%
CSM (Penetration: 0.0%) Theoretical Edge %: 1.8798% CSM Empiric Edge %: -1.8809%
CSM Error: -0.0011%, Cut Card Error: -0.0018%
CSM Speed: 6473372 hands/sec, Cut Card Speed: 10550304 hands/sec

[845/3456] 
=== Starting Regression Test ===
NUM_ROUNDS:  1000000000
NUM_THREADS: 16
Scenario:    decks=2_ss17=False_das=False_sas=2_don=9-11_reSplitAces=True_hitSplitAces=True_surr=no_peek=True_bj-pays=1.5
============================

Cut Card (Penetration: 75%) Theoretical Edge %: 0.5848% Cut Card Empiric Edge %: -0.5727%
CSM (Penetration: 0.0%) Theoretical Edge %: 0.5218% CSM Empiric Edge %: -0.5217%
CSM Error: 0.0001%, Cut Card Error: 0.0121%
CSM Speed: 6594740 hands/sec, Cut Card Speed: 10755695 hands/sec

[846/3456] 
=== Starting Regression Test ===
NUM_ROUNDS:  1000000000
NUM_THREADS: 16
Scenario:    decks=2_ss17=False_das=False_sas=2_don=9-11_reSplitAces=False_hitSplitAces=False_surr=no_peek=True_bj-pays=1.5
============================

Cut Card (Penetration: 75%) Theoretical Edge %: 0.7426% Cut Card Empiric Edge %: -0.7388%
CSM (Penetration: 0.0%) Theoretical Edge %: 0.6796% CSM Empiric Edge %: -0.6698%
CSM Error: 0.0099%, Cut Card Error: 0.0038%
CSM Speed: 6601793 hands/sec, Cut Card Speed: 10882695 hands/sec

[847/3456] 
=== Starting Regression Test ===
NUM_ROUNDS:  1000000000
NUM_THREADS: 16
Scenario:    decks=1_ss17=True_das=True_sas=2_don=Any_reSplitAces=True_hitSplitAces=True_surr=yes_peek=True_bj-pays=1.5
============================

NOTE: surr=yes + peek=True — using the available surr=2-10 theoretical edge as a comparison baseline; edge assertion skipped.
Cut Card (Penetration: 75%) Theoretical Edge %: -0.1646% Cut Card Empiric Edge %: 0.1483%
CSM (Penetration: 0.0%) Theoretical Edge %: -0.2776% CSM Empiric Edge %: 0.2680%
CSM Error: -0.0096%, Cut Card Error: -0.0163%
CSM Speed: 8263370 hands/sec, Cut Card Speed: 11419827 hands/sec

[848/3456] 
=== Starting Regression Test ===
NUM_ROUNDS:  1000000000
NUM_THREADS: 16
Scenario:    decks=6_ss17=True_das=False_sas=2_don=9-11_reSplitAces=False_hitSplitAces=False_surr=no_peek=True_bj-pays=1.5
============================

Cut Card (Penetration: 75%) Theoretical Edge %: 0.6912% Cut Card Empiric Edge %: -0.6928%
CSM (Penetration: 0.0%) Theoretical Edge %: 0.6712% CSM Empiric Edge %: -0.6673%
CSM Error: 0.0039%, Cut Card Error: -0.0016%
CSM Speed: 3424341 hands/sec, Cut Card Speed: 10957583 hands/sec

[849/3456] 
=== Starting Regression Test ===
NUM_ROUNDS:  1000000000
NUM_THREADS: 16
Scenario:    decks=6_ss17=True_das=True_sas=3_don=10-11_reSplitAces=False_hitSplitAces=True_surr=yes_peek=True_bj-pays=1.2
============================

NOTE: surr=yes + peek=True — using the available surr=2-10 theoretical edge as a comparison baseline; edge assertion skipped.
Cut Card (Penetration: 75%) Theoretical Edge %: 1.7331% Cut Card Empiric Edge %: -1.7377%
CSM (Penetration: 0.0%) Theoretical Edge %: 1.7131% CSM Empiric Edge %: -1.7127%
CSM Error: 0.0004%, Cut Card Error: -0.0046%
CSM Speed: 3376245 hands/sec, Cut Card Speed: 10866258 hands/sec

[850/3456] 
=== Starting Regression Test ===
NUM_ROUNDS:  1000000000
NUM_THREADS: 16
Scenario:    decks=2_ss17=True_das=True_sas=4_don=Any_reSplitAces=True_hitSplitAces=False_surr=no_peek=False_bj-pays=1.5
============================

Cut Card (Penetration: 75%) Theoretical Edge %: 0.3120% Cut Card Empiric Edge %: -0.3113%
CSM (Penetration: 0.0%) Theoretical Edge %: 0.2490% CSM Empiric Edge %: -0.2490%
CSM Error: -0.0000%, Cut Card Error: 0.0008%
CSM Speed: 6510205 hands/sec, Cut Card Speed: 10438631 hands/sec

[851/3456] 
=== Starting Regression Test ===
NUM_ROUNDS:  1000000000
NUM_THREADS: 16
Scenario:    decks=6_ss17=False_das=True_sas=2_don=9-11_reSplitAces=True_hitSplitAces=True_surr=no_peek=False_bj-pays=1.2
============================

Cut Card (Penetration: 75%) Theoretical Edge %: 2.0968% Cut Card Empiric Edge %: -2.0996%
CSM (Penetration: 0.0%) Theoretical Edge %: 2.0768% CSM Empiric Edge %: -2.0786%
CSM Error: -0.0017%, Cut Card Error: -0.0028%
CSM Speed: 3315298 hands/sec, Cut Card Speed: 10742754 hands/sec

[852/3456] 
=== Starting Regression Test ===
NUM_ROUNDS:  1000000000
NUM_THREADS: 16
Scenario:    decks=2_ss17=False_das=True_sas=2_don=9-11_reSplitAces=True_hitSplitAces=False_surr=no_peek=False_bj-pays=1.5
============================

Cut Card (Penetration: 75%) Theoretical Edge %: 0.7338% Cut Card Empiric Edge %: -0.7421%
CSM (Penetration: 0.0%) Theoretical Edge %: 0.6708% CSM Empiric Edge %: -0.6717%
CSM Error: -0.0008%, Cut Card Error: -0.0083%
CSM Speed: 6443257 hands/sec, Cut Card Speed: 10740100 hands/sec

[853/3456] 
=== Starting Regression Test ===
NUM_ROUNDS:  1000000000
NUM_THREADS: 16
Scenario:    decks=2_ss17=True_das=True_sas=4_don=10-11_reSplitAces=False_hitSplitAces=False_surr=no_peek=False_bj-pays=1.2
============================

Cut Card (Penetration: 75%) Theoretical Edge %: 1.9640% Cut Card Empiric Edge %: -1.9624%
CSM (Penetration: 0.0%) Theoretical Edge %: 1.9010% CSM Empiric Edge %: -1.8941%
CSM Error: 0.0069%, Cut Card Error: 0.0016%
CSM Speed: 6254495 hands/sec, Cut Card Speed: 10208769 hands/sec

[854/3456] 
=== Starting Regression Test ===
NUM_ROUNDS:  1000000000
NUM_THREADS: 16
Scenario:    decks=1_ss17=False_das=True_sas=2_don=10-11_reSplitAces=False_hitSplitAces=False_surr=no_peek=True_bj-pays=1.2
============================

Cut Card (Penetration: 75%) Theoretical Edge %: 1.8838% Cut Card Empiric Edge %: -1.8706%
CSM (Penetration: 0.0%) Theoretical Edge %: 1.7708% CSM Empiric Edge %: -1.7660%
CSM Error: 0.0048%, Cut Card Error: 0.0131%
CSM Speed: 8357989 hands/sec, Cut Card Speed: 11241260 hands/sec

[855/3456] 
=== Starting Regression Test ===
NUM_ROUNDS:  1000000000
NUM_THREADS: 16
Scenario:    decks=6_ss17=False_das=False_sas=2_don=10-11_reSplitAces=True_hitSplitAces=False_surr=2-10_peek=False_bj-pays=1.2
============================

NOTE: surr=2-10 + peek=False — theoretical table may not match implementation; edge assertion skipped.
Cut Card (Penetration: 75%) Theoretical Edge %: 2.3712% Cut Card Empiric Edge %: -2.2206%
CSM (Penetration: 0.0%) Theoretical Edge %: 2.3512% CSM Empiric Edge %: -2.1942%
CSM Error: 0.1570%, Cut Card Error: 0.1506%
CSM Speed: 3357598 hands/sec, Cut Card Speed: 10712143 hands/sec

[856/3456] 
=== Starting Regression Test ===
NUM_ROUNDS:  1000000000
NUM_THREADS: 16
Scenario:    decks=1_ss17=False_das=True_sas=3_don=10-11_reSplitAces=True_hitSplitAces=False_surr=no_peek=True_bj-pays=1.2
============================

Cut Card (Penetration: 75%) Theoretical Edge %: 1.8278% Cut Card Empiric Edge %: -1.8174%
CSM (Penetration: 0.0%) Theoretical Edge %: 1.7148% CSM Empiric Edge %: -1.7094%
CSM Error: 0.0054%, Cut Card Error: 0.0105%
CSM Speed: 8311999 hands/sec, Cut Card Speed: 10583579 hands/sec

[857/3456] 
=== Starting Regression Test ===
NUM_ROUNDS:  1000000000
NUM_THREADS: 16
Scenario:    decks=2_ss17=True_das=False_sas=2_don=9-11_reSplitAces=False_hitSplitAces=True_surr=2-10_peek=False_bj-pays=1.2
============================

NOTE: surr=2-10 + peek=False — theoretical table may not match implementation; edge assertion skipped.
Cut Card (Penetration: 75%) Theoretical Edge %: 1.7978% Cut Card Empiric Edge %: -1.6429%
CSM (Penetration: 0.0%) Theoretical Edge %: 1.7348% CSM Empiric Edge %: -1.5739%
CSM Error: 0.1610%, Cut Card Error: 0.1549%
CSM Speed: 6353886 hands/sec, Cut Card Speed: 10191291 hands/sec

[858/3456] 
=== Starting Regression Test ===
NUM_ROUNDS:  1000000000
NUM_THREADS: 16
Scenario:    decks=1_ss17=False_das=True_sas=4_don=Any_reSplitAces=True_hitSplitAces=True_surr=2-10_peek=False_bj-pays=1.2
============================

NOTE: surr=2-10 + peek=False — theoretical table may not match implementation; edge assertion skipped.
Cut Card (Penetration: 75%) Theoretical Edge %: 1.4635% Cut Card Empiric Edge %: -1.3619%
CSM (Penetration: 0.0%) Theoretical Edge %: 1.3505% CSM Empiric Edge %: -1.2135%
CSM Error: 0.1370%, Cut Card Error: 0.1016%
CSM Speed: 8046412 hands/sec, Cut Card Speed: 10630834 hands/sec

[859/3456] 
=== Starting Regression Test ===
NUM_ROUNDS:  1000000000
NUM_THREADS: 16
Scenario:    decks=2_ss17=True_das=True_sas=3_don=Any_reSplitAces=True_hitSplitAces=False_surr=no_peek=False_bj-pays=1.5
============================

Cut Card (Penetration: 75%) Theoretical Edge %: 0.3238% Cut Card Empiric Edge %: -0.3267%
CSM (Penetration: 0.0%) Theoretical Edge %: 0.2608% CSM Empiric Edge %: -0.2634%
CSM Error: -0.0027%, Cut Card Error: -0.0029%
CSM Speed: 6403114 hands/sec, Cut Card Speed: 10398361 hands/sec

[860/3456] 
=== Starting Regression Test ===
NUM_ROUNDS:  1000000000
NUM_THREADS: 16
Scenario:    decks=2_ss17=True_das=False_sas=3_don=9-11_reSplitAces=True_hitSplitAces=False_surr=no_peek=True_bj-pays=1.5
============================

Cut Card (Penetration: 75%) Theoretical Edge %: 0.4591% Cut Card Empiric Edge %: -0.4554%
CSM (Penetration: 0.0%) Theoretical Edge %: 0.3961% CSM Empiric Edge %: -0.3925%
CSM Error: 0.0037%, Cut Card Error: 0.0037%
CSM Speed: 6278725 hands/sec, Cut Card Speed: 10368711 hands/sec

[861/3456] 
=== Starting Regression Test ===
NUM_ROUNDS:  1000000000
NUM_THREADS: 16
Scenario:    decks=6_ss17=False_das=True_sas=4_don=10-11_reSplitAces=True_hitSplitAces=True_surr=no_peek=True_bj-pays=1.2
============================

Cut Card (Penetration: 75%) Theoretical Edge %: 1.9644% Cut Card Empiric Edge %: -1.9583%
CSM (Penetration: 0.0%) Theoretical Edge %: 1.9444% CSM Empiric Edge %: -1.9396%
CSM Error: 0.0048%, Cut Card Error: 0.0061%
CSM Speed: 3313277 hands/sec, Cut Card Speed: 10256305 hands/sec

[862/3456] 
=== Starting Regression Test ===
NUM_ROUNDS:  1000000000
NUM_THREADS: 16
Scenario:    decks=2_ss17=False_das=False_sas=4_don=10-11_reSplitAces=False_hitSplitAces=True_surr=no_peek=True_bj-pays=1.2
============================

Cut Card (Penetration: 75%) Theoretical Edge %: 2.0322% Cut Card Empiric Edge %: -2.0140%
CSM (Penetration: 0.0%) Theoretical Edge %: 1.9692% CSM Empiric Edge %: -1.9610%
CSM Error: 0.0082%, Cut Card Error: 0.0183%
CSM Speed: 6417991 hands/sec, Cut Card Speed: 10355719 hands/sec

[863/3456] 
=== Starting Regression Test ===
NUM_ROUNDS:  1000000000
NUM_THREADS: 16
Scenario:    decks=6_ss17=True_das=True_sas=2_don=Any_reSplitAces=False_hitSplitAces=True_surr=no_peek=True_bj-pays=1.2
============================

Cut Card (Penetration: 75%) Theoretical Edge %: 1.6523% Cut Card Empiric Edge %: -1.6481%
CSM (Penetration: 0.0%) Theoretical Edge %: 1.6323% CSM Empiric Edge %: -1.6310%
CSM Error: 0.0013%, Cut Card Error: 0.0042%
CSM Speed: 3461082 hands/sec, Cut Card Speed: 10629252 hands/sec

[864/3456] 
=== Starting Regression Test ===
NUM_ROUNDS:  1000000000
NUM_THREADS: 16
Scenario:    decks=2_ss17=False_das=False_sas=4_don=Any_reSplitAces=False_hitSplitAces=True_surr=2-10_peek=False_bj-pays=1.2
============================

NOTE: surr=2-10 + peek=False — theoretical table may not match implementation; edge assertion skipped.
Cut Card (Penetration: 75%) Theoretical Edge %: 1.8625% Cut Card Empiric Edge %: -1.7236%
CSM (Penetration: 0.0%) Theoretical Edge %: 1.7995% CSM Empiric Edge %: -1.6500%
CSM Error: 0.1496%, Cut Card Error: 0.1389%
CSM Speed: 6501317 hands/sec, Cut Card Speed: 10312255 hands/sec

[865/3456] 
=== Starting Regression Test ===
NUM_ROUNDS:  1000000000
NUM_THREADS: 16
Scenario:    decks=1_ss17=False_das=False_sas=3_don=Any_reSplitAces=False_hitSplitAces=False_surr=yes_peek=True_bj-pays=1.2
============================

NOTE: surr=yes + peek=True — using the available surr=2-10 theoretical edge as a comparison baseline; edge assertion skipped.
Cut Card (Penetration: 75%) Theoretical Edge %: 1.6613% Cut Card Empiric Edge %: -1.6692%
CSM (Penetration: 0.0%) Theoretical Edge %: 1.5483% CSM Empiric Edge %: -1.5508%
CSM Error: -0.0025%, Cut Card Error: -0.0079%
CSM Speed: 8434121 hands/sec, Cut Card Speed: 10703429 hands/sec

[866/3456] 
=== Starting Regression Test ===
NUM_ROUNDS:  1000000000
NUM_THREADS: 16
Scenario:    decks=1_ss17=False_das=True_sas=3_don=10-11_reSplitAces=False_hitSplitAces=False_surr=yes_peek=True_bj-pays=1.5
============================

NOTE: surr=yes + peek=True — using the available surr=2-10 theoretical edge as a comparison baseline; edge assertion skipped.
Cut Card (Penetration: 75%) Theoretical Edge %: 0.4253% Cut Card Empiric Edge %: -0.4344%
CSM (Penetration: 0.0%) Theoretical Edge %: 0.3123% CSM Empiric Edge %: -0.3180%
CSM Error: -0.0057%, Cut Card Error: -0.0091%
CSM Speed: 8231333 hands/sec, Cut Card Speed: 10376673 hands/sec

[867/3456] 
=== Starting Regression Test ===
NUM_ROUNDS:  1000000000
NUM_THREADS: 16
Scenario:    decks=1_ss17=True_das=False_sas=2_don=10-11_reSplitAces=True_hitSplitAces=True_surr=2-10_peek=False_bj-pays=1.5
============================

NOTE: surr=2-10 + peek=False — theoretical table may not match implementation; edge assertion skipped.
Cut Card (Penetration: 75%) Theoretical Edge %: 0.3484% Cut Card Empiric Edge %: -0.2180%
CSM (Penetration: 0.0%) Theoretical Edge %: 0.2354% CSM Empiric Edge %: -0.0849%
CSM Error: 0.1505%, Cut Card Error: 0.1304%
CSM Speed: 7923114 hands/sec, Cut Card Speed: 10987562 hands/sec

[868/3456] 
=== Starting Regression Test ===
NUM_ROUNDS:  1000000000
NUM_THREADS: 16
Scenario:    decks=6_ss17=True_das=True_sas=3_don=10-11_reSplitAces=True_hitSplitAces=False_surr=2-10_peek=False_bj-pays=1.5
============================

NOTE: surr=2-10 + peek=False — theoretical table may not match implementation; edge assertion skipped.
Cut Card (Penetration: 75%) Theoretical Edge %: 0.6051% Cut Card Empiric Edge %: -0.4323%
CSM (Penetration: 0.0%) Theoretical Edge %: 0.5851% CSM Empiric Edge %: -0.4119%
CSM Error: 0.1732%, Cut Card Error: 0.1728%
CSM Speed: 3296066 hands/sec, Cut Card Speed: 10076582 hands/sec

[869/3456] 
=== Starting Regression Test ===
NUM_ROUNDS:  1000000000
NUM_THREADS: 16
Scenario:    decks=1_ss17=False_das=False_sas=4_don=10-11_reSplitAces=True_hitSplitAces=True_surr=no_peek=True_bj-pays=1.2
============================

Cut Card (Penetration: 75%) Theoretical Edge %: 1.8183% Cut Card Empiric Edge %: -1.8040%
CSM (Penetration: 0.0%) Theoretical Edge %: 1.7053% CSM Empiric Edge %: -1.6974%
CSM Error: 0.0079%, Cut Card Error: 0.0143%
CSM Speed: 7976708 hands/sec, Cut Card Speed: 10668487 hands/sec

[870/3456] 
=== Starting Regression Test ===
NUM_ROUNDS:  1000000000
NUM_THREADS: 16
Scenario:    decks=1_ss17=True_das=False_sas=3_don=Any_reSplitAces=True_hitSplitAces=False_surr=2-10_peek=False_bj-pays=1.2
============================

NOTE: surr=2-10 + peek=False — theoretical table may not match implementation; edge assertion skipped.
Cut Card (Penetration: 75%) Theoretical Edge %: 1.5588% Cut Card Empiric Edge %: -1.4348%
CSM (Penetration: 0.0%) Theoretical Edge %: 1.4458% CSM Empiric Edge %: -1.2946%
CSM Error: 0.1512%, Cut Card Error: 0.1240%
CSM Speed: 8029678 hands/sec, Cut Card Speed: 10760093 hands/sec

[871/3456] 
=== Starting Regression Test ===
NUM_ROUNDS:  1000000000
NUM_THREADS: 16
Scenario:    decks=6_ss17=True_das=False_sas=4_don=Any_reSplitAces=True_hitSplitAces=True_surr=yes_peek=True_bj-pays=1.5
============================

NOTE: surr=yes + peek=True — using the available surr=2-10 theoretical edge as a comparison baseline; edge assertion skipped.
Cut Card (Penetration: 75%) Theoretical Edge %: 0.2572% Cut Card Empiric Edge %: -0.2624%
CSM (Penetration: 0.0%) Theoretical Edge %: 0.2372% CSM Empiric Edge %: -0.2382%
CSM Error: -0.0010%, Cut Card Error: -0.0052%
CSM Speed: 3304496 hands/sec, Cut Card Speed: 10689357 hands/sec

[872/3456] 
=== Starting Regression Test ===
NUM_ROUNDS:  1000000000
NUM_THREADS: 16
Scenario:    decks=1_ss17=False_das=True_sas=4_don=Any_reSplitAces=False_hitSplitAces=False_surr=2-10_peek=False_bj-pays=1.2
============================

NOTE: surr=2-10 + peek=False — theoretical table may not match implementation; edge assertion skipped.
Cut Card (Penetration: 75%) Theoretical Edge %: 1.6274% Cut Card Empiric Edge %: -1.5279%
CSM (Penetration: 0.0%) Theoretical Edge %: 1.5144% CSM Empiric Edge %: -1.3803%
CSM Error: 0.1341%, Cut Card Error: 0.0995%
CSM Speed: 8292768 hands/sec, Cut Card Speed: 10806138 hands/sec

[873/3456] 
=== Starting Regression Test ===
NUM_ROUNDS:  1000000000
NUM_THREADS: 16
Scenario:    decks=2_ss17=True_das=True_sas=2_don=10-11_reSplitAces=True_hitSplitAces=True_surr=2-10_peek=False_bj-pays=1.5
============================

NOTE: surr=2-10 + peek=False — theoretical table may not match implementation; edge assertion skipped.
Cut Card (Penetration: 75%) Theoretical Edge %: 0.4212% Cut Card Empiric Edge %: -0.2707%
CSM (Penetration: 0.0%) Theoretical Edge %: 0.3582% CSM Empiric Edge %: -0.1936%
CSM Error: 0.1646%, Cut Card Error: 0.1506%
CSM Speed: 6396398 hands/sec, Cut Card Speed: 10486687 hands/sec

[874/3456] 
=== Starting Regression Test ===
NUM_ROUNDS:  1000000000
NUM_THREADS: 16
Scenario:    decks=1_ss17=False_das=True_sas=4_don=10-11_reSplitAces=True_hitSplitAces=False_surr=no_peek=True_bj-pays=1.5
============================

Cut Card (Penetration: 75%) Theoretical Edge %: 0.4295% Cut Card Empiric Edge %: -0.4338%
CSM (Penetration: 0.0%) Theoretical Edge %: 0.3165% CSM Empiric Edge %: -0.3177%
CSM Error: -0.0012%, Cut Card Error: -0.0042%
CSM Speed: 8299995 hands/sec, Cut Card Speed: 11322977 hands/sec

[875/3456] 
=== Starting Regression Test ===
NUM_ROUNDS:  1000000000
NUM_THREADS: 16
Scenario:    decks=6_ss17=True_das=False_sas=2_don=Any_reSplitAces=False_hitSplitAces=True_surr=no_peek=False_bj-pays=1.5
============================

Cut Card (Penetration: 75%) Theoretical Edge %: 0.5374% Cut Card Empiric Edge %: -0.5450%
CSM (Penetration: 0.0%) Theoretical Edge %: 0.5174% CSM Empiric Edge %: -0.5211%
CSM Error: -0.0037%, Cut Card Error: -0.0076%
CSM Speed: 3370680 hands/sec, Cut Card Speed: 10923112 hands/sec

[876/3456] 
=== Starting Regression Test ===
NUM_ROUNDS:  1000000000
NUM_THREADS: 16
Scenario:    decks=1_ss17=True_das=True_sas=2_don=9-11_reSplitAces=True_hitSplitAces=False_surr=no_peek=True_bj-pays=1.5
============================

Cut Card (Penetration: 75%) Theoretical Edge %: 0.1429% Cut Card Empiric Edge %: -0.1414%
CSM (Penetration: 0.0%) Theoretical Edge %: 0.0299% CSM Empiric Edge %: -0.0265%
CSM Error: 0.0034%, Cut Card Error: 0.0015%
CSM Speed: 8235875 hands/sec, Cut Card Speed: 10956623 hands/sec

[877/3456] 
=== Starting Regression Test ===
NUM_ROUNDS:  1000000000
NUM_THREADS: 16
Scenario:    decks=6_ss17=False_das=True_sas=3_don=10-11_reSplitAces=True_hitSplitAces=True_surr=yes_peek=True_bj-pays=1.5
============================

NOTE: surr=yes + peek=True — using the available surr=2-10 theoretical edge as a comparison baseline; edge assertion skipped.
Cut Card (Penetration: 75%) Theoretical Edge %: 0.5332% Cut Card Empiric Edge %: -0.5395%
CSM (Penetration: 0.0%) Theoretical Edge %: 0.5132% CSM Empiric Edge %: -0.5174%
CSM Error: -0.0042%, Cut Card Error: -0.0062%
CSM Speed: 3345421 hands/sec, Cut Card Speed: 10403337 hands/sec

[878/3456] 
=== Starting Regression Test ===
NUM_ROUNDS:  1000000000
NUM_THREADS: 16
Scenario:    decks=2_ss17=True_das=True_sas=4_don=Any_reSplitAces=True_hitSplitAces=True_surr=no_peek=False_bj-pays=1.2
============================

Cut Card (Penetration: 75%) Theoretical Edge %: 1.5304% Cut Card Empiric Edge %: -1.5343%
CSM (Penetration: 0.0%) Theoretical Edge %: 1.4674% CSM Empiric Edge %: -1.4784%
CSM Error: -0.0110%, Cut Card Error: -0.0039%
CSM Speed: 6327032 hands/sec, Cut Card Speed: 10727772 hands/sec

[879/3456] 
=== Starting Regression Test ===
NUM_ROUNDS:  1000000000
NUM_THREADS: 16
Scenario:    decks=1_ss17=False_das=True_sas=3_don=10-11_reSplitAces=False_hitSplitAces=True_surr=no_peek=False_bj-pays=1.5
============================

Cut Card (Penetration: 75%) Theoretical Edge %: 0.4488% Cut Card Empiric Edge %: -0.4571%
CSM (Penetration: 0.0%) Theoretical Edge %: 0.3358% CSM Empiric Edge %: -0.3364%
CSM Error: -0.0006%, Cut Card Error: -0.0083%
CSM Speed: 8177350 hands/sec, Cut Card Speed: 10868148 hands/sec

[880/3456] 
=== Starting Regression Test ===
NUM_ROUNDS:  1000000000
NUM_THREADS: 16
Scenario:    decks=1_ss17=True_das=True_sas=3_don=10-11_reSplitAces=True_hitSplitAces=False_surr=yes_peek=True_bj-pays=1.5
============================

NOTE: surr=yes + peek=True — using the available surr=2-10 theoretical edge as a comparison baseline; edge assertion skipped.
Cut Card (Penetration: 75%) Theoretical Edge %: 0.2113% Cut Card Empiric Edge %: -0.2218%
CSM (Penetration: 0.0%) Theoretical Edge %: 0.0983% CSM Empiric Edge %: -0.1056%
CSM Error: -0.0073%, Cut Card Error: -0.0105%
CSM Speed: 8310618 hands/sec, Cut Card Speed: 11051556 hands/sec

[881/3456] 
=== Starting Regression Test ===
NUM_ROUNDS:  1000000000
NUM_THREADS: 16
Scenario:    decks=6_ss17=True_das=True_sas=4_don=10-11_reSplitAces=False_hitSplitAces=False_surr=yes_peek=True_bj-pays=1.2
============================

NOTE: surr=yes + peek=True — using the available surr=2-10 theoretical edge as a comparison baseline; edge assertion skipped.
Cut Card (Penetration: 75%) Theoretical Edge %: 1.9054% Cut Card Empiric Edge %: -1.9070%
CSM (Penetration: 0.0%) Theoretical Edge %: 1.8854% CSM Empiric Edge %: -1.8825%
CSM Error: 0.0028%, Cut Card Error: -0.0016%
CSM Speed: 3296044 hands/sec, Cut Card Speed: 10698391 hands/sec

[882/3456] 
=== Starting Regression Test ===
NUM_ROUNDS:  1000000000
NUM_THREADS: 16
Scenario:    decks=1_ss17=True_das=True_sas=4_don=9-11_reSplitAces=True_hitSplitAces=False_surr=no_peek=False_bj-pays=1.2
============================

Cut Card (Penetration: 75%) Theoretical Edge %: 1.5851% Cut Card Empiric Edge %: -1.5802%
CSM (Penetration: 0.0%) Theoretical Edge %: 1.4721% CSM Empiric Edge %: -1.4766%
CSM Error: -0.0045%, Cut Card Error: 0.0049%
CSM Speed: 8123015 hands/sec, Cut Card Speed: 10734797 hands/sec

[883/3456] 
=== Starting Regression Test ===
NUM_ROUNDS:  1000000000
NUM_THREADS: 16
Scenario:    decks=1_ss17=True_das=True_sas=2_don=9-11_reSplitAces=False_hitSplitAces=False_surr=2-10_peek=False_bj-pays=1.2
============================

NOTE: surr=2-10 + peek=False — theoretical table may not match implementation; edge assertion skipped.
Cut Card (Penetration: 75%) Theoretical Edge %: 1.6208% Cut Card Empiric Edge %: -1.4862%
CSM (Penetration: 0.0%) Theoretical Edge %: 1.5078% CSM Empiric Edge %: -1.3625%
CSM Error: 0.1453%, Cut Card Error: 0.1345%
CSM Speed: 8133520 hands/sec, Cut Card Speed: 11136602 hands/sec

[884/3456] 
=== Starting Regression Test ===
NUM_ROUNDS:  1000000000
NUM_THREADS: 16
Scenario:    decks=2_ss17=False_das=True_sas=3_don=Any_reSplitAces=True_hitSplitAces=False_surr=no_peek=True_bj-pays=1.2
============================

Cut Card (Penetration: 75%) Theoretical Edge %: 1.7895% Cut Card Empiric Edge %: -1.7714%
CSM (Penetration: 0.0%) Theoretical Edge %: 1.7265% CSM Empiric Edge %: -1.7239%
CSM Error: 0.0026%, Cut Card Error: 0.0181%
CSM Speed: 6458446 hands/sec, Cut Card Speed: 11141937 hands/sec

[885/3456] 
=== Starting Regression Test ===
NUM_ROUNDS:  1000000000
NUM_THREADS: 16
Scenario:    decks=2_ss17=False_das=False_sas=4_don=10-11_reSplitAces=True_hitSplitAces=False_surr=2-10_peek=False_bj-pays=1.5
============================

NOTE: surr=2-10 + peek=False — theoretical table may not match implementation; edge assertion skipped.
Cut Card (Penetration: 75%) Theoretical Edge %: 0.8060% Cut Card Empiric Edge %: -0.6732%
CSM (Penetration: 0.0%) Theoretical Edge %: 0.7430% CSM Empiric Edge %: -0.5929%
CSM Error: 0.1501%, Cut Card Error: 0.1328%
CSM Speed: 6294811 hands/sec, Cut Card Speed: 10751994 hands/sec

[886/3456] 
=== Starting Regression Test ===
NUM_ROUNDS:  1000000000
NUM_THREADS: 16
Scenario:    decks=2_ss17=True_das=False_sas=2_don=10-11_reSplitAces=True_hitSplitAces=False_surr=2-10_peek=False_bj-pays=1.5
============================

NOTE: surr=2-10 + peek=False — theoretical table may not match implementation; edge assertion skipped.
Cut Card (Penetration: 75%) Theoretical Edge %: 0.6808% Cut Card Empiric Edge %: -0.5281%
CSM (Penetration: 0.0%) Theoretical Edge %: 0.6178% CSM Empiric Edge %: -0.4514%
CSM Error: 0.1664%, Cut Card Error: 0.1527%
CSM Speed: 6364198 hands/sec, Cut Card Speed: 10320130 hands/sec

[887/3456] 
=== Starting Regression Test ===
NUM_ROUNDS:  1000000000
NUM_THREADS: 16
Scenario:    decks=2_ss17=True_das=False_sas=2_don=Any_reSplitAces=False_hitSplitAces=False_surr=no_peek=True_bj-pays=1.5
============================

Cut Card (Penetration: 75%) Theoretical Edge %: 0.4255% Cut Card Empiric Edge %: -0.4180%
CSM (Penetration: 0.0%) Theoretical Edge %: 0.3625% CSM Empiric Edge %: -0.3706%
CSM Error: -0.0081%, Cut Card Error: 0.0074%
CSM Speed: 6590437 hands/sec, Cut Card Speed: 11130899 hands/sec

[888/3456] 
=== Starting Regression Test ===
NUM_ROUNDS:  1000000000
NUM_THREADS: 16
Scenario:    decks=1_ss17=False_das=False_sas=3_don=9-11_reSplitAces=True_hitSplitAces=False_surr=2-10_peek=False_bj-pays=1.5
============================

NOTE: surr=2-10 + peek=False — theoretical table may not match implementation; edge assertion skipped.
Cut Card (Penetration: 75%) Theoretical Edge %: 0.4920% Cut Card Empiric Edge %: -0.3870%
CSM (Penetration: 0.0%) Theoretical Edge %: 0.3790% CSM Empiric Edge %: -0.2370%
CSM Error: 0.1421%, Cut Card Error: 0.1050%
CSM Speed: 8196050 hands/sec, Cut Card Speed: 10379150 hands/sec

[889/3456] 
=== Starting Regression Test ===
NUM_ROUNDS:  1000000000
NUM_THREADS: 16
Scenario:    decks=2_ss17=True_das=False_sas=4_don=10-11_reSplitAces=False_hitSplitAces=False_surr=2-10_peek=False_bj-pays=1.5
============================

NOTE: surr=2-10 + peek=False — theoretical table may not match implementation; edge assertion skipped.
Cut Card (Penetration: 75%) Theoretical Edge %: 0.6546% Cut Card Empiric Edge %: -0.5062%
CSM (Penetration: 0.0%) Theoretical Edge %: 0.5916% CSM Empiric Edge %: -0.4327%
CSM Error: 0.1590%, Cut Card Error: 0.1484%
CSM Speed: 6437989 hands/sec, Cut Card Speed: 10632416 hands/sec

[890/3456] 
=== Starting Regression Test ===
NUM_ROUNDS:  1000000000
NUM_THREADS: 16
Scenario:    decks=2_ss17=False_das=True_sas=3_don=9-11_reSplitAces=True_hitSplitAces=False_surr=2-10_peek=False_bj-pays=1.2
============================

NOTE: surr=2-10 + peek=False — theoretical table may not match implementation; edge assertion skipped.
Cut Card (Penetration: 75%) Theoretical Edge %: 1.9555% Cut Card Empiric Edge %: -1.8178%
CSM (Penetration: 0.0%) Theoretical Edge %: 1.8925% CSM Empiric Edge %: -1.7396%
CSM Error: 0.1529%, Cut Card Error: 0.1377%
CSM Speed: 6155210 hands/sec, Cut Card Speed: 10119716 hands/sec

[891/3456] 
=== Starting Regression Test ===
NUM_ROUNDS:  1000000000
NUM_THREADS: 16
Scenario:    decks=6_ss17=False_das=True_sas=3_don=10-11_reSplitAces=True_hitSplitAces=False_surr=no_peek=False_bj-pays=1.5
============================

Cut Card (Penetration: 75%) Theoretical Edge %: 0.9055% Cut Card Empiric Edge %: -0.9002%
CSM (Penetration: 0.0%) Theoretical Edge %: 0.8855% CSM Empiric Edge %: -0.8901%
CSM Error: -0.0046%, Cut Card Error: 0.0052%
CSM Speed: 3341855 hands/sec, Cut Card Speed: 10703086 hands/sec

[892/3456] 
=== Starting Regression Test ===
NUM_ROUNDS:  1000000000
NUM_THREADS: 16
Scenario:    decks=1_ss17=False_das=False_sas=3_don=10-11_reSplitAces=True_hitSplitAces=True_surr=no_peek=True_bj-pays=1.2
============================

Cut Card (Penetration: 75%) Theoretical Edge %: 1.8208% Cut Card Empiric Edge %: -1.8139%
CSM (Penetration: 0.0%) Theoretical Edge %: 1.7078% CSM Empiric Edge %: -1.7095%
CSM Error: -0.0018%, Cut Card Error: 0.0069%
CSM Speed: 8434477 hands/sec, Cut Card Speed: 10742408 hands/sec

[893/3456] 
=== Starting Regression Test ===
NUM_ROUNDS:  1000000000
NUM_THREADS: 16
Scenario:    decks=6_ss17=True_das=False_sas=4_don=10-11_reSplitAces=False_hitSplitAces=True_surr=no_peek=True_bj-pays=1.5
============================

Cut Card (Penetration: 75%) Theoretical Edge %: 0.5609% Cut Card Empiric Edge %: -0.5652%
CSM (Penetration: 0.0%) Theoretical Edge %: 0.5410% CSM Empiric Edge %: -0.5376%
CSM Error: 0.0034%, Cut Card Error: -0.0042%
CSM Speed: 3386375 hands/sec, Cut Card Speed: 10885183 hands/sec

[894/3456] 
=== Starting Regression Test ===
NUM_ROUNDS:  1000000000
NUM_THREADS: 16
Scenario:    decks=1_ss17=False_das=True_sas=2_don=9-11_reSplitAces=False_hitSplitAces=False_surr=2-10_peek=False_bj-pays=1.5
============================

NOTE: surr=2-10 + peek=False — theoretical table may not match implementation; edge assertion skipped.
Cut Card (Penetration: 75%) Theoretical Edge %: 0.4164% Cut Card Empiric Edge %: -0.3109%
CSM (Penetration: 0.0%) Theoretical Edge %: 0.3034% CSM Empiric Edge %: -0.1669%
CSM Error: 0.1365%, Cut Card Error: 0.1054%
CSM Speed: 7952602 hands/sec, Cut Card Speed: 10514252 hands/sec

[895/3456] 
=== Starting Regression Test ===
NUM_ROUNDS:  1000000000
NUM_THREADS: 16
Scenario:    decks=1_ss17=True_das=True_sas=3_don=Any_reSplitAces=False_hitSplitAces=True_surr=no_peek=False_bj-pays=1.2
============================

Cut Card (Penetration: 75%) Theoretical Edge %: 1.3347% Cut Card Empiric Edge %: -1.3380%
CSM (Penetration: 0.0%) Theoretical Edge %: 1.2217% CSM Empiric Edge %: -1.2340%
CSM Error: -0.0123%, Cut Card Error: -0.0034%
CSM Speed: 8172605 hands/sec, Cut Card Speed: 11072113 hands/sec

[896/3456] 
=== Starting Regression Test ===
NUM_ROUNDS:  1000000000
NUM_THREADS: 16
Scenario:    decks=1_ss17=True_das=False_sas=2_don=Any_reSplitAces=False_hitSplitAces=True_surr=2-10_peek=False_bj-pays=1.2
============================

NOTE: surr=2-10 + peek=False — theoretical table may not match implementation; edge assertion skipped.
Cut Card (Penetration: 75%) Theoretical Edge %: 1.4752% Cut Card Empiric Edge %: -1.3520%
CSM (Penetration: 0.0%) Theoretical Edge %: 1.3622% CSM Empiric Edge %: -1.2056%
CSM Error: 0.1566%, Cut Card Error: 0.1232%
CSM Speed: 8194639 hands/sec, Cut Card Speed: 10962628 hands/sec

[897/3456] 
=== Starting Regression Test ===
NUM_ROUNDS:  1000000000
NUM_THREADS: 16
Scenario:    decks=2_ss17=False_das=False_sas=2_don=10-11_reSplitAces=False_hitSplitAces=False_surr=yes_peek=True_bj-pays=1.5
============================

NOTE: surr=yes + peek=True — using the available surr=2-10 theoretical edge as a comparison baseline; edge assertion skipped.
Cut Card (Penetration: 75%) Theoretical Edge %: 0.7771% Cut Card Empiric Edge %: -0.7831%
CSM (Penetration: 0.0%) Theoretical Edge %: 0.7140% CSM Empiric Edge %: -0.7174%
CSM Error: -0.0033%, Cut Card Error: -0.0061%
CSM Speed: 6372308 hands/sec, Cut Card Speed: 10852696 hands/sec

[898/3456] 
=== Starting Regression Test ===
NUM_ROUNDS:  1000000000
NUM_THREADS: 16
Scenario:    decks=1_ss17=True_das=True_sas=3_don=10-11_reSplitAces=True_hitSplitAces=False_surr=2-10_peek=False_bj-pays=1.2
============================

NOTE: surr=2-10 + peek=False — theoretical table may not match implementation; edge assertion skipped.
Cut Card (Penetration: 75%) Theoretical Edge %: 1.7130% Cut Card Empiric Edge %: -1.5787%
CSM (Penetration: 0.0%) Theoretical Edge %: 1.6000% CSM Empiric Edge %: -1.4460%
CSM Error: 0.1540%, Cut Card Error: 0.1343%
CSM Speed: 7857249 hands/sec, Cut Card Speed: 10873111 hands/sec

[899/3456] 
=== Starting Regression Test ===
NUM_ROUNDS:  1000000000
NUM_THREADS: 16
Scenario:    decks=1_ss17=True_das=True_sas=2_don=9-11_reSplitAces=True_hitSplitAces=False_surr=yes_peek=True_bj-pays=1.5
============================

NOTE: surr=yes + peek=True — using the available surr=2-10 theoretical edge as a comparison baseline; edge assertion skipped.
Cut Card (Penetration: 75%) Theoretical Edge %: 0.1209% Cut Card Empiric Edge %: -0.1362%
CSM (Penetration: 0.0%) Theoretical Edge %: 0.0079% CSM Empiric Edge %: -0.0132%
CSM Error: -0.0053%, Cut Card Error: -0.0153%
CSM Speed: 7959502 hands/sec, Cut Card Speed: 10674751 hands/sec

[900/3456] 
=== Starting Regression Test ===
NUM_ROUNDS:  1000000000
NUM_THREADS: 16
Scenario:    decks=2_ss17=False_das=True_sas=4_don=Any_reSplitAces=False_hitSplitAces=True_surr=no_peek=True_bj-pays=1.5
============================

Cut Card (Penetration: 75%) Theoretical Edge %: 0.2904% Cut Card Empiric Edge %: -0.2941%
CSM (Penetration: 0.0%) Theoretical Edge %: 0.2274% CSM Empiric Edge %: -0.2212%
CSM Error: 0.0062%, Cut Card Error: -0.0038%
CSM Speed: 6498148 hands/sec, Cut Card Speed: 10674979 hands/sec

[901/3456] 
=== Starting Regression Test ===
NUM_ROUNDS:  1000000000
NUM_THREADS: 16
Scenario:    decks=6_ss17=False_das=False_sas=4_don=10-11_reSplitAces=False_hitSplitAces=False_surr=no_peek=True_bj-pays=1.2
============================

Cut Card (Penetration: 75%) Theoretical Edge %: 2.3243% Cut Card Empiric Edge %: -2.3221%
CSM (Penetration: 0.0%) Theoretical Edge %: 2.3043% CSM Empiric Edge %: -2.3067%
CSM Error: -0.0024%, Cut Card Error: 0.0022%
CSM Speed: 3250299 hands/sec, Cut Card Speed: 10716506 hands/sec

[902/3456] 
=== Starting Regression Test ===
NUM_ROUNDS:  1000000000
NUM_THREADS: 16
Scenario:    decks=6_ss17=True_das=False_sas=4_don=Any_reSplitAces=True_hitSplitAces=True_surr=no_peek=True_bj-pays=1.2
============================

Cut Card (Penetration: 75%) Theoretical Edge %: 1.6895% Cut Card Empiric Edge %: -1.6828%
CSM (Penetration: 0.0%) Theoretical Edge %: 1.6695% CSM Empiric Edge %: -1.6668%
CSM Error: 0.0027%, Cut Card Error: 0.0067%
CSM Speed: 3314935 hands/sec, Cut Card Speed: 10736756 hands/sec

[903/3456] 
=== Starting Regression Test ===
NUM_ROUNDS:  1000000000
NUM_THREADS: 16
Scenario:    decks=2_ss17=False_das=False_sas=3_don=9-11_reSplitAces=False_hitSplitAces=True_surr=no_peek=False_bj-pays=1.5
============================

Cut Card (Penetration: 75%) Theoretical Edge %: 0.6769% Cut Card Empiric Edge %: -0.6735%
CSM (Penetration: 0.0%) Theoretical Edge %: 0.6139% CSM Empiric Edge %: -0.6158%
CSM Error: -0.0019%, Cut Card Error: 0.0034%
CSM Speed: 6180164 hands/sec, Cut Card Speed: 10579883 hands/sec

[904/3456] 
=== Starting Regression Test ===
NUM_ROUNDS:  1000000000
NUM_THREADS: 16
Scenario:    decks=6_ss17=False_das=False_sas=4_don=9-11_reSplitAces=True_hitSplitAces=True_surr=2-10_peek=False_bj-pays=1.2
============================

NOTE: surr=2-10 + peek=False — theoretical table may not match implementation; edge assertion skipped.
Cut Card (Penetration: 75%) Theoretical Edge %: 2.0330% Cut Card Empiric Edge %: -1.8853%
CSM (Penetration: 0.0%) Theoretical Edge %: 2.0130% CSM Empiric Edge %: -1.8601%
CSM Error: 0.1529%, Cut Card Error: 0.1477%
CSM Speed: 3258571 hands/sec, Cut Card Speed: 10749105 hands/sec

[905/3456] 
=== Starting Regression Test ===
NUM_ROUNDS:  1000000000
NUM_THREADS: 16
Scenario:    decks=2_ss17=True_das=True_sas=3_don=Any_reSplitAces=False_hitSplitAces=False_surr=2-10_peek=False_bj-pays=1.5
============================

NOTE: surr=2-10 + peek=False — theoretical table may not match implementation; edge assertion skipped.
Cut Card (Penetration: 75%) Theoretical Edge %: 0.3126% Cut Card Empiric Edge %: -0.1677%
CSM (Penetration: 0.0%) Theoretical Edge %: 0.2496% CSM Empiric Edge %: -0.0792%
CSM Error: 0.1704%, Cut Card Error: 0.1449%
CSM Speed: 6615769 hands/sec, Cut Card Speed: 10353146 hands/sec

[906/3456] 
=== Starting Regression Test ===
NUM_ROUNDS:  1000000000
NUM_THREADS: 16
Scenario:    decks=1_ss17=True_das=False_sas=2_don=10-11_reSplitAces=True_hitSplitAces=True_surr=no_peek=False_bj-pays=1.2
============================

Cut Card (Penetration: 75%) Theoretical Edge %: 1.7668% Cut Card Empiric Edge %: -1.7505%
CSM (Penetration: 0.0%) Theoretical Edge %: 1.6538% CSM Empiric Edge %: -1.6567%
CSM Error: -0.0030%, Cut Card Error: 0.0162%
CSM Speed: 8256138 hands/sec, Cut Card Speed: 10712143 hands/sec

[907/3456] 
=== Starting Regression Test ===
NUM_ROUNDS:  1000000000
NUM_THREADS: 16
Scenario:    decks=6_ss17=False_das=False_sas=2_don=10-11_reSplitAces=False_hitSplitAces=False_surr=no_peek=True_bj-pays=1.2
============================

Cut Card (Penetration: 75%) Theoretical Edge %: 2.3574% Cut Card Empiric Edge %: -2.3531%
CSM (Penetration: 0.0%) Theoretical Edge %: 2.3374% CSM Empiric Edge %: -2.3332%
CSM Error: 0.0042%, Cut Card Error: 0.0043%
CSM Speed: 3271159 hands/sec, Cut Card Speed: 10789465 hands/sec

[908/3456] 
=== Starting Regression Test ===
NUM_ROUNDS:  1000000000
NUM_THREADS: 16
Scenario:    decks=6_ss17=True_das=False_sas=4_don=10-11_reSplitAces=False_hitSplitAces=True_surr=2-10_peek=False_bj-pays=1.5
============================

NOTE: surr=2-10 + peek=False — theoretical table may not match implementation; edge assertion skipped.
Cut Card (Penetration: 75%) Theoretical Edge %: 0.5999% Cut Card Empiric Edge %: -0.4368%
CSM (Penetration: 0.0%) Theoretical Edge %: 0.5799% CSM Empiric Edge %: -0.4104%
CSM Error: 0.1695%, Cut Card Error: 0.1630%
CSM Speed: 3242816 hands/sec, Cut Card Speed: 10604679 hands/sec

[909/3456] 
=== Starting Regression Test ===
NUM_ROUNDS:  1000000000
NUM_THREADS: 16
Scenario:    decks=6_ss17=True_das=False_sas=2_don=Any_reSplitAces=False_hitSplitAces=False_surr=no_peek=True_bj-pays=1.2
============================

Cut Card (Penetration: 75%) Theoretical Edge %: 1.9616% Cut Card Empiric Edge %: -1.9581%
CSM (Penetration: 0.0%) Theoretical Edge %: 1.9416% CSM Empiric Edge %: -1.9391%
CSM Error: 0.0025%, Cut Card Error: 0.0034%
CSM Speed: 3399695 hands/sec, Cut Card Speed: 10933742 hands/sec

[910/3456] 
=== Starting Regression Test ===
NUM_ROUNDS:  1000000000
NUM_THREADS: 16
Scenario:    decks=6_ss17=True_das=True_sas=4_don=10-11_reSplitAces=True_hitSplitAces=True_surr=no_peek=True_bj-pays=1.5
============================

Cut Card (Penetration: 75%) Theoretical Edge %: 0.3801% Cut Card Empiric Edge %: -0.3783%
CSM (Penetration: 0.0%) Theoretical Edge %: 0.3601% CSM Empiric Edge %: -0.3601%
CSM Error: 0.0000%, Cut Card Error: 0.0019%
CSM Speed: 3394940 hands/sec, Cut Card Speed: 10899895 hands/sec

[911/3456] 
=== Starting Regression Test ===
NUM_ROUNDS:  1000000000
NUM_THREADS: 16
Scenario:    decks=1_ss17=False_das=True_sas=2_don=Any_reSplitAces=True_hitSplitAces=True_surr=no_peek=False_bj-pays=1.5
============================

Cut Card (Penetration: 75%) Theoretical Edge %: 0.1639% Cut Card Empiric Edge %: -0.1833%
CSM (Penetration: 0.0%) Theoretical Edge %: 0.0509% CSM Empiric Edge %: -0.0485%
CSM Error: 0.0023%, Cut Card Error: -0.0194%
CSM Speed: 8317322 hands/sec, Cut Card Speed: 11207244 hands/sec

[912/3456] 
=== Starting Regression Test ===
NUM_ROUNDS:  1000000000
NUM_THREADS: 16
Scenario:    decks=1_ss17=True_das=False_sas=2_don=10-11_reSplitAces=True_hitSplitAces=True_surr=no_peek=False_bj-pays=1.5
============================

Cut Card (Penetration: 75%) Theoretical Edge %: 0.3720% Cut Card Empiric Edge %: -0.3684%
CSM (Penetration: 0.0%) Theoretical Edge %: 0.2590% CSM Empiric Edge %: -0.2656%
CSM Error: -0.0067%, Cut Card Error: 0.0036%
CSM Speed: 8231943 hands/sec, Cut Card Speed: 10838698 hands/sec

[913/3456] 
=== Starting Regression Test ===
NUM_ROUNDS:  1000000000
NUM_THREADS: 16
Scenario:    decks=2_ss17=False_das=True_sas=4_don=10-11_reSplitAces=True_hitSplitAces=True_surr=yes_peek=True_bj-pays=1.5
============================

NOTE: surr=yes + peek=True — using the available surr=2-10 theoretical edge as a comparison baseline; edge assertion skipped.
Cut Card (Penetration: 75%) Theoretical Edge %: 0.4252% Cut Card Empiric Edge %: -0.4312%
CSM (Penetration: 0.0%) Theoretical Edge %: 0.3622% CSM Empiric Edge %: -0.3620%
CSM Error: 0.0002%, Cut Card Error: -0.0060%
CSM Speed: 6364360 hands/sec, Cut Card Speed: 10614810 hands/sec

[914/3456] 
=== Starting Regression Test ===
NUM_ROUNDS:  1000000000
NUM_THREADS: 16
Scenario:    decks=6_ss17=False_das=False_sas=4_don=10-11_reSplitAces=False_hitSplitAces=True_surr=no_peek=False_bj-pays=1.2
============================

Cut Card (Penetration: 75%) Theoretical Edge %: 2.2641% Cut Card Empiric Edge %: -2.2636%
CSM (Penetration: 0.0%) Theoretical Edge %: 2.2441% CSM Empiric Edge %: -2.2467%
CSM Error: -0.0026%, Cut Card Error: 0.0004%
CSM Speed: 3204142 hands/sec, Cut Card Speed: 10162189 hands/sec

[915/3456] 
=== Starting Regression Test ===
NUM_ROUNDS:  1000000000
NUM_THREADS: 16
Scenario:    decks=1_ss17=False_das=False_sas=2_don=Any_reSplitAces=True_hitSplitAces=True_surr=no_peek=True_bj-pays=1.5
============================

Cut Card (Penetration: 75%) Theoretical Edge %: 0.1904% Cut Card Empiric Edge %: -0.1981%
CSM (Penetration: 0.0%) Theoretical Edge %: 0.0774% CSM Empiric Edge %: -0.0736%
CSM Error: 0.0037%, Cut Card Error: -0.0077%
CSM Speed: 8218683 hands/sec, Cut Card Speed: 11191691 hands/sec

[916/3456] 
=== Starting Regression Test ===
NUM_ROUNDS:  1000000000
NUM_THREADS: 16
Scenario:    decks=2_ss17=True_das=True_sas=3_don=9-11_reSplitAces=False_hitSplitAces=True_surr=2-10_peek=False_bj-pays=1.5
============================

NOTE: surr=2-10 + peek=False — theoretical table may not match implementation; edge assertion skipped.
Cut Card (Penetration: 75%) Theoretical Edge %: 0.2703% Cut Card Empiric Edge %: -0.1226%
CSM (Penetration: 0.0%) Theoretical Edge %: 0.2074% CSM Empiric Edge %: -0.0481%
CSM Error: 0.1592%, Cut Card Error: 0.1477%
CSM Speed: 6309228 hands/sec, Cut Card Speed: 10557990 hands/sec

[917/3456] 
=== Starting Regression Test ===
NUM_ROUNDS:  1000000000
NUM_THREADS: 16
Scenario:    decks=2_ss17=True_das=True_sas=2_don=Any_reSplitAces=True_hitSplitAces=True_surr=no_peek=True_bj-pays=1.5
============================

Cut Card (Penetration: 75%) Theoretical Edge %: 0.1319% Cut Card Empiric Edge %: -0.1305%
CSM (Penetration: 0.0%) Theoretical Edge %: 0.0689% CSM Empiric Edge %: -0.0712%
CSM Error: -0.0022%, Cut Card Error: 0.0014%
CSM Speed: 6623306 hands/sec, Cut Card Speed: 11041062 hands/sec

[918/3456] 
=== Starting Regression Test ===
NUM_ROUNDS:  1000000000
NUM_THREADS: 16
Scenario:    decks=2_ss17=True_das=True_sas=4_don=Any_reSplitAces=False_hitSplitAces=True_surr=2-10_peek=False_bj-pays=1.2
============================

NOTE: surr=2-10 + peek=False — theoretical table may not match implementation; edge assertion skipped.
Cut Card (Penetration: 75%) Theoretical Edge %: 1.5181% Cut Card Empiric Edge %: -1.3619%
CSM (Penetration: 0.0%) Theoretical Edge %: 1.4551% CSM Empiric Edge %: -1.2886%
CSM Error: 0.1665%, Cut Card Error: 0.1562%
CSM Speed: 6451072 hands/sec, Cut Card Speed: 10546854 hands/sec

[919/3456] 
=== Starting Regression Test ===
NUM_ROUNDS:  1000000000
NUM_THREADS: 16
Scenario:    decks=1_ss17=True_das=False_sas=2_don=9-11_reSplitAces=False_hitSplitAces=True_surr=no_peek=True_bj-pays=1.5
============================

Cut Card (Penetration: 75%) Theoretical Edge %: 0.1319% Cut Card Empiric Edge %: -0.1234%
CSM (Penetration: 0.0%) Theoretical Edge %: 0.0189% CSM Empiric Edge %: -0.0134%
CSM Error: 0.0055%, Cut Card Error: 0.0086%
CSM Speed: 8401949 hands/sec, Cut Card Speed: 11176556 hands/sec

[920/3456] 
=== Starting Regression Test ===
NUM_ROUNDS:  1000000000
NUM_THREADS: 16
Scenario:    decks=1_ss17=False_das=True_sas=4_don=Any_reSplitAces=True_hitSplitAces=False_surr=no_peek=True_bj-pays=1.2
============================

Cut Card (Penetration: 75%) Theoretical Edge %: 1.5221% Cut Card Empiric Edge %: -1.5238%
CSM (Penetration: 0.0%) Theoretical Edge %: 1.4091% CSM Empiric Edge %: -1.4062%
CSM Error: 0.0029%, Cut Card Error: -0.0018%
CSM Speed: 8430566 hands/sec, Cut Card Speed: 11230277 hands/sec

[921/3456] 
=== Starting Regression Test ===
NUM_ROUNDS:  1000000000
NUM_THREADS: 16
Scenario:    decks=1_ss17=False_das=True_sas=2_don=10-11_reSplitAces=False_hitSplitAces=False_surr=2-10_peek=False_bj-pays=1.5
============================

NOTE: surr=2-10 + peek=False — theoretical table may not match implementation; edge assertion skipped.
Cut Card (Penetration: 75%) Theoretical Edge %: 0.5614% Cut Card Empiric Edge %: -0.4577%
CSM (Penetration: 0.0%) Theoretical Edge %: 0.4484% CSM Empiric Edge %: -0.2999%
CSM Error: 0.1486%, Cut Card Error: 0.1037%
CSM Speed: 8264668 hands/sec, Cut Card Speed: 10829074 hands/sec

[922/3456] 
=== Starting Regression Test ===
NUM_ROUNDS:  1000000000
NUM_THREADS: 16
Scenario:    decks=1_ss17=False_das=True_sas=3_don=10-11_reSplitAces=True_hitSplitAces=True_surr=no_peek=True_bj-pays=1.5
============================

Cut Card (Penetration: 75%) Theoretical Edge %: 0.3085% Cut Card Empiric Edge %: -0.3050%
CSM (Penetration: 0.0%) Theoretical Edge %: 0.1955% CSM Empiric Edge %: -0.1959%
CSM Error: -0.0004%, Cut Card Error: 0.0035%
CSM Speed: 8080025 hands/sec, Cut Card Speed: 11022199 hands/sec

[923/3456] 
=== Starting Regression Test ===
NUM_ROUNDS:  1000000000
NUM_THREADS: 16
Scenario:    decks=2_ss17=False_das=False_sas=2_don=9-11_reSplitAces=True_hitSplitAces=True_surr=2-10_peek=False_bj-pays=1.5
============================

NOTE: surr=2-10 + peek=False — theoretical table may not match implementation; edge assertion skipped.
Cut Card (Penetration: 75%) Theoretical Edge %: 0.6286% Cut Card Empiric Edge %: -0.4866%
CSM (Penetration: 0.0%) Theoretical Edge %: 0.5655% CSM Empiric Edge %: -0.4151%
CSM Error: 0.1504%, Cut Card Error: 0.1419%
CSM Speed: 6095145 hands/sec, Cut Card Speed: 10587837 hands/sec

[924/3456] 
=== Starting Regression Test ===
NUM_ROUNDS:  1000000000
NUM_THREADS: 16
Scenario:    decks=6_ss17=False_das=True_sas=3_don=9-11_reSplitAces=True_hitSplitAces=False_surr=no_peek=False_bj-pays=1.2
============================

Cut Card (Penetration: 75%) Theoretical Edge %: 2.1709% Cut Card Empiric Edge %: -2.1735%
CSM (Penetration: 0.0%) Theoretical Edge %: 2.1509% CSM Empiric Edge %: -2.1498%
CSM Error: 0.0010%, Cut Card Error: -0.0027%
CSM Speed: 3303263 hands/sec, Cut Card Speed: 10236672 hands/sec

[925/3456] 
=== Starting Regression Test ===
NUM_ROUNDS:  1000000000
NUM_THREADS: 16
Scenario:    decks=6_ss17=True_das=True_sas=2_don=10-11_reSplitAces=False_hitSplitAces=False_surr=2-10_peek=False_bj-pays=1.2
============================

NOTE: surr=2-10 + peek=False — theoretical table may not match implementation; edge assertion skipped.
Cut Card (Penetration: 75%) Theoretical Edge %: 2.0595% Cut Card Empiric Edge %: -1.8949%
CSM (Penetration: 0.0%) Theoretical Edge %: 2.0395% CSM Empiric Edge %: -1.8718%
CSM Error: 0.1677%, Cut Card Error: 0.1646%
CSM Speed: 3347639 hands/sec, Cut Card Speed: 10341689 hands/sec

[926/3456] 
=== Starting Regression Test ===
NUM_ROUNDS:  1000000000
NUM_THREADS: 16
Scenario:    decks=2_ss17=False_das=True_sas=2_don=10-11_reSplitAces=True_hitSplitAces=True_surr=no_peek=False_bj-pays=1.2
============================

Cut Card (Penetration: 75%) Theoretical Edge %: 2.0670% Cut Card Empiric Edge %: -2.0619%
CSM (Penetration: 0.0%) Theoretical Edge %: 2.0040% CSM Empiric Edge %: -2.0084%
CSM Error: -0.0044%, Cut Card Error: 0.0051%
CSM Speed: 6134555 hands/sec, Cut Card Speed: 10670195 hands/sec

[927/3456] 
=== Starting Regression Test ===
NUM_ROUNDS:  1000000000
NUM_THREADS: 16
Scenario:    decks=6_ss17=False_das=False_sas=2_don=10-11_reSplitAces=False_hitSplitAces=True_surr=no_peek=False_bj-pays=1.2
============================

Cut Card (Penetration: 75%) Theoretical Edge %: 2.2961% Cut Card Empiric Edge %: -2.2973%
CSM (Penetration: 0.0%) Theoretical Edge %: 2.2761% CSM Empiric Edge %: -2.2761%
CSM Error: -0.0000%, Cut Card Error: -0.0013%
CSM Speed: 3237367 hands/sec, Cut Card Speed: 10625412 hands/sec

[928/3456] 
=== Starting Regression Test ===
NUM_ROUNDS:  1000000000
NUM_THREADS: 16
Scenario:    decks=1_ss17=True_das=False_sas=4_don=9-11_reSplitAces=False_hitSplitAces=False_surr=no_peek=False_bj-pays=1.2
============================

Cut Card (Penetration: 75%) Theoretical Edge %: 1.7468% Cut Card Empiric Edge %: -1.7371%
CSM (Penetration: 0.0%) Theoretical Edge %: 1.6338% CSM Empiric Edge %: -1.6285%
CSM Error: 0.0053%, Cut Card Error: 0.0097%
CSM Speed: 8162865 hands/sec, Cut Card Speed: 10728348 hands/sec

[929/3456] 
=== Starting Regression Test ===
NUM_ROUNDS:  1000000000
NUM_THREADS: 16
Scenario:    decks=2_ss17=True_das=True_sas=2_don=Any_reSplitAces=False_hitSplitAces=False_surr=no_peek=False_bj-pays=1.5
============================

Cut Card (Penetration: 75%) Theoretical Edge %: 0.4058% Cut Card Empiric Edge %: -0.4075%
CSM (Penetration: 0.0%) Theoretical Edge %: 0.3428% CSM Empiric Edge %: -0.3394%
CSM Error: 0.0034%, Cut Card Error: -0.0018%
CSM Speed: 6268335 hands/sec, Cut Card Speed: 10946428 hands/sec

[930/3456] 
=== Starting Regression Test ===
NUM_ROUNDS:  1000000000
NUM_THREADS: 16
Scenario:    decks=6_ss17=True_das=True_sas=4_don=9-11_reSplitAces=False_hitSplitAces=False_surr=no_peek=False_bj-pays=1.5
============================

Cut Card (Penetration: 75%) Theoretical Edge %: 0.6334% Cut Card Empiric Edge %: -0.6353%
CSM (Penetration: 0.0%) Theoretical Edge %: 0.6134% CSM Empiric Edge %: -0.6087%
CSM Error: 0.0047%, Cut Card Error: -0.0019%
CSM Speed: 3251388 hands/sec, Cut Card Speed: 10664960 hands/sec

[931/3456] 
=== Starting Regression Test ===
NUM_ROUNDS:  1000000000
NUM_THREADS: 16
Scenario:    decks=1_ss17=True_das=True_sas=3_don=Any_reSplitAces=True_hitSplitAces=False_surr=no_peek=True_bj-pays=1.5
============================

Cut Card (Penetration: 75%) Theoretical Edge %: -0.0597% Cut Card Empiric Edge %: 0.0548%
CSM (Penetration: 0.0%) Theoretical Edge %: -0.1727% CSM Empiric Edge %: 0.1758%
CSM Error: 0.0030%, Cut Card Error: -0.0050%
CSM Speed: 8184311 hands/sec, Cut Card Speed: 10749683 hands/sec

[932/3456] 
=== Starting Regression Test ===
NUM_ROUNDS:  1000000000
NUM_THREADS: 16
Scenario:    decks=1_ss17=True_das=True_sas=3_don=10-11_reSplitAces=False_hitSplitAces=True_surr=yes_peek=True_bj-pays=1.2
============================

NOTE: surr=yes + peek=True — using the available surr=2-10 theoretical edge as a comparison baseline; edge assertion skipped.
Cut Card (Penetration: 75%) Theoretical Edge %: 1.5050% Cut Card Empiric Edge %: -1.5028%
CSM (Penetration: 0.0%) Theoretical Edge %: 1.3920% CSM Empiric Edge %: -1.3889%
CSM Error: 0.0031%, Cut Card Error: 0.0022%
CSM Speed: 8133652 hands/sec, Cut Card Speed: 10769131 hands/sec

[933/3456] 
=== Starting Regression Test ===
NUM_ROUNDS:  1000000000
NUM_THREADS: 16
Scenario:    decks=6_ss17=True_das=True_sas=2_don=Any_reSplitAces=True_hitSplitAces=False_surr=no_peek=True_bj-pays=1.5
============================

Cut Card (Penetration: 75%) Theoretical Edge %: 0.4800% Cut Card Empiric Edge %: -0.4797%
CSM (Penetration: 0.0%) Theoretical Edge %: 0.4600% CSM Empiric Edge %: -0.4607%
CSM Error: -0.0007%, Cut Card Error: 0.0002%
CSM Speed: 3329194 hands/sec, Cut Card Speed: 11341726 hands/sec

[934/3456] 
=== Starting Regression Test ===
NUM_ROUNDS:  1000000000
NUM_THREADS: 16
Scenario:    decks=6_ss17=False_das=True_sas=3_don=9-11_reSplitAces=False_hitSplitAces=True_surr=no_peek=True_bj-pays=1.2
============================

Cut Card (Penetration: 75%) Theoretical Edge %: 1.9356% Cut Card Empiric Edge %: -1.9363%
CSM (Penetration: 0.0%) Theoretical Edge %: 1.9156% CSM Empiric Edge %: -1.9143%
CSM Error: 0.0012%, Cut Card Error: -0.0008%
CSM Speed: 3366221 hands/sec, Cut Card Speed: 10551083 hands/sec

[935/3456] 
=== Starting Regression Test ===
NUM_ROUNDS:  1000000000
NUM_THREADS: 16
Scenario:    decks=2_ss17=True_das=False_sas=4_don=Any_reSplitAces=True_hitSplitAces=False_surr=no_peek=False_bj-pays=1.2
============================

Cut Card (Penetration: 75%) Theoretical Edge %: 1.8266% Cut Card Empiric Edge %: -1.8184%
CSM (Penetration: 0.0%) Theoretical Edge %: 1.7636% CSM Empiric Edge %: -1.7642%
CSM Error: -0.0006%, Cut Card Error: 0.0081%
CSM Speed: 6494097 hands/sec, Cut Card Speed: 11182305 hands/sec

[936/3456] 
=== Starting Regression Test ===
NUM_ROUNDS:  1000000000
NUM_THREADS: 16
Scenario:    decks=6_ss17=True_das=False_sas=4_don=10-11_reSplitAces=False_hitSplitAces=True_surr=no_peek=True_bj-pays=1.2
============================

Cut Card (Penetration: 75%) Theoretical Edge %: 1.9206% Cut Card Empiric Edge %: -1.9207%
CSM (Penetration: 0.0%) Theoretical Edge %: 1.9006% CSM Empiric Edge %: -1.9016%
CSM Error: -0.0009%, Cut Card Error: -0.0001%
CSM Speed: 3329482 hands/sec, Cut Card Speed: 10907742 hands/sec

[937/3456] 
=== Starting Regression Test ===
NUM_ROUNDS:  1000000000
NUM_THREADS: 16
Scenario:    decks=1_ss17=True_das=False_sas=4_don=Any_reSplitAces=False_hitSplitAces=False_surr=no_peek=True_bj-pays=1.5
============================

Cut Card (Penetration: 75%) Theoretical Edge %: 0.1101% Cut Card Empiric Edge %: -0.1183%
CSM (Penetration: 0.0%) Theoretical Edge %: -0.0029% CSM Empiric Edge %: 0.0092%
CSM Error: 0.0063%, Cut Card Error: -0.0082%
CSM Speed: 8448729 hands/sec, Cut Card Speed: 11223974 hands/sec

[938/3456] 
=== Starting Regression Test ===
NUM_ROUNDS:  1000000000
NUM_THREADS: 16
Scenario:    decks=1_ss17=False_das=True_sas=3_don=9-11_reSplitAces=False_hitSplitAces=True_surr=2-10_peek=False_bj-pays=1.5
============================

NOTE: surr=2-10 + peek=False — theoretical table may not match implementation; edge assertion skipped.
Cut Card (Penetration: 75%) Theoretical Edge %: 0.2623% Cut Card Empiric Edge %: -0.1589%
CSM (Penetration: 0.0%) Theoretical Edge %: 0.1493% CSM Empiric Edge %: -0.0072%
CSM Error: 0.1421%, Cut Card Error: 0.1035%
CSM Speed: 8320229 hands/sec, Cut Card Speed: 10696560 hands/sec

[939/3456] 
=== Starting Regression Test ===
NUM_ROUNDS:  1000000000
NUM_THREADS: 16
Scenario:    decks=2_ss17=False_das=True_sas=3_don=10-11_reSplitAces=True_hitSplitAces=False_surr=no_peek=False_bj-pays=1.2
============================

Cut Card (Penetration: 75%) Theoretical Edge %: 2.1405% Cut Card Empiric Edge %: -2.1329%
CSM (Penetration: 0.0%) Theoretical Edge %: 2.0775% CSM Empiric Edge %: -2.0755%
CSM Error: 0.0020%, Cut Card Error: 0.0076%
CSM Speed: 6380237 hands/sec, Cut Card Speed: 10639996 hands/sec

[940/3456] 
=== Starting Regression Test ===
NUM_ROUNDS:  1000000000
NUM_THREADS: 16
Scenario:    decks=6_ss17=False_das=False_sas=3_don=9-11_reSplitAces=True_hitSplitAces=False_surr=yes_peek=True_bj-pays=1.5
============================

NOTE: surr=yes + peek=True — using the available surr=2-10 theoretical edge as a comparison baseline; edge assertion skipped.
Cut Card (Penetration: 75%) Theoretical Edge %: 0.7416% Cut Card Empiric Edge %: -0.7394%
CSM (Penetration: 0.0%) Theoretical Edge %: 0.7216% CSM Empiric Edge %: -0.7199%
CSM Error: 0.0017%, Cut Card Error: 0.0022%
CSM Speed: 3368546 hands/sec, Cut Card Speed: 10921323 hands/sec

[941/3456] 
=== Starting Regression Test ===
NUM_ROUNDS:  1000000000
NUM_THREADS: 16
Scenario:    decks=6_ss17=False_das=True_sas=2_don=9-11_reSplitAces=False_hitSplitAces=False_surr=yes_peek=True_bj-pays=1.5
============================

NOTE: surr=yes + peek=True — using the available surr=2-10 theoretical edge as a comparison baseline; edge assertion skipped.
Cut Card (Penetration: 75%) Theoretical Edge %: 0.7086% Cut Card Empiric Edge %: -0.7138%
CSM (Penetration: 0.0%) Theoretical Edge %: 0.6886% CSM Empiric Edge %: -0.6912%
CSM Error: -0.0026%, Cut Card Error: -0.0052%
CSM Speed: 3384186 hands/sec, Cut Card Speed: 10724551 hands/sec

[942/3456] 
=== Starting Regression Test ===
NUM_ROUNDS:  1000000000
NUM_THREADS: 16
Scenario:    decks=1_ss17=False_das=True_sas=3_don=Any_reSplitAces=True_hitSplitAces=False_surr=yes_peek=True_bj-pays=1.5
============================

NOTE: surr=yes + peek=True — using the available surr=2-10 theoretical edge as a comparison baseline; edge assertion skipped.
Cut Card (Penetration: 75%) Theoretical Edge %: 0.0930% Cut Card Empiric Edge %: -0.1192%
CSM (Penetration: 0.0%) Theoretical Edge %: -0.0200% CSM Empiric Edge %: 0.0215%
CSM Error: 0.0015%, Cut Card Error: -0.0262%
CSM Speed: 8407035 hands/sec, Cut Card Speed: 11108519 hands/sec

[943/3456] 
=== Starting Regression Test ===
NUM_ROUNDS:  1000000000
NUM_THREADS: 16
Scenario:    decks=6_ss17=False_das=True_sas=2_don=Any_reSplitAces=False_hitSplitAces=False_surr=no_peek=False_bj-pays=1.2
============================

Cut Card (Penetration: 75%) Theoretical Edge %: 2.1618% Cut Card Empiric Edge %: -2.1592%
CSM (Penetration: 0.0%) Theoretical Edge %: 2.1418% CSM Empiric Edge %: -2.1425%
CSM Error: -0.0006%, Cut Card Error: 0.0026%
CSM Speed: 3454029 hands/sec, Cut Card Speed: 11474338 hands/sec

[944/3456] 
=== Starting Regression Test ===
NUM_ROUNDS:  1000000000
NUM_THREADS: 16
Scenario:    decks=1_ss17=True_das=True_sas=4_don=Any_reSplitAces=False_hitSplitAces=True_surr=yes_peek=True_bj-pays=1.2
============================

NOTE: surr=yes + peek=True — using the available surr=2-10 theoretical edge as a comparison baseline; edge assertion skipped.
Cut Card (Penetration: 75%) Theoretical Edge %: 1.2004% Cut Card Empiric Edge %: -1.2117%
CSM (Penetration: 0.0%) Theoretical Edge %: 1.0874% CSM Empiric Edge %: -1.0885%
CSM Error: -0.0011%, Cut Card Error: -0.0112%
CSM Speed: 8557907 hands/sec, Cut Card Speed: 11932320 hands/sec

[945/3456] 
=== Starting Regression Test ===
NUM_ROUNDS:  1000000000
NUM_THREADS: 16
Scenario:    decks=1_ss17=True_das=False_sas=2_don=9-11_reSplitAces=False_hitSplitAces=True_surr=2-10_peek=False_bj-pays=1.2
============================

NOTE: surr=2-10 + peek=False — theoretical table may not match implementation; edge assertion skipped.
Cut Card (Penetration: 75%) Theoretical Edge %: 1.6111% Cut Card Empiric Edge %: -1.4766%
CSM (Penetration: 0.0%) Theoretical Edge %: 1.4981% CSM Empiric Edge %: -1.3449%
CSM Error: 0.1532%, Cut Card Error: 0.1345%
CSM Speed: 8472494 hands/sec, Cut Card Speed: 10792609 hands/sec

[946/3456] 
=== Starting Regression Test ===
NUM_ROUNDS:  1000000000
NUM_THREADS: 16
Scenario:    decks=1_ss17=True_das=False_sas=2_don=9-11_reSplitAces=False_hitSplitAces=False_surr=yes_peek=True_bj-pays=1.5
============================

NOTE: surr=yes + peek=True — using the available surr=2-10 theoretical edge as a comparison baseline; edge assertion skipped.
Cut Card (Penetration: 75%) Theoretical Edge %: 0.2413% Cut Card Empiric Edge %: -0.2541%
CSM (Penetration: 0.0%) Theoretical Edge %: 0.1283% CSM Empiric Edge %: -0.1334%
CSM Error: -0.0051%, Cut Card Error: -0.0128%
CSM Speed: 8831348 hands/sec, Cut Card Speed: 10811512 hands/sec

[947/3456] 
=== Starting Regression Test ===
NUM_ROUNDS:  1000000000
NUM_THREADS: 16
Scenario:    decks=1_ss17=True_das=True_sas=2_don=10-11_reSplitAces=True_hitSplitAces=False_surr=2-10_peek=False_bj-pays=1.2
============================

NOTE: surr=2-10 + peek=False — theoretical table may not match implementation; edge assertion skipped.
Cut Card (Penetration: 75%) Theoretical Edge %: 1.7673% Cut Card Empiric Edge %: -1.6308%
CSM (Penetration: 0.0%) Theoretical Edge %: 1.6543% CSM Empiric Edge %: -1.5044%
CSM Error: 0.1500%, Cut Card Error: 0.1365%
CSM Speed: 8160667 hands/sec, Cut Card Speed: 11158224 hands/sec

[948/3456] 
=== Starting Regression Test ===
NUM_ROUNDS:  1000000000
NUM_THREADS: 16
Scenario:    decks=2_ss17=False_das=True_sas=2_don=10-11_reSplitAces=True_hitSplitAces=False_surr=yes_peek=True_bj-pays=1.5
============================

NOTE: surr=yes + peek=True — using the available surr=2-10 theoretical edge as a comparison baseline; edge assertion skipped.
Cut Card (Penetration: 75%) Theoretical Edge %: 0.6689% Cut Card Empiric Edge %: -0.6718%
CSM (Penetration: 0.0%) Theoretical Edge %: 0.6059% CSM Empiric Edge %: -0.6092%
CSM Error: -0.0034%, Cut Card Error: -0.0029%
CSM Speed: 6774563 hands/sec, Cut Card Speed: 11504832 hands/sec

[949/3456] 
=== Starting Regression Test ===
NUM_ROUNDS:  1000000000
NUM_THREADS: 16
Scenario:    decks=1_ss17=False_das=True_sas=3_don=Any_reSplitAces=True_hitSplitAces=True_surr=no_peek=False_bj-pays=1.5
============================

Cut Card (Penetration: 75%) Theoretical Edge %: 0.1120% Cut Card Empiric Edge %: -0.1281%
CSM (Penetration: 0.0%) Theoretical Edge %: -0.0010% CSM Empiric Edge %: 0.0022%
CSM Error: 0.0012%, Cut Card Error: -0.0161%
CSM Speed: 8778398 hands/sec, Cut Card Speed: 11042525 hands/sec

[950/3456] 
=== Starting Regression Test ===
NUM_ROUNDS:  1000000000
NUM_THREADS: 16
Scenario:    decks=6_ss17=True_das=True_sas=2_don=10-11_reSplitAces=True_hitSplitAces=True_surr=no_peek=True_bj-pays=1.5
============================

Cut Card (Penetration: 75%) Theoretical Edge %: 0.4889% Cut Card Empiric Edge %: -0.4872%
CSM (Penetration: 0.0%) Theoretical Edge %: 0.4689% CSM Empiric Edge %: -0.4707%
CSM Error: -0.0019%, Cut Card Error: 0.0017%
CSM Speed: 3558808 hands/sec, Cut Card Speed: 11042525 hands/sec

[951/3456] 
=== Starting Regression Test ===
NUM_ROUNDS:  1000000000
NUM_THREADS: 16
Scenario:    decks=6_ss17=False_das=False_sas=3_don=9-11_reSplitAces=True_hitSplitAces=True_surr=2-10_peek=False_bj-pays=1.5
============================

NOTE: surr=2-10 + peek=False — theoretical table may not match implementation; edge assertion skipped.
Cut Card (Penetration: 75%) Theoretical Edge %: 0.6865% Cut Card Empiric Edge %: -0.5383%
CSM (Penetration: 0.0%) Theoretical Edge %: 0.6665% CSM Empiric Edge %: -0.5139%
CSM Error: 0.1526%, Cut Card Error: 0.1482%
CSM Speed: 3429026 hands/sec, Cut Card Speed: 10664847 hands/sec

[952/3456] 
=== Starting Regression Test ===
NUM_ROUNDS:  1000000000
NUM_THREADS: 16
Scenario:    decks=6_ss17=True_das=False_sas=2_don=Any_reSplitAces=False_hitSplitAces=False_surr=yes_peek=True_bj-pays=1.5
============================

NOTE: surr=yes + peek=True — using the available surr=2-10 theoretical edge as a comparison baseline; edge assertion skipped.
Cut Card (Penetration: 75%) Theoretical Edge %: 0.5293% Cut Card Empiric Edge %: -0.5314%
CSM (Penetration: 0.0%) Theoretical Edge %: 0.5093% CSM Empiric Edge %: -0.5119%
CSM Error: -0.0026%, Cut Card Error: -0.0021%
CSM Speed: 3604409 hands/sec, Cut Card Speed: 11012973 hands/sec

[953/3456] 
=== Starting Regression Test ===
NUM_ROUNDS:  1000000000
NUM_THREADS: 16
Scenario:    decks=2_ss17=True_das=False_sas=4_don=9-11_reSplitAces=False_hitSplitAces=True_surr=yes_peek=True_bj-pays=1.2
============================

NOTE: surr=yes + peek=True — using the available surr=2-10 theoretical edge as a comparison baseline; edge assertion skipped.
Cut Card (Penetration: 75%) Theoretical Edge %: 1.6646% Cut Card Empiric Edge %: -1.6591%
CSM (Penetration: 0.0%) Theoretical Edge %: 1.6016% CSM Empiric Edge %: -1.6033%
CSM Error: -0.0017%, Cut Card Error: 0.0055%
CSM Speed: 6729928 hands/sec, Cut Card Speed: 10895145 hands/sec

[954/3456] 
=== Starting Regression Test ===
NUM_ROUNDS:  1000000000
NUM_THREADS: 16
Scenario:    decks=1_ss17=True_das=False_sas=3_don=10-11_reSplitAces=False_hitSplitAces=False_surr=no_peek=False_bj-pays=1.2
============================

Cut Card (Penetration: 75%) Theoretical Edge %: 1.8798% Cut Card Empiric Edge %: -1.8663%
CSM (Penetration: 0.0%) Theoretical Edge %: 1.7668% CSM Empiric Edge %: -1.7728%
CSM Error: -0.0060%, Cut Card Error: 0.0135%
CSM Speed: 8385885 hands/sec, Cut Card Speed: 11129908 hands/sec

[955/3456] 
=== Starting Regression Test ===
NUM_ROUNDS:  1000000000
NUM_THREADS: 16
Scenario:    decks=1_ss17=True_das=False_sas=4_don=Any_reSplitAces=True_hitSplitAces=True_surr=no_peek=True_bj-pays=1.2
============================

Cut Card (Penetration: 75%) Theoretical Edge %: 1.3472% Cut Card Empiric Edge %: -1.3404%
CSM (Penetration: 0.0%) Theoretical Edge %: 1.2342% CSM Empiric Edge %: -1.2321%
CSM Error: 0.0021%, Cut Card Error: 0.0068%
CSM Speed: 8806848 hands/sec, Cut Card Speed: 11107655 hands/sec

[956/3456] 
=== Starting Regression Test ===
NUM_ROUNDS:  1000000000
NUM_THREADS: 16
Scenario:    decks=2_ss17=True_das=False_sas=4_don=10-11_reSplitAces=False_hitSplitAces=False_surr=no_peek=False_bj-pays=1.5
============================

Cut Card (Penetration: 75%) Theoretical Edge %: 0.7099% Cut Card Empiric Edge %: -0.7084%
CSM (Penetration: 0.0%) Theoretical Edge %: 0.6469% CSM Empiric Edge %: -0.6559%
CSM Error: -0.0090%, Cut Card Error: 0.0015%
CSM Speed: 6783432 hands/sec, Cut Card Speed: 10473836 hands/sec

[957/3456] 
=== Starting Regression Test ===
NUM_ROUNDS:  1000000000
NUM_THREADS: 16
Scenario:    decks=2_ss17=False_das=True_sas=2_don=Any_reSplitAces=True_hitSplitAces=False_surr=yes_peek=True_bj-pays=1.5
============================

NOTE: surr=yes + peek=True — using the available surr=2-10 theoretical edge as a comparison baseline; edge assertion skipped.
Cut Card (Penetration: 75%) Theoretical Edge %: 0.4353% Cut Card Empiric Edge %: -0.4413%
CSM (Penetration: 0.0%) Theoretical Edge %: 0.3723% CSM Empiric Edge %: -0.3663%
CSM Error: 0.0060%, Cut Card Error: -0.0060%
CSM Speed: 7024198 hands/sec, Cut Card Speed: 11119018 hands/sec

[958/3456] 
=== Starting Regression Test ===
NUM_ROUNDS:  1000000000
NUM_THREADS: 16
Scenario:    decks=1_ss17=False_das=False_sas=4_don=9-11_reSplitAces=False_hitSplitAces=False_surr=no_peek=False_bj-pays=1.2
============================

Cut Card (Penetration: 75%) Theoretical Edge %: 1.9553% Cut Card Empiric Edge %: -1.9545%
CSM (Penetration: 0.0%) Theoretical Edge %: 1.8423% CSM Empiric Edge %: -1.8430%
CSM Error: -0.0008%, Cut Card Error: 0.0008%
CSM Speed: 8619575 hands/sec, Cut Card Speed: 11383298 hands/sec

[959/3456] 
=== Starting Regression Test ===
NUM_ROUNDS:  1000000000
NUM_THREADS: 16
Scenario:    decks=6_ss17=True_das=False_sas=3_don=10-11_reSplitAces=True_hitSplitAces=False_surr=yes_peek=True_bj-pays=1.2
============================

NOTE: surr=yes + peek=True — using the available surr=2-10 theoretical edge as a comparison baseline; edge assertion skipped.
Cut Card (Penetration: 75%) Theoretical Edge %: 1.9763% Cut Card Empiric Edge %: -1.9742%
CSM (Penetration: 0.0%) Theoretical Edge %: 1.9563% CSM Empiric Edge %: -1.9556%
CSM Error: 0.0007%, Cut Card Error: 0.0021%
CSM Speed: 3490706 hands/sec, Cut Card Speed: 11237723 hands/sec

[960/3456] 
=== Starting Regression Test ===
NUM_ROUNDS:  1000000000
NUM_THREADS: 16
Scenario:    decks=1_ss17=False_das=False_sas=2_don=9-11_reSplitAces=False_hitSplitAces=False_surr=2-10_peek=False_bj-pays=1.5
============================

NOTE: surr=2-10 + peek=False — theoretical table may not match implementation; edge assertion skipped.
Cut Card (Penetration: 75%) Theoretical Edge %: 0.5369% Cut Card Empiric Edge %: -0.4327%
CSM (Penetration: 0.0%) Theoretical Edge %: 0.4239% CSM Empiric Edge %: -0.2807%
CSM Error: 0.1432%, Cut Card Error: 0.1042%
CSM Speed: 8411844 hands/sec, Cut Card Speed: 11050334 hands/sec

[961/3456] 
=== Starting Regression Test ===
NUM_ROUNDS:  1000000000
NUM_THREADS: 16
Scenario:    decks=2_ss17=True_das=True_sas=2_don=9-11_reSplitAces=True_hitSplitAces=True_surr=yes_peek=True_bj-pays=1.2
============================

NOTE: surr=yes + peek=True — using the available surr=2-10 theoretical edge as a comparison baseline; edge assertion skipped.
Cut Card (Penetration: 75%) Theoretical Edge %: 1.5736% Cut Card Empiric Edge %: -1.5736%
CSM (Penetration: 0.0%) Theoretical Edge %: 1.5106% CSM Empiric Edge %: -1.5117%
CSM Error: -0.0011%, Cut Card Error: -0.0000%
CSM Speed: 6839103 hands/sec, Cut Card Speed: 11779673 hands/sec

[962/3456] 
=== Starting Regression Test ===
NUM_ROUNDS:  1000000000
NUM_THREADS: 16
Scenario:    decks=1_ss17=True_das=False_sas=4_don=Any_reSplitAces=True_hitSplitAces=True_surr=no_peek=True_bj-pays=1.5
============================

Cut Card (Penetration: 75%) Theoretical Edge %: -0.0476% Cut Card Empiric Edge %: 0.0451%
CSM (Penetration: 0.0%) Theoretical Edge %: -0.1606% CSM Empiric Edge %: 0.1580%
CSM Error: -0.0026%, Cut Card Error: -0.0025%
CSM Speed: 8909003 hands/sec, Cut Card Speed: 11843851 hands/sec

[963/3456] 
=== Starting Regression Test ===
NUM_ROUNDS:  1000000000
NUM_THREADS: 16
Scenario:    decks=1_ss17=True_das=True_sas=2_don=10-11_reSplitAces=False_hitSplitAces=False_surr=yes_peek=True_bj-pays=1.5
============================

NOTE: surr=yes + peek=True — using the available surr=2-10 theoretical edge as a comparison baseline; edge assertion skipped.
Cut Card (Penetration: 75%) Theoretical Edge %: 0.2674% Cut Card Empiric Edge %: -0.2820%
CSM (Penetration: 0.0%) Theoretical Edge %: 0.1544% CSM Empiric Edge %: -0.1591%
CSM Error: -0.0047%, Cut Card Error: -0.0146%
CSM Speed: 8693082 hands/sec, Cut Card Speed: 11489103 hands/sec

[964/3456] 
=== Starting Regression Test ===
NUM_ROUNDS:  1000000000
NUM_THREADS: 16
Scenario:    decks=1_ss17=True_das=True_sas=3_don=Any_reSplitAces=True_hitSplitAces=True_surr=no_peek=True_bj-pays=1.5
============================

Cut Card (Penetration: 75%) Theoretical Edge %: -0.1959% Cut Card Empiric Edge %: 0.1916%
CSM (Penetration: 0.0%) Theoretical Edge %: -0.3089% CSM Empiric Edge %: 0.3069%
CSM Error: -0.0020%, Cut Card Error: -0.0043%
CSM Speed: 8893395 hands/sec, Cut Card Speed: 11917105 hands/sec

[965/3456] 
=== Starting Regression Test ===
NUM_ROUNDS:  1000000000
NUM_THREADS: 16
Scenario:    decks=2_ss17=True_das=False_sas=3_don=10-11_reSplitAces=False_hitSplitAces=True_surr=no_peek=True_bj-pays=1.5
============================

Cut Card (Penetration: 75%) Theoretical Edge %: 0.4478% Cut Card Empiric Edge %: -0.4351%
CSM (Penetration: 0.0%) Theoretical Edge %: 0.3848% CSM Empiric Edge %: -0.3819%
CSM Error: 0.0029%, Cut Card Error: 0.0127%
CSM Speed: 6720746 hands/sec, Cut Card Speed: 11445707 hands/sec

[966/3456] 
=== Starting Regression Test ===
NUM_ROUNDS:  1000000000
NUM_THREADS: 16
Scenario:    decks=1_ss17=False_das=False_sas=2_don=10-11_reSplitAces=False_hitSplitAces=True_surr=no_peek=True_bj-pays=1.5
============================

Cut Card (Penetration: 75%) Theoretical Edge %: 0.4667% Cut Card Empiric Edge %: -0.4603%
CSM (Penetration: 0.0%) Theoretical Edge %: 0.3537% CSM Empiric Edge %: -0.3499%
CSM Error: 0.0038%, Cut Card Error: 0.0064%
CSM Speed: 9169685 hands/sec, Cut Card Speed: 11714677 hands/sec

[967/3456] 
=== Starting Regression Test ===
NUM_ROUNDS:  1000000000
NUM_THREADS: 16
Scenario:    decks=1_ss17=True_das=True_sas=4_don=10-11_reSplitAces=True_hitSplitAces=True_surr=2-10_peek=False_bj-pays=1.2
============================

NOTE: surr=2-10 + peek=False — theoretical table may not match implementation; edge assertion skipped.
Cut Card (Penetration: 75%) Theoretical Edge %: 1.5868% Cut Card Empiric Edge %: -1.4532%
CSM (Penetration: 0.0%) Theoretical Edge %: 1.4737% CSM Empiric Edge %: -1.3182%
CSM Error: 0.1556%, Cut Card Error: 0.1335%
CSM Speed: 8538762 hands/sec, Cut Card Speed: 10693929 hands/sec

[968/3456] 
=== Starting Regression Test ===
NUM_ROUNDS:  1000000000
NUM_THREADS: 16
Scenario:    decks=1_ss17=False_das=True_sas=4_don=10-11_reSplitAces=True_hitSplitAces=True_surr=yes_peek=True_bj-pays=1.5
============================

NOTE: surr=yes + peek=True — using the available surr=2-10 theoretical edge as a comparison baseline; edge assertion skipped.
Cut Card (Penetration: 75%) Theoretical Edge %: 0.2673% Cut Card Empiric Edge %: -0.2829%
CSM (Penetration: 0.0%) Theoretical Edge %: 0.1543% CSM Empiric Edge %: -0.1624%
CSM Error: -0.0081%, Cut Card Error: -0.0155%
CSM Speed: 8749672 hands/sec, Cut Card Speed: 11199839 hands/sec

[969/3456] 
=== Starting Regression Test ===
NUM_ROUNDS:  1000000000
NUM_THREADS: 16
Scenario:    decks=1_ss17=True_das=False_sas=4_don=9-11_reSplitAces=False_hitSplitAces=False_surr=no_peek=False_bj-pays=1.5
============================

Cut Card (Penetration: 75%) Theoretical Edge %: 0.3520% Cut Card Empiric Edge %: -0.3598%
CSM (Penetration: 0.0%) Theoretical Edge %: 0.2390% CSM Empiric Edge %: -0.2432%
CSM Error: -0.0042%, Cut Card Error: -0.0078%
CSM Speed: 8861399 hands/sec, Cut Card Speed: 11480002 hands/sec

[970/3456] 
=== Starting Regression Test ===
NUM_ROUNDS:  1000000000
NUM_THREADS: 16
Scenario:    decks=6_ss17=False_das=True_sas=2_don=10-11_reSplitAces=True_hitSplitAces=True_surr=yes_peek=True_bj-pays=1.5
============================

NOTE: surr=yes + peek=True — using the available surr=2-10 theoretical edge as a comparison baseline; edge assertion skipped.
Cut Card (Penetration: 75%) Theoretical Edge %: 0.6243% Cut Card Empiric Edge %: -0.6280%
CSM (Penetration: 0.0%) Theoretical Edge %: 0.6043% CSM Empiric Edge %: -0.6095%
CSM Error: -0.0053%, Cut Card Error: -0.0037%
CSM Speed: 3595751 hands/sec, Cut Card Speed: 10933981 hands/sec

[971/3456] 
=== Starting Regression Test ===
NUM_ROUNDS:  1000000000
NUM_THREADS: 16
Scenario:    decks=6_ss17=True_das=True_sas=3_don=9-11_reSplitAces=False_hitSplitAces=False_surr=2-10_peek=False_bj-pays=1.2
============================

NOTE: surr=2-10 + peek=False — theoretical table may not match implementation; edge assertion skipped.
Cut Card (Penetration: 75%) Theoretical Edge %: 1.9224% Cut Card Empiric Edge %: -1.7534%
CSM (Penetration: 0.0%) Theoretical Edge %: 1.9023% CSM Empiric Edge %: -1.7306%
CSM Error: 0.1718%, Cut Card Error: 0.1689%
CSM Speed: 3565545 hands/sec, Cut Card Speed: 11103832 hands/sec

[972/3456] 
=== Starting Regression Test ===
NUM_ROUNDS:  1000000000
NUM_THREADS: 16
Scenario:    decks=2_ss17=False_das=True_sas=2_don=9-11_reSplitAces=False_hitSplitAces=False_surr=no_peek=False_bj-pays=1.5
============================

Cut Card (Penetration: 75%) Theoretical Edge %: 0.7338% Cut Card Empiric Edge %: -0.7321%
CSM (Penetration: 0.0%) Theoretical Edge %: 0.6708% CSM Empiric Edge %: -0.6641%
CSM Error: 0.0067%, Cut Card Error: 0.0017%
CSM Speed: 6773416 hands/sec, Cut Card Speed: 11277136 hands/sec

[973/3456] 
=== Starting Regression Test ===
NUM_ROUNDS:  1000000000
NUM_THREADS: 16
Scenario:    decks=6_ss17=False_das=True_sas=2_don=Any_reSplitAces=True_hitSplitAces=False_surr=yes_peek=True_bj-pays=1.2
============================

NOTE: surr=yes + peek=True — using the available surr=2-10 theoretical edge as a comparison baseline; edge assertion skipped.
Cut Card (Penetration: 75%) Theoretical Edge %: 1.9634% Cut Card Empiric Edge %: -1.9666%
CSM (Penetration: 0.0%) Theoretical Edge %: 1.9434% CSM Empiric Edge %: -1.9436%
CSM Error: -0.0002%, Cut Card Error: -0.0032%
CSM Speed: 3662132 hands/sec, Cut Card Speed: 11588963 hands/sec

[974/3456] 
=== Starting Regression Test ===
NUM_ROUNDS:  1000000000
NUM_THREADS: 16
Scenario:    decks=6_ss17=False_das=True_sas=3_don=10-11_reSplitAces=False_hitSplitAces=False_surr=no_peek=False_bj-pays=1.2
============================

Cut Card (Penetration: 75%) Theoretical Edge %: 2.3182% Cut Card Empiric Edge %: -2.3138%
CSM (Penetration: 0.0%) Theoretical Edge %: 2.2982% CSM Empiric Edge %: -2.2939%
CSM Error: 0.0043%, Cut Card Error: 0.0043%
CSM Speed: 3572181 hands/sec, Cut Card Speed: 11239112 hands/sec

[975/3456] 
=== Starting Regression Test ===
NUM_ROUNDS:  1000000000
NUM_THREADS: 16
Scenario:    decks=2_ss17=True_das=True_sas=2_don=Any_reSplitAces=True_hitSplitAces=True_surr=no_peek=True_bj-pays=1.2
============================

Cut Card (Penetration: 75%) Theoretical Edge %: 1.5054% Cut Card Empiric Edge %: -1.5001%
CSM (Penetration: 0.0%) Theoretical Edge %: 1.4424% CSM Empiric Edge %: -1.4398%
CSM Error: 0.0026%, Cut Card Error: 0.0053%
CSM Speed: 6973744 hands/sec, Cut Card Speed: 11441386 hands/sec

[976/3456] 
=== Starting Regression Test ===
NUM_ROUNDS:  1000000000
NUM_THREADS: 16
Scenario:    decks=1_ss17=True_das=True_sas=4_don=10-11_reSplitAces=True_hitSplitAces=True_surr=no_peek=True_bj-pays=1.5
============================

Cut Card (Penetration: 75%) Theoretical Edge %: 0.1044% Cut Card Empiric Edge %: -0.0998%
CSM (Penetration: 0.0%) Theoretical Edge %: -0.0086% CSM Empiric Edge %: 0.0113%
CSM Error: 0.0027%, Cut Card Error: 0.0045%
CSM Speed: 8784799 hands/sec, Cut Card Speed: 11636161 hands/sec

[977/3456] 
=== Starting Regression Test ===
NUM_ROUNDS:  1000000000
NUM_THREADS: 16
Scenario:    decks=2_ss17=True_das=False_sas=3_don=Any_reSplitAces=False_hitSplitAces=True_surr=no_peek=False_bj-pays=1.2
============================

Cut Card (Penetration: 75%) Theoretical Edge %: 1.7258% Cut Card Empiric Edge %: -1.7232%
CSM (Penetration: 0.0%) Theoretical Edge %: 1.6628% CSM Empiric Edge %: -1.6703%
CSM Error: -0.0075%, Cut Card Error: 0.0026%
CSM Speed: 6848846 hands/sec, Cut Card Speed: 10959625 hands/sec

[978/3456] 
=== Starting Regression Test ===
NUM_ROUNDS:  1000000000
NUM_THREADS: 16
Scenario:    decks=1_ss17=True_das=True_sas=2_don=Any_reSplitAces=True_hitSplitAces=True_surr=no_peek=False_bj-pays=1.2
============================

Cut Card (Penetration: 75%) Theoretical Edge %: 1.3618% Cut Card Empiric Edge %: -1.3638%
CSM (Penetration: 0.0%) Theoretical Edge %: 1.2488% CSM Empiric Edge %: -1.2577%
CSM Error: -0.0089%, Cut Card Error: -0.0021%
CSM Speed: 8849088 hands/sec, Cut Card Speed: 11319260 hands/sec

[979/3456] 
=== Starting Regression Test ===
NUM_ROUNDS:  1000000000
NUM_THREADS: 16
Scenario:    decks=2_ss17=True_das=True_sas=4_don=10-11_reSplitAces=False_hitSplitAces=True_surr=no_peek=False_bj-pays=1.2
============================

Cut Card (Penetration: 75%) Theoretical Edge %: 1.8095% Cut Card Empiric Edge %: -1.8065%
CSM (Penetration: 0.0%) Theoretical Edge %: 1.7465% CSM Empiric Edge %: -1.7489%
CSM Error: -0.0024%, Cut Card Error: 0.0030%
CSM Speed: 6545359 hands/sec, Cut Card Speed: 11407191 hands/sec

[980/3456] 
=== Starting Regression Test ===
NUM_ROUNDS:  1000000000
NUM_THREADS: 16
Scenario:    decks=2_ss17=True_das=False_sas=2_don=Any_reSplitAces=False_hitSplitAces=False_surr=no_peek=False_bj-pays=1.5
============================

Cut Card (Penetration: 75%) Theoretical Edge %: 0.5296% Cut Card Empiric Edge %: -0.5346%
CSM (Penetration: 0.0%) Theoretical Edge %: 0.4666% CSM Empiric Edge %: -0.4592%
CSM Error: 0.0074%, Cut Card Error: -0.0050%
CSM Speed: 6823889 hands/sec, Cut Card Speed: 11723742 hands/sec

[981/3456] 
=== Starting Regression Test ===
NUM_ROUNDS:  1000000000
NUM_THREADS: 16
Scenario:    decks=1_ss17=False_das=True_sas=3_don=9-11_reSplitAces=True_hitSplitAces=False_surr=2-10_peek=False_bj-pays=1.5
============================

NOTE: surr=2-10 + peek=False — theoretical table may not match implementation; edge assertion skipped.
Cut Card (Penetration: 75%) Theoretical Edge %: 0.3606% Cut Card Empiric Edge %: -0.2616%
CSM (Penetration: 0.0%) Theoretical Edge %: 0.2476% CSM Empiric Edge %: -0.1105%
CSM Error: 0.1371%, Cut Card Error: 0.0990%
CSM Speed: 8679953 hands/sec, Cut Card Speed: 11262530 hands/sec

[982/3456] 
=== Starting Regression Test ===
NUM_ROUNDS:  1000000000
NUM_THREADS: 16
Scenario:    decks=2_ss17=False_das=False_sas=3_don=Any_reSplitAces=True_hitSplitAces=False_surr=no_peek=True_bj-pays=1.2
============================

Cut Card (Penetration: 75%) Theoretical Edge %: 1.9327% Cut Card Empiric Edge %: -1.9282%
CSM (Penetration: 0.0%) Theoretical Edge %: 1.8697% CSM Empiric Edge %: -1.8708%
CSM Error: -0.0012%, Cut Card Error: 0.0045%
CSM Speed: 6807908 hands/sec, Cut Card Speed: 11203980 hands/sec

[983/3456] 
=== Starting Regression Test ===
NUM_ROUNDS:  1000000000
NUM_THREADS: 16
Scenario:    decks=1_ss17=True_das=True_sas=3_don=9-11_reSplitAces=False_hitSplitAces=False_surr=yes_peek=True_bj-pays=1.5
============================

NOTE: surr=yes + peek=True — using the available surr=2-10 theoretical edge as a comparison baseline; edge assertion skipped.
Cut Card (Penetration: 75%) Theoretical Edge %: 0.0937% Cut Card Empiric Edge %: -0.1159%
CSM (Penetration: 0.0%) Theoretical Edge %: -0.0193% CSM Empiric Edge %: 0.0159%
CSM Error: -0.0034%, Cut Card Error: -0.0222%
CSM Speed: 8797396 hands/sec, Cut Card Speed: 11273576 hands/sec

[984/3456] 
=== Starting Regression Test ===
NUM_ROUNDS:  1000000000
NUM_THREADS: 16
Scenario:    decks=2_ss17=False_das=True_sas=2_don=Any_reSplitAces=True_hitSplitAces=False_surr=no_peek=True_bj-pays=1.2
============================

Cut Card (Penetration: 75%) Theoretical Edge %: 1.8749% Cut Card Empiric Edge %: -1.8664%
CSM (Penetration: 0.0%) Theoretical Edge %: 1.8119% CSM Empiric Edge %: -1.8070%
CSM Error: 0.0050%, Cut Card Error: 0.0086%
CSM Speed: 6816121 hands/sec, Cut Card Speed: 11394194 hands/sec

[985/3456] 
=== Starting Regression Test ===
NUM_ROUNDS:  1000000000
NUM_THREADS: 16
Scenario:    decks=6_ss17=False_das=False_sas=3_don=Any_reSplitAces=False_hitSplitAces=True_surr=2-10_peek=False_bj-pays=1.2
============================

NOTE: surr=2-10 + peek=False — theoretical table may not match implementation; edge assertion skipped.
Cut Card (Penetration: 75%) Theoretical Edge %: 1.9931% Cut Card Empiric Edge %: -1.8441%
CSM (Penetration: 0.0%) Theoretical Edge %: 1.9731% CSM Empiric Edge %: -1.8223%
CSM Error: 0.1508%, Cut Card Error: 0.1490%
CSM Speed: 3593271 hands/sec, Cut Card Speed: 11279552 hands/sec

[986/3456] 
=== Starting Regression Test ===
NUM_ROUNDS:  1000000000
NUM_THREADS: 16
Scenario:    decks=1_ss17=True_das=True_sas=4_don=9-11_reSplitAces=True_hitSplitAces=True_surr=no_peek=False_bj-pays=1.5
============================

Cut Card (Penetration: 75%) Theoretical Edge %: 0.0675% Cut Card Empiric Edge %: -0.0721%
CSM (Penetration: 0.0%) Theoretical Edge %: -0.0455% CSM Empiric Edge %: 0.0425%
CSM Error: -0.0030%, Cut Card Error: -0.0046%
CSM Speed: 8708298 hands/sec, Cut Card Speed: 11376176 hands/sec

[987/3456] 
=== Starting Regression Test ===
NUM_ROUNDS:  1000000000
NUM_THREADS: 16
Scenario:    decks=1_ss17=True_das=True_sas=2_don=9-11_reSplitAces=True_hitSplitAces=False_surr=yes_peek=True_bj-pays=1.2
============================

NOTE: surr=yes + peek=True — using the available surr=2-10 theoretical edge as a comparison baseline; edge assertion skipped.
Cut Card (Penetration: 75%) Theoretical Edge %: 1.5156% Cut Card Empiric Edge %: -1.5177%
CSM (Penetration: 0.0%) Theoretical Edge %: 1.4026% CSM Empiric Edge %: -1.4064%
CSM Error: -0.0038%, Cut Card Error: -0.0020%
CSM Speed: 8872170 hands/sec, Cut Card Speed: 11760002 hands/sec

[988/3456] 
=== Starting Regression Test ===
NUM_ROUNDS:  1000000000
NUM_THREADS: 16
Scenario:    decks=6_ss17=False_das=True_sas=3_don=9-11_reSplitAces=False_hitSplitAces=False_surr=no_peek=False_bj-pays=1.5
============================

Cut Card (Penetration: 75%) Theoretical Edge %: 0.8641% Cut Card Empiric Edge %: -0.8664%
CSM (Penetration: 0.0%) Theoretical Edge %: 0.8441% CSM Empiric Edge %: -0.8415%
CSM Error: 0.0027%, Cut Card Error: -0.0023%
CSM Speed: 3524776 hands/sec, Cut Card Speed: 11197456 hands/sec

[989/3456] 
=== Starting Regression Test ===
NUM_ROUNDS:  1000000000
NUM_THREADS: 16
Scenario:    decks=6_ss17=False_das=False_sas=2_don=10-11_reSplitAces=False_hitSplitAces=False_surr=2-10_peek=False_bj-pays=1.5
============================

NOTE: surr=2-10 + peek=False — theoretical table may not match implementation; edge assertion skipped.
Cut Card (Penetration: 75%) Theoretical Edge %: 1.0115% Cut Card Empiric Edge %: -0.8596%
CSM (Penetration: 0.0%) Theoretical Edge %: 0.9915% CSM Empiric Edge %: -0.8381%
CSM Error: 0.1534%, Cut Card Error: 0.1519%
CSM Speed: 3587161 hands/sec, Cut Card Speed: 11039477 hands/sec

[990/3456] 
=== Starting Regression Test ===
NUM_ROUNDS:  1000000000
NUM_THREADS: 16
Scenario:    decks=6_ss17=True_das=False_sas=4_don=Any_reSplitAces=True_hitSplitAces=False_surr=2-10_peek=False_bj-pays=1.5
============================

NOTE: surr=2-10 + peek=False — theoretical table may not match implementation; edge assertion skipped.
Cut Card (Penetration: 75%) Theoretical Edge %: 0.5353% Cut Card Empiric Edge %: -0.3754%
CSM (Penetration: 0.0%) Theoretical Edge %: 0.5153% CSM Empiric Edge %: -0.3416%
CSM Error: 0.1737%, Cut Card Error: 0.1599%
CSM Speed: 3622112 hands/sec, Cut Card Speed: 11437591 hands/sec

[991/3456] 
=== Starting Regression Test ===
NUM_ROUNDS:  1000000000
NUM_THREADS: 16
Scenario:    decks=2_ss17=True_das=False_sas=2_don=10-11_reSplitAces=False_hitSplitAces=False_surr=no_peek=True_bj-pays=1.2
============================

Cut Card (Penetration: 75%) Theoretical Edge %: 2.0054% Cut Card Empiric Edge %: -1.9830%
CSM (Penetration: 0.0%) Theoretical Edge %: 1.9424% CSM Empiric Edge %: -1.9380%
CSM Error: 0.0044%, Cut Card Error: 0.0225%
CSM Speed: 6921421 hands/sec, Cut Card Speed: 11686339 hands/sec

[992/3456] 
=== Starting Regression Test ===
NUM_ROUNDS:  1000000000
NUM_THREADS: 16
Scenario:    decks=6_ss17=True_das=False_sas=2_don=10-11_reSplitAces=True_hitSplitAces=False_surr=2-10_peek=False_bj-pays=1.2
============================

NOTE: surr=2-10 + peek=False — theoretical table may not match implementation; edge assertion skipped.
Cut Card (Penetration: 75%) Theoretical Edge %: 2.1640% Cut Card Empiric Edge %: -1.9945%
CSM (Penetration: 0.0%) Theoretical Edge %: 2.1440% CSM Empiric Edge %: -1.9738%
CSM Error: 0.1701%, Cut Card Error: 0.1695%
CSM Speed: 3564884 hands/sec, Cut Card Speed: 11571931 hands/sec

[993/3456] 
=== Starting Regression Test ===
NUM_ROUNDS:  1000000000
NUM_THREADS: 16
Scenario:    decks=1_ss17=False_das=True_sas=2_don=Any_reSplitAces=False_hitSplitAces=True_surr=no_peek=True_bj-pays=1.2
============================

Cut Card (Penetration: 75%) Theoretical Edge %: 1.4437% Cut Card Empiric Edge %: -1.4337%
CSM (Penetration: 0.0%) Theoretical Edge %: 1.3307% CSM Empiric Edge %: -1.3233%
CSM Error: 0.0074%, Cut Card Error: 0.0101%
CSM Speed: 8895056 hands/sec, Cut Card Speed: 11722230 hands/sec

[994/3456] 
=== Starting Regression Test ===
NUM_ROUNDS:  1000000000
NUM_THREADS: 16
Scenario:    decks=2_ss17=False_das=True_sas=4_don=Any_reSplitAces=True_hitSplitAces=True_surr=yes_peek=True_bj-pays=1.5
============================

NOTE: surr=yes + peek=True — using the available surr=2-10 theoretical edge as a comparison baseline; edge assertion skipped.
Cut Card (Penetration: 75%) Theoretical Edge %: 0.1790% Cut Card Empiric Edge %: -0.1836%
CSM (Penetration: 0.0%) Theoretical Edge %: 0.1160% CSM Empiric Edge %: -0.1153%
CSM Error: 0.0007%, Cut Card Error: -0.0046%
CSM Speed: 7076239 hands/sec, Cut Card Speed: 11412529 hands/sec

[995/3456] 
=== Starting Regression Test ===
NUM_ROUNDS:  1000000000
NUM_THREADS: 16
Scenario:    decks=2_ss17=False_das=True_sas=2_don=Any_reSplitAces=False_hitSplitAces=True_surr=2-10_peek=False_bj-pays=1.2
============================

NOTE: surr=2-10 + peek=False — theoretical table may not match implementation; edge assertion skipped.
Cut Card (Penetration: 75%) Theoretical Edge %: 1.7538% Cut Card Empiric Edge %: -1.6163%
CSM (Penetration: 0.0%) Theoretical Edge %: 1.6908% CSM Empiric Edge %: -1.5414%
CSM Error: 0.1494%, Cut Card Error: 0.1374%
CSM Speed: 6820305 hands/sec, Cut Card Speed: 11261642 hands/sec

[996/3456] 
=== Starting Regression Test ===
NUM_ROUNDS:  1000000000
NUM_THREADS: 16
Scenario:    decks=6_ss17=False_das=True_sas=2_don=Any_reSplitAces=False_hitSplitAces=True_surr=no_peek=True_bj-pays=1.2
============================

Cut Card (Penetration: 75%) Theoretical Edge %: 1.8669% Cut Card Empiric Edge %: -1.8636%
CSM (Penetration: 0.0%) Theoretical Edge %: 1.8469% CSM Empiric Edge %: -1.8448%
CSM Error: 0.0021%, Cut Card Error: 0.0033%
CSM Speed: 3669550 hands/sec, Cut Card Speed: 11642799 hands/sec

[997/3456] 
=== Starting Regression Test ===
NUM_ROUNDS:  1000000000
NUM_THREADS: 16
Scenario:    decks=6_ss17=False_das=True_sas=3_don=10-11_reSplitAces=True_hitSplitAces=False_surr=yes_peek=True_bj-pays=1.5
============================

NOTE: surr=yes + peek=True — using the available surr=2-10 theoretical edge as a comparison baseline; edge assertion skipped.
Cut Card (Penetration: 75%) Theoretical Edge %: 0.7019% Cut Card Empiric Edge %: -0.7045%
CSM (Penetration: 0.0%) Theoretical Edge %: 0.6819% CSM Empiric Edge %: -0.6750%
CSM Error: 0.0069%, Cut Card Error: -0.0026%
CSM Speed: 3588203 hands/sec, Cut Card Speed: 11232421 hands/sec

[998/3456] 
=== Starting Regression Test ===
NUM_ROUNDS:  1000000000
NUM_THREADS: 16
Scenario:    decks=2_ss17=True_das=True_sas=4_don=9-11_reSplitAces=False_hitSplitAces=False_surr=2-10_peek=False_bj-pays=1.5
============================

NOTE: surr=2-10 + peek=False — theoretical table may not match implementation; edge assertion skipped.
Cut Card (Penetration: 75%) Theoretical Edge %: 0.4195% Cut Card Empiric Edge %: -0.2702%
CSM (Penetration: 0.0%) Theoretical Edge %: 0.3565% CSM Empiric Edge %: -0.1908%
CSM Error: 0.1657%, Cut Card Error: 0.1493%
CSM Speed: 6859699 hands/sec, Cut Card Speed: 10999769 hands/sec

[999/3456] 
=== Starting Regression Test ===
NUM_ROUNDS:  1000000000
NUM_THREADS: 16
Scenario:    decks=1_ss17=True_das=True_sas=3_don=9-11_reSplitAces=True_hitSplitAces=False_surr=no_peek=False_bj-pays=1.2
============================

Cut Card (Penetration: 75%) Theoretical Edge %: 1.5886% Cut Card Empiric Edge %: -1.5809%
CSM (Penetration: 0.0%) Theoretical Edge %: 1.4756% CSM Empiric Edge %: -1.4771%
CSM Error: -0.0014%, Cut Card Error: 0.0077%
CSM Speed: 8897114 hands/sec, Cut Card Speed: 11399519 hands/sec

[1000/3456] 
=== Starting Regression Test ===
NUM_ROUNDS:  1000000000
NUM_THREADS: 16
Scenario:    decks=6_ss17=False_das=False_sas=3_don=9-11_reSplitAces=False_hitSplitAces=False_surr=yes_peek=True_bj-pays=1.2
============================

NOTE: surr=yes + peek=True — using the available surr=2-10 theoretical edge as a comparison baseline; edge assertion skipped.
Cut Card (Penetration: 75%) Theoretical Edge %: 2.1585% Cut Card Empiric Edge %: -2.1593%
CSM (Penetration: 0.0%) Theoretical Edge %: 2.1385% CSM Empiric Edge %: -2.1387%
CSM Error: -0.0002%, Cut Card Error: -0.0008%
CSM Speed: 3624278 hands/sec, Cut Card Speed: 11703024 hands/sec

[1001/3456] 
=== Starting Regression Test ===
NUM_ROUNDS:  1000000000
NUM_THREADS: 16
Scenario:    decks=6_ss17=False_das=True_sas=2_don=9-11_reSplitAces=False_hitSplitAces=False_surr=2-10_peek=False_bj-pays=1.2
============================

NOTE: surr=2-10 + peek=False — theoretical table may not match implementation; edge assertion skipped.
Cut Card (Penetration: 75%) Theoretical Edge %: 2.1720% Cut Card Empiric Edge %: -2.0231%
CSM (Penetration: 0.0%) Theoretical Edge %: 2.1520% CSM Empiric Edge %: -1.9933%
CSM Error: 0.1587%, Cut Card Error: 0.1489%
CSM Speed: 3612782 hands/sec, Cut Card Speed: 11166447 hands/sec

[1002/3456] 
=== Starting Regression Test ===
NUM_ROUNDS:  1000000000
NUM_THREADS: 16
Scenario:    decks=1_ss17=True_das=False_sas=4_don=Any_reSplitAces=False_hitSplitAces=False_surr=2-10_peek=False_bj-pays=1.2
============================

NOTE: surr=2-10 + peek=False — theoretical table may not match implementation; edge assertion skipped.
Cut Card (Penetration: 75%) Theoretical Edge %: 1.5872% Cut Card Empiric Edge %: -1.4626%
CSM (Penetration: 0.0%) Theoretical Edge %: 1.4742% CSM Empiric Edge %: -1.3243%
CSM Error: 0.1499%, Cut Card Error: 0.1247%
CSM Speed: 8983757 hands/sec, Cut Card Speed: 11882694 hands/sec

[1003/3456] 
=== Starting Regression Test ===
NUM_ROUNDS:  1000000000
NUM_THREADS: 16
Scenario:    decks=6_ss17=False_das=True_sas=2_don=Any_reSplitAces=False_hitSplitAces=False_surr=yes_peek=True_bj-pays=1.5
============================

NOTE: surr=yes + peek=True — using the available surr=2-10 theoretical edge as a comparison baseline; edge assertion skipped.
Cut Card (Penetration: 75%) Theoretical Edge %: 0.6037% Cut Card Empiric Edge %: -0.6119%
CSM (Penetration: 0.0%) Theoretical Edge %: 0.5837% CSM Empiric Edge %: -0.5856%
CSM Error: -0.0019%, Cut Card Error: -0.0081%
CSM Speed: 3666966 hands/sec, Cut Card Speed: 12077003 hands/sec

[1004/3456] 
=== Starting Regression Test ===
NUM_ROUNDS:  1000000000
NUM_THREADS: 16
Scenario:    decks=2_ss17=True_das=False_sas=2_don=Any_reSplitAces=True_hitSplitAces=True_surr=2-10_peek=False_bj-pays=1.2
============================

NOTE: surr=2-10 + peek=False — theoretical table may not match implementation; edge assertion skipped.
Cut Card (Penetration: 75%) Theoretical Edge %: 1.6933% Cut Card Empiric Edge %: -1.5368%
CSM (Penetration: 0.0%) Theoretical Edge %: 1.6303% CSM Empiric Edge %: -1.4683%
CSM Error: 0.1620%, Cut Card Error: 0.1566%
CSM Speed: 6947291 hands/sec, Cut Card Speed: 11169191 hands/sec

[1005/3456] 
=== Starting Regression Test ===
NUM_ROUNDS:  1000000000
NUM_THREADS: 16
Scenario:    decks=2_ss17=False_das=False_sas=4_don=10-11_reSplitAces=False_hitSplitAces=True_surr=yes_peek=True_bj-pays=1.5
============================

NOTE: surr=yes + peek=True — using the available surr=2-10 theoretical edge as a comparison baseline; edge assertion skipped.
Cut Card (Penetration: 75%) Theoretical Edge %: 0.5925% Cut Card Empiric Edge %: -0.5968%
CSM (Penetration: 0.0%) Theoretical Edge %: 0.5295% CSM Empiric Edge %: -0.5351%
CSM Error: -0.0056%, Cut Card Error: -0.0042%
CSM Speed: 6875735 hands/sec, Cut Card Speed: 11123471 hands/sec

[1006/3456] 
=== Starting Regression Test ===
NUM_ROUNDS:  1000000000
NUM_THREADS: 16
Scenario:    decks=1_ss17=False_das=True_sas=3_don=Any_reSplitAces=False_hitSplitAces=False_surr=no_peek=False_bj-pays=1.2
============================

Cut Card (Penetration: 75%) Theoretical Edge %: 1.6692% Cut Card Empiric Edge %: -1.6756%
CSM (Penetration: 0.0%) Theoretical Edge %: 1.5562% CSM Empiric Edge %: -1.5519%
CSM Error: 0.0043%, Cut Card Error: -0.0064%
CSM Speed: 8914404 hands/sec, Cut Card Speed: 11441517 hands/sec

[1007/3456] 
=== Starting Regression Test ===
NUM_ROUNDS:  1000000000
NUM_THREADS: 16
Scenario:    decks=1_ss17=False_das=True_sas=2_don=Any_reSplitAces=False_hitSplitAces=True_surr=2-10_peek=False_bj-pays=1.5
============================

NOTE: surr=2-10 + peek=False — theoretical table may not match implementation; edge assertion skipped.
Cut Card (Penetration: 75%) Theoretical Edge %: 0.1238% Cut Card Empiric Edge %: -0.0376%
CSM (Penetration: 0.0%) Theoretical Edge %: 0.0108% CSM Empiric Edge %: 0.1229%
CSM Error: 0.1337%, Cut Card Error: 0.0862%
CSM Speed: 8948626 hands/sec, Cut Card Speed: 11175182 hands/sec

[1008/3456] 
=== Starting Regression Test ===
NUM_ROUNDS:  1000000000
NUM_THREADS: 16
Scenario:    decks=2_ss17=True_das=True_sas=4_don=10-11_reSplitAces=False_hitSplitAces=False_surr=no_peek=False_bj-pays=1.5
============================

Cut Card (Penetration: 75%) Theoretical Edge %: 0.5905% Cut Card Empiric Edge %: -0.5877%
CSM (Penetration: 0.0%) Theoretical Edge %: 0.5275% CSM Empiric Edge %: -0.5347%
CSM Error: -0.0073%, Cut Card Error: 0.0028%
CSM Speed: 6898407 hands/sec, Cut Card Speed: 11779257 hands/sec

[1009/3456] 
=== Starting Regression Test ===
NUM_ROUNDS:  1000000000
NUM_THREADS: 16
Scenario:    decks=2_ss17=False_das=False_sas=2_don=9-11_reSplitAces=True_hitSplitAces=True_surr=2-10_peek=False_bj-pays=1.2
============================

NOTE: surr=2-10 + peek=False — theoretical table may not match implementation; edge assertion skipped.
Cut Card (Penetration: 75%) Theoretical Edge %: 2.0021% Cut Card Empiric Edge %: -1.8595%
CSM (Penetration: 0.0%) Theoretical Edge %: 1.9390% CSM Empiric Edge %: -1.7914%
CSM Error: 0.1477%, Cut Card Error: 0.1426%
CSM Speed: 6928086 hands/sec, Cut Card Speed: 11203854 hands/sec

[1010/3456] 
=== Starting Regression Test ===
NUM_ROUNDS:  1000000000
NUM_THREADS: 16
Scenario:    decks=6_ss17=True_das=False_sas=3_don=Any_reSplitAces=True_hitSplitAces=True_surr=yes_peek=True_bj-pays=1.5
============================

NOTE: surr=yes + peek=True — using the available surr=2-10 theoretical edge as a comparison baseline; edge assertion skipped.
Cut Card (Penetration: 75%) Theoretical Edge %: 0.2714% Cut Card Empiric Edge %: -0.2732%
CSM (Penetration: 0.0%) Theoretical Edge %: 0.2514% CSM Empiric Edge %: -0.2460%
CSM Error: 0.0054%, Cut Card Error: -0.0017%
CSM Speed: 3552410 hands/sec, Cut Card Speed: 11777592 hands/sec

[1011/3456] 
=== Starting Regression Test ===
NUM_ROUNDS:  1000000000
NUM_THREADS: 16
Scenario:    decks=1_ss17=False_das=False_sas=3_don=Any_reSplitAces=False_hitSplitAces=False_surr=2-10_peek=False_bj-pays=1.2
============================

NOTE: surr=2-10 + peek=False — theoretical table may not match implementation; edge assertion skipped.
Cut Card (Penetration: 75%) Theoretical Edge %: 1.7705% Cut Card Empiric Edge %: -1.6661%
CSM (Penetration: 0.0%) Theoretical Edge %: 1.6575% CSM Empiric Edge %: -1.5213%
CSM Error: 0.1363%, Cut Card Error: 0.1045%
CSM Speed: 8940705 hands/sec, Cut Card Speed: 11745636 hands/sec

[1012/3456] 
=== Starting Regression Test ===
NUM_ROUNDS:  1000000000
NUM_THREADS: 16
Scenario:    decks=1_ss17=False_das=False_sas=4_don=Any_reSplitAces=True_hitSplitAces=True_surr=yes_peek=True_bj-pays=1.2
============================

NOTE: surr=yes + peek=True — using the available surr=2-10 theoretical edge as a comparison baseline; edge assertion skipped.
Cut Card (Penetration: 75%) Theoretical Edge %: 1.5039% Cut Card Empiric Edge %: -1.5149%
CSM (Penetration: 0.0%) Theoretical Edge %: 1.3909% CSM Empiric Edge %: -1.3915%
CSM Error: -0.0006%, Cut Card Error: -0.0110%
CSM Speed: 9088513 hands/sec, Cut Card Speed: 12468828 hands/sec

[1013/3456] 
=== Starting Regression Test ===
NUM_ROUNDS:  1000000000
NUM_THREADS: 16
Scenario:    decks=2_ss17=True_das=False_sas=4_don=9-11_reSplitAces=False_hitSplitAces=True_surr=no_peek=True_bj-pays=1.5
============================

Cut Card (Penetration: 75%) Theoretical Edge %: 0.3422% Cut Card Empiric Edge %: -0.3417%
CSM (Penetration: 0.0%) Theoretical Edge %: 0.2792% CSM Empiric Edge %: -0.2808%
CSM Error: -0.0015%, Cut Card Error: 0.0006%
CSM Speed: 6932890 hands/sec, Cut Card Speed: 11550545 hands/sec

[1014/3456] 
=== Starting Regression Test ===
NUM_ROUNDS:  1000000000
NUM_THREADS: 16
Scenario:    decks=1_ss17=False_das=True_sas=4_don=9-11_reSplitAces=True_hitSplitAces=False_surr=no_peek=False_bj-pays=1.2
============================

Cut Card (Penetration: 75%) Theoretical Edge %: 1.7919% Cut Card Empiric Edge %: -1.7899%
CSM (Penetration: 0.0%) Theoretical Edge %: 1.6789% CSM Empiric Edge %: -1.6815%
CSM Error: -0.0026%, Cut Card Error: 0.0020%
CSM Speed: 8870832 hands/sec, Cut Card Speed: 11223345 hands/sec

[1015/3456] 
=== Starting Regression Test ===
NUM_ROUNDS:  1000000000
NUM_THREADS: 16
Scenario:    decks=6_ss17=False_das=True_sas=3_don=9-11_reSplitAces=True_hitSplitAces=True_surr=no_peek=False_bj-pays=1.2
============================

Cut Card (Penetration: 75%) Theoretical Edge %: 2.0086% Cut Card Empiric Edge %: -2.0121%
CSM (Penetration: 0.0%) Theoretical Edge %: 1.9887% CSM Empiric Edge %: -1.9880%
CSM Error: 0.0007%, Cut Card Error: -0.0034%
CSM Speed: 3584705 hands/sec, Cut Card Speed: 11301095 hands/sec

[1016/3456] 
=== Starting Regression Test ===
NUM_ROUNDS:  1000000000
NUM_THREADS: 16
Scenario:    decks=6_ss17=False_das=False_sas=4_don=10-11_reSplitAces=False_hitSplitAces=False_surr=2-10_peek=False_bj-pays=1.2
============================

NOTE: surr=2-10 + peek=False — theoretical table may not match implementation; edge assertion skipped.
Cut Card (Penetration: 75%) Theoretical Edge %: 2.3392% Cut Card Empiric Edge %: -2.1943%
CSM (Penetration: 0.0%) Theoretical Edge %: 2.3192% CSM Empiric Edge %: -2.1608%
CSM Error: 0.1584%, Cut Card Error: 0.1449%
CSM Speed: 3546313 hands/sec, Cut Card Speed: 11491479 hands/sec

[1017/3456] 
=== Starting Regression Test ===
NUM_ROUNDS:  1000000000
NUM_THREADS: 16
Scenario:    decks=2_ss17=False_das=False_sas=4_don=9-11_reSplitAces=True_hitSplitAces=True_surr=no_peek=False_bj-pays=1.2
============================

Cut Card (Penetration: 75%) Theoretical Edge %: 2.0052% Cut Card Empiric Edge %: -2.0005%
CSM (Penetration: 0.0%) Theoretical Edge %: 1.9422% CSM Empiric Edge %: -1.9371%
CSM Error: 0.0051%, Cut Card Error: 0.0047%
CSM Speed: 6987095 hands/sec, Cut Card Speed: 11141689 hands/sec

[1018/3456] 
=== Starting Regression Test ===
NUM_ROUNDS:  1000000000
NUM_THREADS: 16
Scenario:    decks=1_ss17=True_das=False_sas=2_don=10-11_reSplitAces=False_hitSplitAces=False_surr=no_peek=True_bj-pays=1.2
============================

Cut Card (Penetration: 75%) Theoretical Edge %: 1.7902% Cut Card Empiric Edge %: -1.7813%
CSM (Penetration: 0.0%) Theoretical Edge %: 1.6772% CSM Empiric Edge %: -1.6804%
CSM Error: -0.0032%, Cut Card Error: 0.0088%
CSM Speed: 9380511 hands/sec, Cut Card Speed: 11968738 hands/sec

[1019/3456] 
=== Starting Regression Test ===
NUM_ROUNDS:  1000000000
NUM_THREADS: 16
Scenario:    decks=1_ss17=True_das=False_sas=3_don=9-11_reSplitAces=True_hitSplitAces=False_surr=no_peek=False_bj-pays=1.2
============================

Cut Card (Penetration: 75%) Theoretical Edge %: 1.7183% Cut Card Empiric Edge %: -1.7157%
CSM (Penetration: 0.0%) Theoretical Edge %: 1.6053% CSM Empiric Edge %: -1.6113%
CSM Error: -0.0060%, Cut Card Error: 0.0026%
CSM Speed: 9033587 hands/sec, Cut Card Speed: 11584667 hands/sec

[1020/3456] 
=== Starting Regression Test ===
NUM_ROUNDS:  1000000000
NUM_THREADS: 16
Scenario:    decks=2_ss17=True_das=False_sas=3_don=10-11_reSplitAces=True_hitSplitAces=False_surr=yes_peek=True_bj-pays=1.2
============================

NOTE: surr=yes + peek=True — using the available surr=2-10 theoretical edge as a comparison baseline; edge assertion skipped.
Cut Card (Penetration: 75%) Theoretical Edge %: 1.8835% Cut Card Empiric Edge %: -1.8855%
CSM (Penetration: 0.0%) Theoretical Edge %: 1.8205% CSM Empiric Edge %: -1.8218%
CSM Error: -0.0013%, Cut Card Error: -0.0020%
CSM Speed: 6797634 hands/sec, Cut Card Speed: 11751296 hands/sec

[1021/3456] 
=== Starting Regression Test ===
NUM_ROUNDS:  1000000000
NUM_THREADS: 16
Scenario:    decks=2_ss17=True_das=True_sas=2_don=10-11_reSplitAces=True_hitSplitAces=False_surr=no_peek=True_bj-pays=1.5
============================

Cut Card (Penetration: 75%) Theoretical Edge %: 0.5254% Cut Card Empiric Edge %: -0.5178%
CSM (Penetration: 0.0%) Theoretical Edge %: 0.4624% CSM Empiric Edge %: -0.4611%
CSM Error: 0.0013%, Cut Card Error: 0.0076%
CSM Speed: 7040320 hands/sec, Cut Card Speed: 11784809 hands/sec

[1022/3456] 
=== Starting Regression Test ===
NUM_ROUNDS:  1000000000
NUM_THREADS: 16
Scenario:    decks=2_ss17=True_das=False_sas=3_don=Any_reSplitAces=False_hitSplitAces=True_surr=2-10_peek=False_bj-pays=1.5
============================

NOTE: surr=2-10 + peek=False — theoretical table may not match implementation; edge assertion skipped.
Cut Card (Penetration: 75%) Theoretical Edge %: 0.2970% Cut Card Empiric Edge %: -0.1458%
CSM (Penetration: 0.0%) Theoretical Edge %: 0.2340% CSM Empiric Edge %: -0.0737%
CSM Error: 0.1603%, Cut Card Error: 0.1512%
CSM Speed: 6903789 hands/sec, Cut Card Speed: 11362087 hands/sec

[1023/3456] 
=== Starting Regression Test ===
NUM_ROUNDS:  1000000000
NUM_THREADS: 16
Scenario:    decks=2_ss17=False_das=False_sas=3_don=9-11_reSplitAces=True_hitSplitAces=True_surr=no_peek=False_bj-pays=1.2
============================

Cut Card (Penetration: 75%) Theoretical Edge %: 2.0135% Cut Card Empiric Edge %: -2.0114%
CSM (Penetration: 0.0%) Theoretical Edge %: 1.9505% CSM Empiric Edge %: -1.9573%
CSM Error: -0.0068%, Cut Card Error: 0.0021%
CSM Speed: 6754794 hands/sec, Cut Card Speed: 10728808 hands/sec

[1024/3456] 
=== Starting Regression Test ===
NUM_ROUNDS:  1000000000
NUM_THREADS: 16
Scenario:    decks=6_ss17=True_das=False_sas=4_don=Any_reSplitAces=False_hitSplitAces=False_surr=2-10_peek=False_bj-pays=1.2
============================

NOTE: surr=2-10 + peek=False — theoretical table may not match implementation; edge assertion skipped.
Cut Card (Penetration: 75%) Theoretical Edge %: 1.9582% Cut Card Empiric Edge %: -1.7872%
CSM (Penetration: 0.0%) Theoretical Edge %: 1.9382% CSM Empiric Edge %: -1.7659%
CSM Error: 0.1723%, Cut Card Error: 0.1710%
CSM Speed: 3597562 hands/sec, Cut Card Speed: 11713991 hands/sec

[1025/3456] 
=== Starting Regression Test ===
NUM_ROUNDS:  1000000000
NUM_THREADS: 16
Scenario:    decks=2_ss17=False_das=False_sas=4_don=9-11_reSplitAces=False_hitSplitAces=False_surr=no_peek=True_bj-pays=1.5
============================

Cut Card (Penetration: 75%) Theoretical Edge %: 0.7158% Cut Card Empiric Edge %: -0.7109%
CSM (Penetration: 0.0%) Theoretical Edge %: 0.6528% CSM Empiric Edge %: -0.6510%
CSM Error: 0.0019%, Cut Card Error: 0.0049%
CSM Speed: 6904456 hands/sec, Cut Card Speed: 11133254 hands/sec

[1026/3456] 
=== Starting Regression Test ===
NUM_ROUNDS:  1000000000
NUM_THREADS: 16
Scenario:    decks=2_ss17=True_das=False_sas=3_don=Any_reSplitAces=False_hitSplitAces=True_surr=no_peek=True_bj-pays=1.2
============================

Cut Card (Penetration: 75%) Theoretical Edge %: 1.6148% Cut Card Empiric Edge %: -1.6013%
CSM (Penetration: 0.0%) Theoretical Edge %: 1.5518% CSM Empiric Edge %: -1.5448%
CSM Error: 0.0071%, Cut Card Error: 0.0136%
CSM Speed: 6814217 hands/sec, Cut Card Speed: 11834740 hands/sec

[1027/3456] 
=== Starting Regression Test ===
NUM_ROUNDS:  1000000000
NUM_THREADS: 16
Scenario:    decks=2_ss17=True_das=False_sas=2_don=10-11_reSplitAces=True_hitSplitAces=False_surr=no_peek=False_bj-pays=1.5
============================

Cut Card (Penetration: 75%) Theoretical Edge %: 0.7361% Cut Card Empiric Edge %: -0.7338%
CSM (Penetration: 0.0%) Theoretical Edge %: 0.6731% CSM Empiric Edge %: -0.6738%
CSM Error: -0.0007%, Cut Card Error: 0.0023%
CSM Speed: 6780167 hands/sec, Cut Card Speed: 11385761 hands/sec

[1028/3456] 
=== Starting Regression Test ===
NUM_ROUNDS:  1000000000
NUM_THREADS: 16
Scenario:    decks=2_ss17=False_das=False_sas=2_don=9-11_reSplitAces=False_hitSplitAces=True_surr=yes_peek=True_bj-pays=1.2
============================

NOTE: surr=yes + peek=True — using the available surr=2-10 theoretical edge as a comparison baseline; edge assertion skipped.
Cut Card (Penetration: 75%) Theoretical Edge %: 1.8920% Cut Card Empiric Edge %: -1.8999%
CSM (Penetration: 0.0%) Theoretical Edge %: 1.8290% CSM Empiric Edge %: -1.8313%
CSM Error: -0.0023%, Cut Card Error: -0.0079%
CSM Speed: 7171440 hands/sec, Cut Card Speed: 10952303 hands/sec

[1029/3456] 
=== Starting Regression Test ===
NUM_ROUNDS:  1000000000
NUM_THREADS: 16
Scenario:    decks=6_ss17=True_das=True_sas=3_don=Any_reSplitAces=False_hitSplitAces=True_surr=2-10_peek=False_bj-pays=1.5
============================

NOTE: surr=2-10 + peek=False — theoretical table may not match implementation; edge assertion skipped.
Cut Card (Penetration: 75%) Theoretical Edge %: 0.2877% Cut Card Empiric Edge %: -0.1268%
CSM (Penetration: 0.0%) Theoretical Edge %: 0.2677% CSM Empiric Edge %: -0.0969%
CSM Error: 0.1708%, Cut Card Error: 0.1609%
CSM Speed: 3661542 hands/sec, Cut Card Speed: 11489895 hands/sec

[1030/3456] 
=== Starting Regression Test ===
NUM_ROUNDS:  1000000000
NUM_THREADS: 16
Scenario:    decks=1_ss17=False_das=True_sas=4_don=9-11_reSplitAces=True_hitSplitAces=False_surr=2-10_peek=False_bj-pays=1.2
============================

NOTE: surr=2-10 + peek=False — theoretical table may not match implementation; edge assertion skipped.
Cut Card (Penetration: 75%) Theoretical Edge %: 1.7518% Cut Card Empiric Edge %: -1.6482%
CSM (Penetration: 0.0%) Theoretical Edge %: 1.6388% CSM Empiric Edge %: -1.4987%
CSM Error: 0.1401%, Cut Card Error: 0.1037%
CSM Speed: 8951189 hands/sec, Cut Card Speed: 11175307 hands/sec

[1031/3456] 
=== Starting Regression Test ===
NUM_ROUNDS:  1000000000
NUM_THREADS: 16
Scenario:    decks=6_ss17=False_das=True_sas=2_don=10-11_reSplitAces=False_hitSplitAces=True_surr=no_peek=False_bj-pays=1.2
============================

Cut Card (Penetration: 75%) Theoretical Edge %: 2.1897% Cut Card Empiric Edge %: -2.1867%
CSM (Penetration: 0.0%) Theoretical Edge %: 2.1697% CSM Empiric Edge %: -2.1721%
CSM Error: -0.0023%, Cut Card Error: 0.0030%
CSM Speed: 3613539 hands/sec, Cut Card Speed: 11105435 hands/sec

[1032/3456] 
=== Starting Regression Test ===
NUM_ROUNDS:  1000000000
NUM_THREADS: 16
Scenario:    decks=6_ss17=False_das=False_sas=3_don=Any_reSplitAces=False_hitSplitAces=True_surr=no_peek=False_bj-pays=1.2
============================

Cut Card (Penetration: 75%) Theoretical Edge %: 2.0878% Cut Card Empiric Edge %: -2.0898%
CSM (Penetration: 0.0%) Theoretical Edge %: 2.0678% CSM Empiric Edge %: -2.0700%
CSM Error: -0.0022%, Cut Card Error: -0.0020%
CSM Speed: 3611373 hands/sec, Cut Card Speed: 10917865 hands/sec

[1033/3456] 
=== Starting Regression Test ===
NUM_ROUNDS:  1000000000
NUM_THREADS: 16
Scenario:    decks=6_ss17=False_das=True_sas=3_don=10-11_reSplitAces=False_hitSplitAces=False_surr=no_peek=True_bj-pays=1.2
============================

Cut Card (Penetration: 75%) Theoretical Edge %: 2.2071% Cut Card Empiric Edge %: -2.2067%
CSM (Penetration: 0.0%) Theoretical Edge %: 2.1871% CSM Empiric Edge %: -2.1862%
CSM Error: 0.0009%, Cut Card Error: 0.0004%
CSM Speed: 3638216 hands/sec, Cut Card Speed: 11480134 hands/sec

[1034/3456] 
=== Starting Regression Test ===
NUM_ROUNDS:  1000000000
NUM_THREADS: 16
Scenario:    decks=6_ss17=True_das=True_sas=2_don=9-11_reSplitAces=True_hitSplitAces=True_surr=no_peek=True_bj-pays=1.2
============================

Cut Card (Penetration: 75%) Theoretical Edge %: 1.7543% Cut Card Empiric Edge %: -1.7557%
CSM (Penetration: 0.0%) Theoretical Edge %: 1.7343% CSM Empiric Edge %: -1.7411%
CSM Error: -0.0068%, Cut Card Error: -0.0014%
CSM Speed: 3669604 hands/sec, Cut Card Speed: 11548678 hands/sec

[1035/3456] 
=== Starting Regression Test ===
NUM_ROUNDS:  1000000000
NUM_THREADS: 16
Scenario:    decks=2_ss17=False_das=True_sas=4_don=9-11_reSplitAces=True_hitSplitAces=False_surr=2-10_peek=False_bj-pays=1.5
============================

NOTE: surr=2-10 + peek=False — theoretical table may not match implementation; edge assertion skipped.
Cut Card (Penetration: 75%) Theoretical Edge %: 0.5704% Cut Card Empiric Edge %: -0.4383%
CSM (Penetration: 0.0%) Theoretical Edge %: 0.5074% CSM Empiric Edge %: -0.3542%
CSM Error: 0.1532%, Cut Card Error: 0.1321%
CSM Speed: 6886531 hands/sec, Cut Card Speed: 11547477 hands/sec

[1036/3456] 
=== Starting Regression Test ===
NUM_ROUNDS:  1000000000
NUM_THREADS: 16
Scenario:    decks=1_ss17=False_das=True_sas=3_don=10-11_reSplitAces=True_hitSplitAces=False_surr=yes_peek=True_bj-pays=1.2
============================

NOTE: surr=yes + peek=True — using the available surr=2-10 theoretical edge as a comparison baseline; edge assertion skipped.
Cut Card (Penetration: 75%) Theoretical Edge %: 1.7898% Cut Card Empiric Edge %: -1.7950%
CSM (Penetration: 0.0%) Theoretical Edge %: 1.6768% CSM Empiric Edge %: -1.6812%
CSM Error: -0.0043%, Cut Card Error: -0.0052%
CSM Speed: 8919413 hands/sec, Cut Card Speed: 11475391 hands/sec

[1037/3456] 
=== Starting Regression Test ===
NUM_ROUNDS:  1000000000
NUM_THREADS: 16
Scenario:    decks=2_ss17=True_das=False_sas=4_don=10-11_reSplitAces=True_hitSplitAces=True_surr=no_peek=False_bj-pays=1.2
============================

Cut Card (Penetration: 75%) Theoretical Edge %: 1.8869% Cut Card Empiric Edge %: -1.8838%
CSM (Penetration: 0.0%) Theoretical Edge %: 1.8239% CSM Empiric Edge %: -1.8305%
CSM Error: -0.0067%, Cut Card Error: 0.0031%
CSM Speed: 6776399 hands/sec, Cut Card Speed: 11204105 hands/sec

[1038/3456] 
=== Starting Regression Test ===
NUM_ROUNDS:  1000000000
NUM_THREADS: 16
Scenario:    decks=6_ss17=False_das=False_sas=2_don=9-11_reSplitAces=True_hitSplitAces=True_surr=no_peek=False_bj-pays=1.5
============================

Cut Card (Penetration: 75%) Theoretical Edge %: 0.8534% Cut Card Empiric Edge %: -0.8586%
CSM (Penetration: 0.0%) Theoretical Edge %: 0.8334% CSM Empiric Edge %: -0.8392%
CSM Error: -0.0058%, Cut Card Error: -0.0052%
CSM Speed: 3631992 hands/sec, Cut Card Speed: 11429878 hands/sec

[1039/3456] 
=== Starting Regression Test ===
NUM_ROUNDS:  1000000000
NUM_THREADS: 16
Scenario:    decks=1_ss17=True_das=True_sas=3_don=Any_reSplitAces=False_hitSplitAces=False_surr=no_peek=False_bj-pays=1.5
============================

Cut Card (Penetration: 75%) Theoretical Edge %: 0.0782% Cut Card Empiric Edge %: -0.0882%
CSM (Penetration: 0.0%) Theoretical Edge %: -0.0348% CSM Empiric Edge %: 0.0353%
CSM Error: 0.0005%, Cut Card Error: -0.0101%
CSM Speed: 8812281 hands/sec, Cut Card Speed: 11434191 hands/sec

[1040/3456] 
=== Starting Regression Test ===
NUM_ROUNDS:  1000000000
NUM_THREADS: 16
Scenario:    decks=2_ss17=False_das=True_sas=3_don=Any_reSplitAces=False_hitSplitAces=False_surr=yes_peek=True_bj-pays=1.5
============================

NOTE: surr=yes + peek=True — using the available surr=2-10 theoretical edge as a comparison baseline; edge assertion skipped.
Cut Card (Penetration: 75%) Theoretical Edge %: 0.3964% Cut Card Empiric Edge %: -0.4078%
CSM (Penetration: 0.0%) Theoretical Edge %: 0.3334% CSM Empiric Edge %: -0.3298%
CSM Error: 0.0036%, Cut Card Error: -0.0114%
CSM Speed: 7021387 hands/sec, Cut Card Speed: 11780506 hands/sec

[1041/3456] 
=== Starting Regression Test ===
NUM_ROUNDS:  1000000000
NUM_THREADS: 16
Scenario:    decks=1_ss17=False_das=True_sas=3_don=10-11_reSplitAces=False_hitSplitAces=True_surr=yes_peek=True_bj-pays=1.2
============================

NOTE: surr=yes + peek=True — using the available surr=2-10 theoretical edge as a comparison baseline; edge assertion skipped.
Cut Card (Penetration: 75%) Theoretical Edge %: 1.6900% Cut Card Empiric Edge %: -1.6880%
CSM (Penetration: 0.0%) Theoretical Edge %: 1.5770% CSM Empiric Edge %: -1.5769%
CSM Error: 0.0001%, Cut Card Error: 0.0020%
CSM Speed: 9213788 hands/sec, Cut Card Speed: 11430400 hands/sec

[1042/3456] 
=== Starting Regression Test ===
NUM_ROUNDS:  1000000000
NUM_THREADS: 16
Scenario:    decks=2_ss17=False_das=True_sas=4_don=Any_reSplitAces=True_hitSplitAces=False_surr=2-10_peek=False_bj-pays=1.5
============================

NOTE: surr=2-10 + peek=False — theoretical table may not match implementation; edge assertion skipped.
Cut Card (Penetration: 75%) Theoretical Edge %: 0.4481% Cut Card Empiric Edge %: -0.3163%
CSM (Penetration: 0.0%) Theoretical Edge %: 0.3851% CSM Empiric Edge %: -0.2313%
CSM Error: 0.1538%, Cut Card Error: 0.1318%
CSM Speed: 6984264 hands/sec, Cut Card Speed: 10983218 hands/sec

[1043/3456] 
=== Starting Regression Test ===
NUM_ROUNDS:  1000000000
NUM_THREADS: 16
Scenario:    decks=1_ss17=True_das=False_sas=4_don=10-11_reSplitAces=True_hitSplitAces=True_surr=no_peek=True_bj-pays=1.2
============================

Cut Card (Penetration: 75%) Theoretical Edge %: 1.6152% Cut Card Empiric Edge %: -1.5986%
CSM (Penetration: 0.0%) Theoretical Edge %: 1.5022% CSM Empiric Edge %: -1.5037%
CSM Error: -0.0016%, Cut Card Error: 0.0165%
CSM Speed: 9133588 hands/sec, Cut Card Speed: 11996017 hands/sec

[1044/3456] 
=== Starting Regression Test ===
NUM_ROUNDS:  1000000000
NUM_THREADS: 16
Scenario:    decks=1_ss17=False_das=True_sas=2_don=9-11_reSplitAces=False_hitSplitAces=True_surr=yes_peek=True_bj-pays=1.5
============================

NOTE: surr=yes + peek=True — using the available surr=2-10 theoretical edge as a comparison baseline; edge assertion skipped.
Cut Card (Penetration: 75%) Theoretical Edge %: 0.1758% Cut Card Empiric Edge %: -0.1915%
CSM (Penetration: 0.0%) Theoretical Edge %: 0.0628% CSM Empiric Edge %: -0.0640%
CSM Error: -0.0012%, Cut Card Error: -0.0157%
CSM Speed: 8984807 hands/sec, Cut Card Speed: 11680333 hands/sec

[1045/3456] 
=== Starting Regression Test ===
NUM_ROUNDS:  1000000000
NUM_THREADS: 16
Scenario:    decks=2_ss17=False_das=True_sas=2_don=9-11_reSplitAces=False_hitSplitAces=True_surr=2-10_peek=False_bj-pays=1.5
============================

NOTE: surr=2-10 + peek=False — theoretical table may not match implementation; edge assertion skipped.
Cut Card (Penetration: 75%) Theoretical Edge %: 0.5100% Cut Card Empiric Edge %: -0.3730%
CSM (Penetration: 0.0%) Theoretical Edge %: 0.4470% CSM Empiric Edge %: -0.2939%
CSM Error: 0.1531%, Cut Card Error: 0.1370%
CSM Speed: 7002458 hands/sec, Cut Card Speed: 10822979 hands/sec

[1046/3456] 
=== Starting Regression Test ===
NUM_ROUNDS:  1000000000
NUM_THREADS: 16
Scenario:    decks=6_ss17=True_das=False_sas=2_don=9-11_reSplitAces=False_hitSplitAces=True_surr=2-10_peek=False_bj-pays=1.2
============================

NOTE: surr=2-10 + peek=False — theoretical table may not match implementation; edge assertion skipped.
Cut Card (Penetration: 75%) Theoretical Edge %: 1.9077% Cut Card Empiric Edge %: -1.7433%
CSM (Penetration: 0.0%) Theoretical Edge %: 1.8877% CSM Empiric Edge %: -1.7203%
CSM Error: 0.1674%, Cut Card Error: 0.1644%
CSM Speed: 3647146 hands/sec, Cut Card Speed: 11209129 hands/sec

[1047/3456] 
=== Starting Regression Test ===
NUM_ROUNDS:  1000000000
NUM_THREADS: 16
Scenario:    decks=6_ss17=True_das=False_sas=3_don=9-11_reSplitAces=False_hitSplitAces=False_surr=no_peek=True_bj-pays=1.2
============================

Cut Card (Penetration: 75%) Theoretical Edge %: 2.0226% Cut Card Empiric Edge %: -2.0212%
CSM (Penetration: 0.0%) Theoretical Edge %: 2.0026% CSM Empiric Edge %: -2.0044%
CSM Error: -0.0019%, Cut Card Error: 0.0014%
CSM Speed: 3671598 hands/sec, Cut Card Speed: 11400689 hands/sec

[1048/3456] 
=== Starting Regression Test ===
NUM_ROUNDS:  1000000000
NUM_THREADS: 16
Scenario:    decks=6_ss17=True_das=False_sas=4_don=10-11_reSplitAces=False_hitSplitAces=False_surr=no_peek=False_bj-pays=1.2
============================

Cut Card (Penetration: 75%) Theoretical Edge %: 2.2104% Cut Card Empiric Edge %: -2.2155%
CSM (Penetration: 0.0%) Theoretical Edge %: 2.1904% CSM Empiric Edge %: -2.1891%
CSM Error: 0.0014%, Cut Card Error: -0.0050%
CSM Speed: 3680571 hands/sec, Cut Card Speed: 11677059 hands/sec

[1049/3456] 
=== Starting Regression Test ===
NUM_ROUNDS:  1000000000
NUM_THREADS: 16
Scenario:    decks=6_ss17=True_das=True_sas=4_don=Any_reSplitAces=True_hitSplitAces=False_surr=2-10_peek=False_bj-pays=1.5
============================

NOTE: surr=2-10 + peek=False — theoretical table may not match implementation; edge assertion skipped.
Cut Card (Penetration: 75%) Theoretical Edge %: 0.3953% Cut Card Empiric Edge %: -0.2276%
CSM (Penetration: 0.0%) Theoretical Edge %: 0.3753% CSM Empiric Edge %: -0.2042%
CSM Error: 0.1711%, Cut Card Error: 0.1677%
CSM Speed: 3679948 hands/sec, Cut Card Speed: 11452261 hands/sec

[1050/3456] 
=== Starting Regression Test ===
NUM_ROUNDS:  1000000000
NUM_THREADS: 16
Scenario:    decks=1_ss17=True_das=True_sas=2_don=9-11_reSplitAces=True_hitSplitAces=True_surr=no_peek=True_bj-pays=1.5
============================

Cut Card (Penetration: 75%) Theoretical Edge %: 0.0115% Cut Card Empiric Edge %: -0.0054%
CSM (Penetration: 0.0%) Theoretical Edge %: -0.1015% CSM Empiric Edge %: 0.1028%
CSM Error: 0.0013%, Cut Card Error: 0.0061%
CSM Speed: 9040937 hands/sec, Cut Card Speed: 12159533 hands/sec

[1051/3456] 
=== Starting Regression Test ===
NUM_ROUNDS:  1000000000
NUM_THREADS: 16
Scenario:    decks=2_ss17=True_das=False_sas=4_don=10-11_reSplitAces=True_hitSplitAces=False_surr=yes_peek=True_bj-pays=1.2
============================

NOTE: surr=yes + peek=True — using the available surr=2-10 theoretical edge as a comparison baseline; edge assertion skipped.
Cut Card (Penetration: 75%) Theoretical Edge %: 1.8733% Cut Card Empiric Edge %: -1.8695%
CSM (Penetration: 0.0%) Theoretical Edge %: 1.8103% CSM Empiric Edge %: -1.8122%
CSM Error: -0.0019%, Cut Card Error: 0.0038%
CSM Speed: 6823796 hands/sec, Cut Card Speed: 11572467 hands/sec

[1052/3456] 
=== Starting Regression Test ===
NUM_ROUNDS:  1000000000
NUM_THREADS: 16
Scenario:    decks=6_ss17=True_das=True_sas=4_don=9-11_reSplitAces=True_hitSplitAces=False_surr=no_peek=False_bj-pays=1.2
============================

Cut Card (Penetration: 75%) Theoretical Edge %: 1.9299% Cut Card Empiric Edge %: -1.9292%
CSM (Penetration: 0.0%) Theoretical Edge %: 1.9099% CSM Empiric Edge %: -1.9068%
CSM Error: 0.0031%, Cut Card Error: 0.0007%
CSM Speed: 3657591 hands/sec, Cut Card Speed: 11870563 hands/sec

[1053/3456] 
=== Starting Regression Test ===
NUM_ROUNDS:  1000000000
NUM_THREADS: 16
Scenario:    decks=6_ss17=False_das=True_sas=4_don=Any_reSplitAces=True_hitSplitAces=True_surr=yes_peek=True_bj-pays=1.5
============================

NOTE: surr=yes + peek=True — using the available surr=2-10 theoretical edge as a comparison baseline; edge assertion skipped.
Cut Card (Penetration: 75%) Theoretical Edge %: 0.3072% Cut Card Empiric Edge %: -0.3095%
CSM (Penetration: 0.0%) Theoretical Edge %: 0.2872% CSM Empiric Edge %: -0.2823%
CSM Error: 0.0049%, Cut Card Error: -0.0023%
CSM Speed: 3735902 hands/sec, Cut Card Speed: 11858739 hands/sec

[1054/3456] 
=== Starting Regression Test ===
NUM_ROUNDS:  1000000000
NUM_THREADS: 16
Scenario:    decks=6_ss17=False_das=True_sas=2_don=10-11_reSplitAces=False_hitSplitAces=False_surr=no_peek=False_bj-pays=1.5
============================

Cut Card (Penetration: 75%) Theoretical Edge %: 0.9999% Cut Card Empiric Edge %: -1.0006%
CSM (Penetration: 0.0%) Theoretical Edge %: 0.9799% CSM Empiric Edge %: -0.9755%
CSM Error: 0.0044%, Cut Card Error: -0.0007%
CSM Speed: 3667975 hands/sec, Cut Card Speed: 11880435 hands/sec

[1055/3456] 
=== Starting Regression Test ===
NUM_ROUNDS:  1000000000
NUM_THREADS: 16
Scenario:    decks=2_ss17=False_das=False_sas=2_don=Any_reSplitAces=True_hitSplitAces=False_surr=no_peek=False_bj-pays=1.2
============================

Cut Card (Penetration: 75%) Theoretical Edge %: 2.1123% Cut Card Empiric Edge %: -2.1099%
CSM (Penetration: 0.0%) Theoretical Edge %: 2.0493% CSM Empiric Edge %: -2.0443%
CSM Error: 0.0050%, Cut Card Error: 0.0024%
CSM Speed: 7023064 hands/sec, Cut Card Speed: 11398350 hands/sec

[1056/3456] 
=== Starting Regression Test ===
NUM_ROUNDS:  1000000000
NUM_THREADS: 16
Scenario:    decks=1_ss17=False_das=False_sas=2_don=Any_reSplitAces=False_hitSplitAces=False_surr=2-10_peek=False_bj-pays=1.5
============================

NOTE: surr=2-10 + peek=False — theoretical table may not match implementation; edge assertion skipped.
Cut Card (Penetration: 75%) Theoretical Edge %: 0.3912% Cut Card Empiric Edge %: -0.3006%
CSM (Penetration: 0.0%) Theoretical Edge %: 0.2782% CSM Empiric Edge %: -0.1432%
CSM Error: 0.1351%, Cut Card Error: 0.0907%
CSM Speed: 8941745 hands/sec, Cut Card Speed: 12166338 hands/sec

[1057/3456] 
=== Starting Regression Test ===
NUM_ROUNDS:  1000000000
NUM_THREADS: 16
Scenario:    decks=2_ss17=False_das=True_sas=2_don=Any_reSplitAces=False_hitSplitAces=False_surr=yes_peek=True_bj-pays=1.5
============================

NOTE: surr=yes + peek=True — using the available surr=2-10 theoretical edge as a comparison baseline; edge assertion skipped.
Cut Card (Penetration: 75%) Theoretical Edge %: 0.4353% Cut Card Empiric Edge %: -0.4448%
CSM (Penetration: 0.0%) Theoretical Edge %: 0.3723% CSM Empiric Edge %: -0.3724%
CSM Error: -0.0001%, Cut Card Error: -0.0096%
CSM Speed: 7271881 hands/sec, Cut Card Speed: 11904337 hands/sec

[1058/3456] 
=== Starting Regression Test ===
NUM_ROUNDS:  1000000000
NUM_THREADS: 16
Scenario:    decks=1_ss17=False_das=False_sas=2_don=10-11_reSplitAces=True_hitSplitAces=False_surr=no_peek=False_bj-pays=1.2
============================

Cut Card (Penetration: 75%) Theoretical Edge %: 2.1025% Cut Card Empiric Edge %: -2.0951%
CSM (Penetration: 0.0%) Theoretical Edge %: 1.9894% CSM Empiric Edge %: -1.9921%
CSM Error: -0.0027%, Cut Card Error: 0.0073%
CSM Speed: 9023968 hands/sec, Cut Card Speed: 12009992 hands/sec

[1059/3456] 
=== Starting Regression Test ===
NUM_ROUNDS:  1000000000
NUM_THREADS: 16
Scenario:    decks=6_ss17=False_das=True_sas=3_don=Any_reSplitAces=True_hitSplitAces=False_surr=2-10_peek=False_bj-pays=1.2
============================

NOTE: surr=2-10 + peek=False — theoretical table may not match implementation; edge assertion skipped.
Cut Card (Penetration: 75%) Theoretical Edge %: 1.9704% Cut Card Empiric Edge %: -1.8214%
CSM (Penetration: 0.0%) Theoretical Edge %: 1.9504% CSM Empiric Edge %: -1.7845%
CSM Error: 0.1659%, Cut Card Error: 0.1490%
CSM Speed: 3649315 hands/sec, Cut Card Speed: 11545611 hands/sec

[1060/3456] 
=== Starting Regression Test ===
NUM_ROUNDS:  1000000000
NUM_THREADS: 16
Scenario:    decks=1_ss17=True_das=True_sas=3_don=Any_reSplitAces=False_hitSplitAces=False_surr=no_peek=True_bj-pays=1.5
============================

Cut Card (Penetration: 75%) Theoretical Edge %: -0.0294% Cut Card Empiric Edge %: 0.0249%
CSM (Penetration: 0.0%) Theoretical Edge %: -0.1424% CSM Empiric Edge %: 0.1482%
CSM Error: 0.0058%, Cut Card Error: -0.0045%
CSM Speed: 9242230 hands/sec, Cut Card Speed: 11460661 hands/sec

[1061/3456] 
=== Starting Regression Test ===
NUM_ROUNDS:  1000000000
NUM_THREADS: 16
Scenario:    decks=1_ss17=False_das=True_sas=3_don=10-11_reSplitAces=True_hitSplitAces=True_surr=2-10_peek=False_bj-pays=1.2
============================

NOTE: surr=2-10 + peek=False — theoretical table may not match implementation; edge assertion skipped.
Cut Card (Penetration: 75%) Theoretical Edge %: 1.7795% Cut Card Empiric Edge %: -1.6711%
CSM (Penetration: 0.0%) Theoretical Edge %: 1.6665% CSM Empiric Edge %: -1.5337%
CSM Error: 0.1328%, Cut Card Error: 0.1084%
CSM Speed: 8937429 hands/sec, Cut Card Speed: 11301734 hands/sec

[1062/3456] 
=== Starting Regression Test ===
NUM_ROUNDS:  1000000000
NUM_THREADS: 16
Scenario:    decks=2_ss17=True_das=True_sas=4_don=10-11_reSplitAces=False_hitSplitAces=True_surr=yes_peek=True_bj-pays=1.5
============================

NOTE: surr=yes + peek=True — using the available surr=2-10 theoretical edge as a comparison baseline; edge assertion skipped.
Cut Card (Penetration: 75%) Theoretical Edge %: 0.2720% Cut Card Empiric Edge %: -0.2761%
CSM (Penetration: 0.0%) Theoretical Edge %: 0.2090% CSM Empiric Edge %: -0.2160%
CSM Error: -0.0070%, Cut Card Error: -0.0041%
CSM Speed: 7027555 hands/sec, Cut Card Speed: 11297265 hands/sec

[1063/3456] 
=== Starting Regression Test ===
NUM_ROUNDS:  1000000000
NUM_THREADS: 16
Scenario:    decks=2_ss17=True_das=True_sas=2_don=Any_reSplitAces=False_hitSplitAces=True_surr=no_peek=True_bj-pays=1.2
============================

Cut Card (Penetration: 75%) Theoretical Edge %: 1.5054% Cut Card Empiric Edge %: -1.4984%
CSM (Penetration: 0.0%) Theoretical Edge %: 1.4424% CSM Empiric Edge %: -1.4380%
CSM Error: 0.0044%, Cut Card Error: 0.0070%
CSM Speed: 7094110 hands/sec, Cut Card Speed: 11555751 hands/sec

[1064/3456] 
=== Starting Regression Test ===
NUM_ROUNDS:  1000000000
NUM_THREADS: 16
Scenario:    decks=2_ss17=True_das=True_sas=3_don=10-11_reSplitAces=True_hitSplitAces=False_surr=yes_peek=True_bj-pays=1.5
============================

NOTE: surr=yes + peek=True — using the available surr=2-10 theoretical edge as a comparison baseline; edge assertion skipped.
Cut Card (Penetration: 75%) Theoretical Edge %: 0.3907% Cut Card Empiric Edge %: -0.3973%
CSM (Penetration: 0.0%) Theoretical Edge %: 0.3277% CSM Empiric Edge %: -0.3303%
CSM Error: -0.0026%, Cut Card Error: -0.0066%
CSM Speed: 6954393 hands/sec, Cut Card Speed: 11388225 hands/sec

[1065/3456] 
=== Starting Regression Test ===
NUM_ROUNDS:  1000000000
NUM_THREADS: 16
Scenario:    decks=1_ss17=False_das=True_sas=3_don=10-11_reSplitAces=False_hitSplitAces=True_surr=no_peek=True_bj-pays=1.2
============================

Cut Card (Penetration: 75%) Theoretical Edge %: 1.7280% Cut Card Empiric Edge %: -1.7214%
CSM (Penetration: 0.0%) Theoretical Edge %: 1.6150% CSM Empiric Edge %: -1.6122%
CSM Error: 0.0028%, Cut Card Error: 0.0066%
CSM Speed: 8644910 hands/sec, Cut Card Speed: 11806375 hands/sec

[1066/3456] 
=== Starting Regression Test ===
NUM_ROUNDS:  1000000000
NUM_THREADS: 16
Scenario:    decks=6_ss17=True_das=True_sas=2_don=10-11_reSplitAces=False_hitSplitAces=True_surr=no_peek=True_bj-pays=1.5
============================

Cut Card (Penetration: 75%) Theoretical Edge %: 0.4889% Cut Card Empiric Edge %: -0.4898%
CSM (Penetration: 0.0%) Theoretical Edge %: 0.4689% CSM Empiric Edge %: -0.4659%
CSM Error: 0.0030%, Cut Card Error: -0.0009%
CSM Speed: 3585617 hands/sec, Cut Card Speed: 11634807 hands/sec

[1067/3456] 
=== Starting Regression Test ===
NUM_ROUNDS:  1000000000
NUM_THREADS: 16
Scenario:    decks=2_ss17=False_das=False_sas=4_don=Any_reSplitAces=True_hitSplitAces=True_surr=no_peek=False_bj-pays=1.2
============================

Cut Card (Penetration: 75%) Theoretical Edge %: 1.8916% Cut Card Empiric Edge %: -1.8913%
CSM (Penetration: 0.0%) Theoretical Edge %: 1.8286% CSM Empiric Edge %: -1.8350%
CSM Error: -0.0063%, Cut Card Error: 0.0004%
CSM Speed: 6899454 hands/sec, Cut Card Speed: 11276500 hands/sec

[1068/3456] 
=== Starting Regression Test ===
NUM_ROUNDS:  1000000000
NUM_THREADS: 16
Scenario:    decks=1_ss17=True_das=False_sas=2_don=10-11_reSplitAces=True_hitSplitAces=False_surr=no_peek=False_bj-pays=1.2
============================

Cut Card (Penetration: 75%) Theoretical Edge %: 1.8954% Cut Card Empiric Edge %: -1.8870%
CSM (Penetration: 0.0%) Theoretical Edge %: 1.7824% CSM Empiric Edge %: -1.7838%
CSM Error: -0.0015%, Cut Card Error: 0.0084%
CSM Speed: 8943824 hands/sec, Cut Card Speed: 11604024 hands/sec

[1069/3456] 
=== Starting Regression Test ===
NUM_ROUNDS:  1000000000
NUM_THREADS: 16
Scenario:    decks=6_ss17=True_das=False_sas=2_don=Any_reSplitAces=True_hitSplitAces=False_surr=2-10_peek=False_bj-pays=1.2
============================

NOTE: surr=2-10 + peek=False — theoretical table may not match implementation; edge assertion skipped.
Cut Card (Penetration: 75%) Theoretical Edge %: 1.9905% Cut Card Empiric Edge %: -1.8250%
CSM (Penetration: 0.0%) Theoretical Edge %: 1.9705% CSM Empiric Edge %: -1.7935%
CSM Error: 0.1770%, Cut Card Error: 0.1655%
CSM Speed: 3622585 hands/sec, Cut Card Speed: 12043259 hands/sec

[1070/3456] 
=== Starting Regression Test ===
NUM_ROUNDS:  1000000000
NUM_THREADS: 16
Scenario:    decks=1_ss17=False_das=True_sas=4_don=Any_reSplitAces=False_hitSplitAces=False_surr=no_peek=True_bj-pays=1.5
============================

Cut Card (Penetration: 75%) Theoretical Edge %: 0.1595% Cut Card Empiric Edge %: -0.1661%
CSM (Penetration: 0.0%) Theoretical Edge %: 0.0464% CSM Empiric Edge %: -0.0379%
CSM Error: 0.0086%, Cut Card Error: -0.0067%
CSM Speed: 9164475 hands/sec, Cut Card Speed: 11568986 hands/sec

[1071/3456] 
=== Starting Regression Test ===
NUM_ROUNDS:  1000000000
NUM_THREADS: 16
Scenario:    decks=2_ss17=False_das=False_sas=4_don=Any_reSplitAces=True_hitSplitAces=False_surr=no_peek=True_bj-pays=1.5
============================

Cut Card (Penetration: 75%) Theoretical Edge %: 0.5491% Cut Card Empiric Edge %: -0.5492%
CSM (Penetration: 0.0%) Theoretical Edge %: 0.4861% CSM Empiric Edge %: -0.4910%
CSM Error: -0.0049%, Cut Card Error: -0.0001%
CSM Speed: 7119667 hands/sec, Cut Card Speed: 11203101 hands/sec

[1072/3456] 
=== Starting Regression Test ===
NUM_ROUNDS:  1000000000
NUM_THREADS: 16
Scenario:    decks=1_ss17=False_das=False_sas=3_don=9-11_reSplitAces=False_hitSplitAces=True_surr=no_peek=False_bj-pays=1.2
============================

Cut Card (Penetration: 75%) Theoretical Edge %: 1.8286% Cut Card Empiric Edge %: -1.8199%
CSM (Penetration: 0.0%) Theoretical Edge %: 1.7156% CSM Empiric Edge %: -1.7190%
CSM Error: -0.0034%, Cut Card Error: 0.0087%
CSM Speed: 8902896 hands/sec, Cut Card Speed: 11662624 hands/sec

[1073/3456] 
=== Starting Regression Test ===
NUM_ROUNDS:  1000000000
NUM_THREADS: 16
Scenario:    decks=2_ss17=True_das=False_sas=3_don=9-11_reSplitAces=False_hitSplitAces=True_surr=no_peek=False_bj-pays=1.2
============================

Cut Card (Penetration: 75%) Theoretical Edge %: 1.8303% Cut Card Empiric Edge %: -1.8296%
CSM (Penetration: 0.0%) Theoretical Edge %: 1.7673% CSM Empiric Edge %: -1.7782%
CSM Error: -0.0109%, Cut Card Error: 0.0006%
CSM Speed: 6992811 hands/sec, Cut Card Speed: 11358602 hands/sec

[1074/3456] 
=== Starting Regression Test ===
NUM_ROUNDS:  1000000000
NUM_THREADS: 16
Scenario:    decks=6_ss17=True_das=True_sas=4_don=Any_reSplitAces=True_hitSplitAces=False_surr=no_peek=True_bj-pays=1.5
============================

Cut Card (Penetration: 75%) Theoretical Edge %: 0.3577% Cut Card Empiric Edge %: -0.3573%
CSM (Penetration: 0.0%) Theoretical Edge %: 0.3377% CSM Empiric Edge %: -0.3366%
CSM Error: 0.0011%, Cut Card Error: 0.0004%
CSM Speed: 3671342 hands/sec, Cut Card Speed: 11572735 hands/sec

[1075/3456] 
=== Starting Regression Test ===
NUM_ROUNDS:  1000000000
NUM_THREADS: 16
Scenario:    decks=6_ss17=False_das=False_sas=4_don=Any_reSplitAces=False_hitSplitAces=False_surr=no_peek=False_bj-pays=1.2
============================

Cut Card (Penetration: 75%) Theoretical Edge %: 2.2525% Cut Card Empiric Edge %: -2.2501%
CSM (Penetration: 0.0%) Theoretical Edge %: 2.2325% CSM Empiric Edge %: -2.2268%
CSM Error: 0.0057%, Cut Card Error: 0.0025%
CSM Speed: 3655104 hands/sec, Cut Card Speed: 11868732 hands/sec

[1076/3456] 
=== Starting Regression Test ===
NUM_ROUNDS:  1000000000
NUM_THREADS: 16
Scenario:    decks=6_ss17=True_das=False_sas=2_don=10-11_reSplitAces=False_hitSplitAces=True_surr=yes_peek=True_bj-pays=1.5
============================

NOTE: surr=yes + peek=True — using the available surr=2-10 theoretical edge as a comparison baseline; edge assertion skipped.
Cut Card (Penetration: 75%) Theoretical Edge %: 0.5223% Cut Card Empiric Edge %: -0.5245%
CSM (Penetration: 0.0%) Theoretical Edge %: 0.5023% CSM Empiric Edge %: -0.5143%
CSM Error: -0.0121%, Cut Card Error: -0.0023%
CSM Speed: 3638931 hands/sec, Cut Card Speed: 11475523 hands/sec

[1077/3456] 
=== Starting Regression Test ===
NUM_ROUNDS:  1000000000
NUM_THREADS: 16
Scenario:    decks=6_ss17=False_das=False_sas=3_don=Any_reSplitAces=True_hitSplitAces=False_surr=no_peek=True_bj-pays=1.5
============================

Cut Card (Penetration: 75%) Theoretical Edge %: 0.7315% Cut Card Empiric Edge %: -0.7340%
CSM (Penetration: 0.0%) Theoretical Edge %: 0.7115% CSM Empiric Edge %: -0.7065%
CSM Error: 0.0049%, Cut Card Error: -0.0026%
CSM Speed: 3551351 hands/sec, Cut Card Speed: 11695086 hands/sec

[1078/3456] 
=== Starting Regression Test ===
NUM_ROUNDS:  1000000000
NUM_THREADS: 16
Scenario:    decks=1_ss17=True_das=True_sas=3_don=10-11_reSplitAces=False_hitSplitAces=True_surr=no_peek=True_bj-pays=1.5
============================

Cut Card (Penetration: 75%) Theoretical Edge %: 0.1323% Cut Card Empiric Edge %: -0.1288%
CSM (Penetration: 0.0%) Theoretical Edge %: 0.0193% CSM Empiric Edge %: -0.0184%
CSM Error: 0.0009%, Cut Card Error: 0.0035%
CSM Speed: 8584796 hands/sec, Cut Card Speed: 11258852 hands/sec

[1079/3456] 
=== Starting Regression Test ===
NUM_ROUNDS:  1000000000
NUM_THREADS: 16
Scenario:    decks=2_ss17=True_das=False_sas=3_don=10-11_reSplitAces=True_hitSplitAces=True_surr=yes_peek=True_bj-pays=1.5
============================

NOTE: surr=yes + peek=True — using the available surr=2-10 theoretical edge as a comparison baseline; edge assertion skipped.
Cut Card (Penetration: 75%) Theoretical Edge %: 0.3575% Cut Card Empiric Edge %: -0.3616%
CSM (Penetration: 0.0%) Theoretical Edge %: 0.2945% CSM Empiric Edge %: -0.2981%
CSM Error: -0.0035%, Cut Card Error: -0.0041%
CSM Speed: 6982850 hands/sec, Cut Card Speed: 10811395 hands/sec

[1080/3456] 
=== Starting Regression Test ===
NUM_ROUNDS:  1000000000
NUM_THREADS: 16
Scenario:    decks=1_ss17=True_das=False_sas=3_don=Any_reSplitAces=False_hitSplitAces=True_surr=no_peek=True_bj-pays=1.5
============================

Cut Card (Penetration: 75%) Theoretical Edge %: -0.0203% Cut Card Empiric Edge %: 0.0186%
CSM (Penetration: 0.0%) Theoretical Edge %: -0.1333% CSM Empiric Edge %: 0.1406%
CSM Error: 0.0073%, Cut Card Error: -0.0017%
CSM Speed: 9280398 hands/sec, Cut Card Speed: 11564036 hands/sec

[1081/3456] 
=== Starting Regression Test ===
NUM_ROUNDS:  1000000000
NUM_THREADS: 16
Scenario:    decks=1_ss17=False_das=False_sas=3_don=10-11_reSplitAces=False_hitSplitAces=True_surr=yes_peek=True_bj-pays=1.5
============================

NOTE: surr=yes + peek=True — using the available surr=2-10 theoretical edge as a comparison baseline; edge assertion skipped.
Cut Card (Penetration: 75%) Theoretical Edge %: 0.4127% Cut Card Empiric Edge %: -0.4249%
CSM (Penetration: 0.0%) Theoretical Edge %: 0.2997% CSM Empiric Edge %: -0.3003%
CSM Error: -0.0006%, Cut Card Error: -0.0122%
CSM Speed: 9191768 hands/sec, Cut Card Speed: 11690027 hands/sec

[1082/3456] 
=== Starting Regression Test ===
NUM_ROUNDS:  1000000000
NUM_THREADS: 16
Scenario:    decks=2_ss17=False_das=False_sas=4_don=10-11_reSplitAces=True_hitSplitAces=True_surr=2-10_peek=False_bj-pays=1.2
============================

NOTE: surr=2-10 + peek=False — theoretical table may not match implementation; edge assertion skipped.
Cut Card (Penetration: 75%) Theoretical Edge %: 2.0349% Cut Card Empiric Edge %: -1.8927%
CSM (Penetration: 0.0%) Theoretical Edge %: 1.9720% CSM Empiric Edge %: -1.8251%
CSM Error: 0.1469%, Cut Card Error: 0.1422%
CSM Speed: 6937988 hands/sec, Cut Card Speed: 11215918 hands/sec

[1083/3456] 
=== Starting Regression Test ===
NUM_ROUNDS:  1000000000
NUM_THREADS: 16
Scenario:    decks=2_ss17=False_das=False_sas=4_don=9-11_reSplitAces=True_hitSplitAces=False_surr=yes_peek=True_bj-pays=1.2
============================

NOTE: surr=yes + peek=True — using the available surr=2-10 theoretical edge as a comparison baseline; edge assertion skipped.
Cut Card (Penetration: 75%) Theoretical Edge %: 1.9700% Cut Card Empiric Edge %: -1.9769%
CSM (Penetration: 0.0%) Theoretical Edge %: 1.9070% CSM Empiric Edge %: -1.9057%
CSM Error: 0.0013%, Cut Card Error: -0.0069%
CSM Speed: 7047266 hands/sec, Cut Card Speed: 11671744 hands/sec

[1084/3456] 
=== Starting Regression Test ===
NUM_ROUNDS:  1000000000
NUM_THREADS: 16
Scenario:    decks=6_ss17=False_das=False_sas=4_don=10-11_reSplitAces=False_hitSplitAces=True_surr=2-10_peek=False_bj-pays=1.5
============================

NOTE: surr=2-10 + peek=False — theoretical table may not match implementation; edge assertion skipped.
Cut Card (Penetration: 75%) Theoretical Edge %: 0.8097% Cut Card Empiric Edge %: -0.6634%
CSM (Penetration: 0.0%) Theoretical Edge %: 0.7897% CSM Empiric Edge %: -0.6352%
CSM Error: 0.1545%, Cut Card Error: 0.1463%
CSM Speed: 3678865 hands/sec, Cut Card Speed: 11311833 hands/sec

[1085/3456] 
=== Starting Regression Test ===
NUM_ROUNDS:  1000000000
NUM_THREADS: 16
Scenario:    decks=6_ss17=True_das=True_sas=4_don=10-11_reSplitAces=False_hitSplitAces=False_surr=yes_peek=True_bj-pays=1.5
============================

NOTE: surr=yes + peek=True — using the available surr=2-10 theoretical edge as a comparison baseline; edge assertion skipped.
Cut Card (Penetration: 75%) Theoretical Edge %: 0.5457% Cut Card Empiric Edge %: -0.5492%
CSM (Penetration: 0.0%) Theoretical Edge %: 0.5257% CSM Empiric Edge %: -0.5259%
CSM Error: -0.0003%, Cut Card Error: -0.0035%
CSM Speed: 3598300 hands/sec, Cut Card Speed: 11360151 hands/sec

[1086/3456] 
=== Starting Regression Test ===
NUM_ROUNDS:  1000000000
NUM_THREADS: 16
Scenario:    decks=6_ss17=False_das=True_sas=2_don=10-11_reSplitAces=False_hitSplitAces=True_surr=no_peek=True_bj-pays=1.2
============================

Cut Card (Penetration: 75%) Theoretical Edge %: 2.0723% Cut Card Empiric Edge %: -2.0720%
CSM (Penetration: 0.0%) Theoretical Edge %: 2.0523% CSM Empiric Edge %: -2.0541%
CSM Error: -0.0018%, Cut Card Error: 0.0003%
CSM Speed: 3647665 hands/sec, Cut Card Speed: 11528308 hands/sec

[1087/3456] 
=== Starting Regression Test ===
NUM_ROUNDS:  1000000000
NUM_THREADS: 16
Scenario:    decks=2_ss17=False_das=False_sas=2_don=9-11_reSplitAces=False_hitSplitAces=False_surr=no_peek=False_bj-pays=1.5
============================

Cut Card (Penetration: 75%) Theoretical Edge %: 0.8524% Cut Card Empiric Edge %: -0.8515%
CSM (Penetration: 0.0%) Theoretical Edge %: 0.7894% CSM Empiric Edge %: -0.7884%
CSM Error: 0.0009%, Cut Card Error: 0.0008%
CSM Speed: 6880276 hands/sec, Cut Card Speed: 10744601 hands/sec

[1088/3456] 
=== Starting Regression Test ===
NUM_ROUNDS:  1000000000
NUM_THREADS: 16
Scenario:    decks=1_ss17=True_das=True_sas=2_don=10-11_reSplitAces=False_hitSplitAces=False_surr=no_peek=False_bj-pays=1.5
============================

Cut Card (Penetration: 75%) Theoretical Edge %: 0.3962% Cut Card Empiric Edge %: -0.3963%
CSM (Penetration: 0.0%) Theoretical Edge %: 0.2832% CSM Empiric Edge %: -0.2814%
CSM Error: 0.0017%, Cut Card Error: -0.0001%
CSM Speed: 8786034 hands/sec, Cut Card Speed: 11687158 hands/sec

[1089/3456] 
=== Starting Regression Test ===
NUM_ROUNDS:  1000000000
NUM_THREADS: 16
Scenario:    decks=6_ss17=False_das=False_sas=2_don=Any_reSplitAces=False_hitSplitAces=False_surr=2-10_peek=False_bj-pays=1.2
============================

NOTE: surr=2-10 + peek=False — theoretical table may not match implementation; edge assertion skipped.
Cut Card (Penetration: 75%) Theoretical Edge %: 2.1898% Cut Card Empiric Edge %: -2.0407%
CSM (Penetration: 0.0%) Theoretical Edge %: 2.1698% CSM Empiric Edge %: -2.0112%
CSM Error: 0.1587%, Cut Card Error: 0.1491%
CSM Speed: 3615682 hands/sec, Cut Card Speed: 11457641 hands/sec

[1090/3456] 
=== Starting Regression Test ===
NUM_ROUNDS:  1000000000
NUM_THREADS: 16
Scenario:    decks=6_ss17=False_das=True_sas=4_don=10-11_reSplitAces=False_hitSplitAces=False_surr=no_peek=False_bj-pays=1.5
============================

Cut Card (Penetration: 75%) Theoretical Edge %: 0.9507% Cut Card Empiric Edge %: -0.9525%
CSM (Penetration: 0.0%) Theoretical Edge %: 0.9307% CSM Empiric Edge %: -0.9282%
CSM Error: 0.0025%, Cut Card Error: -0.0018%
CSM Speed: 3562040 hands/sec, Cut Card Speed: 11440470 hands/sec

[1091/3456] 
=== Starting Regression Test ===
NUM_ROUNDS:  1000000000
NUM_THREADS: 16
Scenario:    decks=1_ss17=True_das=True_sas=4_don=Any_reSplitAces=True_hitSplitAces=True_surr=no_peek=False_bj-pays=1.5
============================

Cut Card (Penetration: 75%) Theoretical Edge %: -0.0880% Cut Card Empiric Edge %: 0.0737%
CSM (Penetration: 0.0%) Theoretical Edge %: -0.2010% CSM Empiric Edge %: 0.1921%
CSM Error: -0.0089%, Cut Card Error: -0.0143%
CSM Speed: 8588335 hands/sec, Cut Card Speed: 11607931 hands/sec

[1092/3456] 
=== Starting Regression Test ===
NUM_ROUNDS:  1000000000
NUM_THREADS: 16
Scenario:    decks=1_ss17=True_das=True_sas=2_don=9-11_reSplitAces=False_hitSplitAces=True_surr=yes_peek=True_bj-pays=1.5
============================

NOTE: surr=yes + peek=True — using the available surr=2-10 theoretical edge as a comparison baseline; edge assertion skipped.
Cut Card (Penetration: 75%) Theoretical Edge %: -0.0106% Cut Card Empiric Edge %: -0.0006%
CSM (Penetration: 0.0%) Theoretical Edge %: -0.1235% CSM Empiric Edge %: 0.1171%
CSM Error: -0.0064%, Cut Card Error: -0.0111%
CSM Speed: 8932001 hands/sec, Cut Card Speed: 11634536 hands/sec

[1093/3456] 
=== Starting Regression Test ===
NUM_ROUNDS:  1000000000
NUM_THREADS: 16
Scenario:    decks=2_ss17=False_das=False_sas=3_don=9-11_reSplitAces=False_hitSplitAces=False_surr=no_peek=False_bj-pays=1.2
============================

Cut Card (Penetration: 75%) Theoretical Edge %: 2.2032% Cut Card Empiric Edge %: -2.2011%
CSM (Penetration: 0.0%) Theoretical Edge %: 2.1402% CSM Empiric Edge %: -2.1444%
CSM Error: -0.0042%, Cut Card Error: 0.0021%
CSM Speed: 6830181 hands/sec, Cut Card Speed: 11231160 hands/sec

[1094/3456] 
=== Starting Regression Test ===
NUM_ROUNDS:  1000000000
NUM_THREADS: 16
Scenario:    decks=2_ss17=False_das=True_sas=3_don=10-11_reSplitAces=False_hitSplitAces=True_surr=2-10_peek=False_bj-pays=1.5
============================

NOTE: surr=2-10 + peek=False — theoretical table may not match implementation; edge assertion skipped.
Cut Card (Penetration: 75%) Theoretical Edge %: 0.5871% Cut Card Empiric Edge %: -0.4496%
CSM (Penetration: 0.0%) Theoretical Edge %: 0.5241% CSM Empiric Edge %: -0.3718%
CSM Error: 0.1524%, Cut Card Error: 0.1376%
CSM Speed: 6638916 hands/sec, Cut Card Speed: 11089671 hands/sec

[1095/3456] 
=== Starting Regression Test ===
NUM_ROUNDS:  1000000000
NUM_THREADS: 16
Scenario:    decks=2_ss17=False_das=True_sas=2_don=10-11_reSplitAces=False_hitSplitAces=True_surr=no_peek=True_bj-pays=1.5
============================

Cut Card (Penetration: 75%) Theoretical Edge %: 0.5772% Cut Card Empiric Edge %: -0.5687%
CSM (Penetration: 0.0%) Theoretical Edge %: 0.5142% CSM Empiric Edge %: -0.5086%
CSM Error: 0.0056%, Cut Card Error: 0.0085%
CSM Speed: 6913478 hands/sec, Cut Card Speed: 11471968 hands/sec

[1096/3456] 
=== Starting Regression Test ===
NUM_ROUNDS:  1000000000
NUM_THREADS: 16
Scenario:    decks=1_ss17=True_das=False_sas=2_don=10-11_reSplitAces=False_hitSplitAces=True_surr=no_peek=True_bj-pays=1.5
============================

Cut Card (Penetration: 75%) Theoretical Edge %: 0.2640% Cut Card Empiric Edge %: -0.2607%
CSM (Penetration: 0.0%) Theoretical Edge %: 0.1510% CSM Empiric Edge %: -0.1519%
CSM Error: -0.0010%, Cut Card Error: 0.0032%
CSM Speed: 8924269 hands/sec, Cut Card Speed: 11400429 hands/sec

[1097/3456] 
=== Starting Regression Test ===
NUM_ROUNDS:  1000000000
NUM_THREADS: 16
Scenario:    decks=2_ss17=False_das=False_sas=3_don=Any_reSplitAces=True_hitSplitAces=True_surr=yes_peek=True_bj-pays=1.2
============================

NOTE: surr=yes + peek=True — using the available surr=2-10 theoretical edge as a comparison baseline; edge assertion skipped.
Cut Card (Penetration: 75%) Theoretical Edge %: 1.7162% Cut Card Empiric Edge %: -1.7228%
CSM (Penetration: 0.0%) Theoretical Edge %: 1.6532% CSM Empiric Edge %: -1.6572%
CSM Error: -0.0040%, Cut Card Error: -0.0066%
CSM Speed: 7020697 hands/sec, Cut Card Speed: 11990120 hands/sec

[1098/3456] 
=== Starting Regression Test ===
NUM_ROUNDS:  1000000000
NUM_THREADS: 16
Scenario:    decks=1_ss17=False_das=False_sas=4_don=10-11_reSplitAces=True_hitSplitAces=True_surr=yes_peek=True_bj-pays=1.2
============================

NOTE: surr=yes + peek=True — using the available surr=2-10 theoretical edge as a comparison baseline; edge assertion skipped.
Cut Card (Penetration: 75%) Theoretical Edge %: 1.7803% Cut Card Empiric Edge %: -1.7785%
CSM (Penetration: 0.0%) Theoretical Edge %: 1.6673% CSM Empiric Edge %: -1.6755%
CSM Error: -0.0082%, Cut Card Error: 0.0017%
CSM Speed: 9089422 hands/sec, Cut Card Speed: 11555617 hands/sec

[1099/3456] 
=== Starting Regression Test ===
NUM_ROUNDS:  1000000000
NUM_THREADS: 16
Scenario:    decks=2_ss17=True_das=True_sas=3_don=10-11_reSplitAces=True_hitSplitAces=False_surr=yes_peek=True_bj-pays=1.2
============================

NOTE: surr=yes + peek=True — using the available surr=2-10 theoretical edge as a comparison baseline; edge assertion skipped.
Cut Card (Penetration: 75%) Theoretical Edge %: 1.7642% Cut Card Empiric Edge %: -1.7686%
CSM (Penetration: 0.0%) Theoretical Edge %: 1.7012% CSM Empiric Edge %: -1.7047%
CSM Error: -0.0035%, Cut Card Error: -0.0044%
CSM Speed: 6918404 hands/sec, Cut Card Speed: 10716620 hands/sec

[1100/3456] 
=== Starting Regression Test ===
NUM_ROUNDS:  1000000000
NUM_THREADS: 16
Scenario:    decks=6_ss17=False_das=False_sas=2_don=10-11_reSplitAces=True_hitSplitAces=True_surr=yes_peek=True_bj-pays=1.2
============================

NOTE: surr=yes + peek=True — using the available surr=2-10 theoretical edge as a comparison baseline; edge assertion skipped.
Cut Card (Penetration: 75%) Theoretical Edge %: 2.0918% Cut Card Empiric Edge %: -2.0944%
CSM (Penetration: 0.0%) Theoretical Edge %: 2.0718% CSM Empiric Edge %: -2.0681%
CSM Error: 0.0037%, Cut Card Error: -0.0026%
CSM Speed: 3564440 hands/sec, Cut Card Speed: 11213654 hands/sec

[1101/3456] 
=== Starting Regression Test ===
NUM_ROUNDS:  1000000000
NUM_THREADS: 16
Scenario:    decks=2_ss17=True_das=False_sas=3_don=Any_reSplitAces=True_hitSplitAces=True_surr=2-10_peek=False_bj-pays=1.2
============================

NOTE: surr=2-10 + peek=False — theoretical table may not match implementation; edge assertion skipped.
Cut Card (Penetration: 75%) Theoretical Edge %: 1.6335% Cut Card Empiric Edge %: -1.4857%
CSM (Penetration: 0.0%) Theoretical Edge %: 1.5705% CSM Empiric Edge %: -1.4075%
CSM Error: 0.1630%, Cut Card Error: 0.1478%
CSM Speed: 6801749 hands/sec, Cut Card Speed: 11370484 hands/sec

[1102/3456] 
=== Starting Regression Test ===
NUM_ROUNDS:  1000000000
NUM_THREADS: 16
Scenario:    decks=1_ss17=True_das=True_sas=3_don=10-11_reSplitAces=True_hitSplitAces=False_surr=no_peek=False_bj-pays=1.2
============================

Cut Card (Penetration: 75%) Theoretical Edge %: 1.7366% Cut Card Empiric Edge %: -1.7271%
CSM (Penetration: 0.0%) Theoretical Edge %: 1.6236% CSM Empiric Edge %: -1.6253%
CSM Error: -0.0017%, Cut Card Error: 0.0095%
CSM Speed: 8802429 hands/sec, Cut Card Speed: 11503906 hands/sec

[1103/3456] 
=== Starting Regression Test ===
NUM_ROUNDS:  1000000000
NUM_THREADS: 16
Scenario:    decks=6_ss17=True_das=False_sas=3_don=9-11_reSplitAces=False_hitSplitAces=False_surr=no_peek=False_bj-pays=1.5
============================

Cut Card (Penetration: 75%) Theoretical Edge %: 0.7718% Cut Card Empiric Edge %: -0.7703%
CSM (Penetration: 0.0%) Theoretical Edge %: 0.7518% CSM Empiric Edge %: -0.7540%
CSM Error: -0.0023%, Cut Card Error: 0.0015%
CSM Speed: 3589569 hands/sec, Cut Card Speed: 11173559 hands/sec

[1104/3456] 
=== Starting Regression Test ===
NUM_ROUNDS:  1000000000
NUM_THREADS: 16
Scenario:    decks=6_ss17=False_das=False_sas=4_don=Any_reSplitAces=False_hitSplitAces=True_surr=no_peek=True_bj-pays=1.2
============================

Cut Card (Penetration: 75%) Theoretical Edge %: 1.9657% Cut Card Empiric Edge %: -1.9645%
CSM (Penetration: 0.0%) Theoretical Edge %: 1.9457% CSM Empiric Edge %: -1.9473%
CSM Error: -0.0016%, Cut Card Error: 0.0012%
CSM Speed: 3636813 hands/sec, Cut Card Speed: 11385761 hands/sec

[1105/3456] 
=== Starting Regression Test ===
NUM_ROUNDS:  1000000000
NUM_THREADS: 16
Scenario:    decks=6_ss17=False_das=False_sas=2_don=10-11_reSplitAces=True_hitSplitAces=True_surr=2-10_peek=False_bj-pays=1.2
============================

NOTE: surr=2-10 + peek=False — theoretical table may not match implementation; edge assertion skipped.
Cut Card (Penetration: 75%) Theoretical Edge %: 2.2014% Cut Card Empiric Edge %: -2.0529%
CSM (Penetration: 0.0%) Theoretical Edge %: 2.1814% CSM Empiric Edge %: -2.0318%
CSM Error: 0.1496%, Cut Card Error: 0.1484%
CSM Speed: 3544453 hands/sec, Cut Card Speed: 11160963 hands/sec

[1106/3456] 
=== Starting Regression Test ===
NUM_ROUNDS:  1000000000
NUM_THREADS: 16
Scenario:    decks=1_ss17=False_das=True_sas=2_don=Any_reSplitAces=False_hitSplitAces=False_surr=2-10_peek=False_bj-pays=1.5
============================

NOTE: surr=2-10 + peek=False — theoretical table may not match implementation; edge assertion skipped.
Cut Card (Penetration: 75%) Theoretical Edge %: 0.2616% Cut Card Empiric Edge %: -0.1723%
CSM (Penetration: 0.0%) Theoretical Edge %: 0.1486% CSM Empiric Edge %: -0.0073%
CSM Error: 0.1413%, Cut Card Error: 0.0893%
CSM Speed: 8962581 hands/sec, Cut Card Speed: 11459217 hands/sec

[1107/3456] 
=== Starting Regression Test ===
NUM_ROUNDS:  1000000000
NUM_THREADS: 16
Scenario:    decks=1_ss17=True_das=True_sas=4_don=Any_reSplitAces=True_hitSplitAces=False_surr=2-10_peek=False_bj-pays=1.5
============================

NOTE: surr=2-10 + peek=False — theoretical table may not match implementation; edge assertion skipped.
Cut Card (Penetration: 75%) Theoretical Edge %: 0.0215% Cut Card Empiric Edge %: 0.0872%
CSM (Penetration: 0.0%) Theoretical Edge %: -0.0915% CSM Empiric Edge %: 0.2434%
CSM Error: 0.1519%, Cut Card Error: 0.1088%
CSM Speed: 9164727 hands/sec, Cut Card Speed: 11034483 hands/sec

[1108/3456] 
=== Starting Regression Test ===
NUM_ROUNDS:  1000000000
NUM_THREADS: 16
Scenario:    decks=1_ss17=False_das=True_sas=2_don=9-11_reSplitAces=False_hitSplitAces=False_surr=no_peek=True_bj-pays=1.2
============================

Cut Card (Penetration: 75%) Theoretical Edge %: 1.7387% Cut Card Empiric Edge %: -1.7406%
CSM (Penetration: 0.0%) Theoretical Edge %: 1.6257% CSM Empiric Edge %: -1.6182%
CSM Error: 0.0075%, Cut Card Error: -0.0019%
CSM Speed: 9134672 hands/sec, Cut Card Speed: 11736400 hands/sec

[1109/3456] 
=== Starting Regression Test ===
NUM_ROUNDS:  1000000000
NUM_THREADS: 16
Scenario:    decks=1_ss17=True_das=True_sas=4_don=10-11_reSplitAces=True_hitSplitAces=False_surr=yes_peek=True_bj-pays=1.2
============================

NOTE: surr=yes + peek=True — using the available surr=2-10 theoretical edge as a comparison baseline; edge assertion skipped.
Cut Card (Penetration: 75%) Theoretical Edge %: 1.6025% Cut Card Empiric Edge %: -1.6031%
CSM (Penetration: 0.0%) Theoretical Edge %: 1.4895% CSM Empiric Edge %: -1.4927%
CSM Error: -0.0032%, Cut Card Error: -0.0005%
CSM Speed: 8845096 hands/sec, Cut Card Speed: 11470652 hands/sec

[1110/3456] 
=== Starting Regression Test ===
NUM_ROUNDS:  1000000000
NUM_THREADS: 16
Scenario:    decks=6_ss17=True_das=False_sas=2_don=9-11_reSplitAces=False_hitSplitAces=True_surr=no_peek=False_bj-pays=1.2
============================

Cut Card (Penetration: 75%) Theoretical Edge %: 1.9864% Cut Card Empiric Edge %: -1.9959%
CSM (Penetration: 0.0%) Theoretical Edge %: 1.9664% CSM Empiric Edge %: -1.9728%
CSM Error: -0.0064%, Cut Card Error: -0.0095%
CSM Speed: 3578163 hands/sec, Cut Card Speed: 11235450 hands/sec

[1111/3456] 
=== Starting Regression Test ===
NUM_ROUNDS:  1000000000
NUM_THREADS: 16
Scenario:    decks=2_ss17=False_das=False_sas=3_don=10-11_reSplitAces=False_hitSplitAces=True_surr=no_peek=True_bj-pays=1.5
============================

Cut Card (Penetration: 75%) Theoretical Edge %: 0.6622% Cut Card Empiric Edge %: -0.6550%
CSM (Penetration: 0.0%) Theoretical Edge %: 0.5992% CSM Empiric Edge %: -0.5945%
CSM Error: 0.0047%, Cut Card Error: 0.0072%
CSM Speed: 6933563 hands/sec, Cut Card Speed: 11102599 hands/sec

[1112/3456] 
=== Starting Regression Test ===
NUM_ROUNDS:  1000000000
NUM_THREADS: 16
Scenario:    decks=1_ss17=False_das=False_sas=3_don=9-11_reSplitAces=False_hitSplitAces=True_surr=2-10_peek=False_bj-pays=1.5
============================

NOTE: surr=2-10 + peek=False — theoretical table may not match implementation; edge assertion skipped.
Cut Card (Penetration: 75%) Theoretical Edge %: 0.3937% Cut Card Empiric Edge %: -0.2835%
CSM (Penetration: 0.0%) Theoretical Edge %: 0.2807% CSM Empiric Edge %: -0.1413%
CSM Error: 0.1394%, Cut Card Error: 0.1103%
CSM Speed: 8810029 hands/sec, Cut Card Speed: 11582386 hands/sec

[1113/3456] 
=== Starting Regression Test ===
NUM_ROUNDS:  1000000000
NUM_THREADS: 16
Scenario:    decks=2_ss17=False_das=False_sas=4_don=9-11_reSplitAces=False_hitSplitAces=False_surr=no_peek=False_bj-pays=1.5
============================

Cut Card (Penetration: 75%) Theoretical Edge %: 0.8264% Cut Card Empiric Edge %: -0.8209%
CSM (Penetration: 0.0%) Theoretical Edge %: 0.7634% CSM Empiric Edge %: -0.7610%
CSM Error: 0.0024%, Cut Card Error: 0.0056%
CSM Speed: 6712851 hands/sec, Cut Card Speed: 11171437 hands/sec

[1114/3456] 
=== Starting Regression Test ===
NUM_ROUNDS:  1000000000
NUM_THREADS: 16
Scenario:    decks=1_ss17=True_das=False_sas=3_don=9-11_reSplitAces=False_hitSplitAces=False_surr=no_peek=False_bj-pays=1.2
============================

Cut Card (Penetration: 75%) Theoretical Edge %: 1.7477% Cut Card Empiric Edge %: -1.7407%
CSM (Penetration: 0.0%) Theoretical Edge %: 1.6347% CSM Empiric Edge %: -1.6338%
CSM Error: 0.0010%, Cut Card Error: 0.0070%
CSM Speed: 8905513 hands/sec, Cut Card Speed: 11501656 hands/sec

[1115/3456] 
=== Starting Regression Test ===
NUM_ROUNDS:  1000000000
NUM_THREADS: 16
Scenario:    decks=6_ss17=False_das=True_sas=2_don=9-11_reSplitAces=False_hitSplitAces=False_surr=no_peek=True_bj-pays=1.2
============================

Cut Card (Penetration: 75%) Theoretical Edge %: 2.1566% Cut Card Empiric Edge %: -2.1550%
CSM (Penetration: 0.0%) Theoretical Edge %: 2.1366% CSM Empiric Edge %: -2.1377%
CSM Error: -0.0011%, Cut Card Error: 0.0016%
CSM Speed: 3617971 hands/sec, Cut Card Speed: 11638869 hands/sec

[1116/3456] 
=== Starting Regression Test ===
NUM_ROUNDS:  1000000000
NUM_THREADS: 16
Scenario:    decks=1_ss17=True_das=False_sas=2_don=Any_reSplitAces=True_hitSplitAces=True_surr=no_peek=True_bj-pays=1.5
============================

Cut Card (Penetration: 75%) Theoretical Edge %: -0.0040% Cut Card Empiric Edge %: 0.0045%
CSM (Penetration: 0.0%) Theoretical Edge %: -0.1170% CSM Empiric Edge %: 0.1129%
CSM Error: -0.0041%, Cut Card Error: 0.0005%
CSM Speed: 9031221 hands/sec, Cut Card Speed: 11683608 hands/sec

[1117/3456] 
=== Starting Regression Test ===
NUM_ROUNDS:  1000000000
NUM_THREADS: 16
Scenario:    decks=6_ss17=True_das=True_sas=4_don=10-11_reSplitAces=False_hitSplitAces=False_surr=no_peek=True_bj-pays=1.5
============================

Cut Card (Penetration: 75%) Theoretical Edge %: 0.6183% Cut Card Empiric Edge %: -0.6156%
CSM (Penetration: 0.0%) Theoretical Edge %: 0.5983% CSM Empiric Edge %: -0.5967%
CSM Error: 0.0016%, Cut Card Error: 0.0027%
CSM Speed: 3596980 hands/sec, Cut Card Speed: 11245558 hands/sec

[1118/3456] 
=== Starting Regression Test ===
NUM_ROUNDS:  1000000000
NUM_THREADS: 16
Scenario:    decks=6_ss17=True_das=True_sas=2_don=10-11_reSplitAces=False_hitSplitAces=True_surr=2-10_peek=False_bj-pays=1.2
============================

NOTE: surr=2-10 + peek=False — theoretical table may not match implementation; edge assertion skipped.
Cut Card (Penetration: 75%) Theoretical Edge %: 1.8874% Cut Card Empiric Edge %: -1.7251%
CSM (Penetration: 0.0%) Theoretical Edge %: 1.8674% CSM Empiric Edge %: -1.6946%
CSM Error: 0.1728%, Cut Card Error: 0.1622%
CSM Speed: 3549523 hands/sec, Cut Card Speed: 10988769 hands/sec

[1119/3456] 
=== Starting Regression Test ===
NUM_ROUNDS:  1000000000
NUM_THREADS: 16
Scenario:    decks=1_ss17=True_das=False_sas=3_don=10-11_reSplitAces=False_hitSplitAces=False_surr=yes_peek=True_bj-pays=1.5
============================

NOTE: surr=yes + peek=True — using the available surr=2-10 theoretical edge as a comparison baseline; edge assertion skipped.
Cut Card (Penetration: 75%) Theoretical Edge %: 0.3570% Cut Card Empiric Edge %: -0.3663%
CSM (Penetration: 0.0%) Theoretical Edge %: 0.2440% CSM Empiric Edge %: -0.2472%
CSM Error: -0.0032%, Cut Card Error: -0.0092%
CSM Speed: 8670696 hands/sec, Cut Card Speed: 11816560 hands/sec

[1120/3456] 
=== Starting Regression Test ===
NUM_ROUNDS:  1000000000
NUM_THREADS: 16
Scenario:    decks=2_ss17=True_das=True_sas=4_don=10-11_reSplitAces=False_hitSplitAces=True_surr=yes_peek=True_bj-pays=1.2
============================

NOTE: surr=yes + peek=True — using the available surr=2-10 theoretical edge as a comparison baseline; edge assertion skipped.
Cut Card (Penetration: 75%) Theoretical Edge %: 1.6455% Cut Card Empiric Edge %: -1.6429%
CSM (Penetration: 0.0%) Theoretical Edge %: 1.5825% CSM Empiric Edge %: -1.5883%
CSM Error: -0.0058%, Cut Card Error: 0.0026%
CSM Speed: 6883118 hands/sec, Cut Card Speed: 11198334 hands/sec

[1121/3456] 
=== Starting Regression Test ===
NUM_ROUNDS:  1000000000
NUM_THREADS: 16
Scenario:    decks=2_ss17=False_das=False_sas=3_don=Any_reSplitAces=True_hitSplitAces=True_surr=no_peek=False_bj-pays=1.2
============================

Cut Card (Penetration: 75%) Theoretical Edge %: 1.8999% Cut Card Empiric Edge %: -1.9009%
CSM (Penetration: 0.0%) Theoretical Edge %: 1.8369% CSM Empiric Edge %: -1.8360%
CSM Error: 0.0009%, Cut Card Error: -0.0010%
CSM Speed: 6608905 hands/sec, Cut Card Speed: 11004127 hands/sec

[1122/3456] 
=== Starting Regression Test ===
NUM_ROUNDS:  1000000000
NUM_THREADS: 16
Scenario:    decks=1_ss17=True_das=False_sas=4_don=Any_reSplitAces=False_hitSplitAces=False_surr=yes_peek=True_bj-pays=1.5
============================

NOTE: surr=yes + peek=True — using the available surr=2-10 theoretical edge as a comparison baseline; edge assertion skipped.
Cut Card (Penetration: 75%) Theoretical Edge %: 0.0880% Cut Card Empiric Edge %: -0.1089%
CSM (Penetration: 0.0%) Theoretical Edge %: -0.0250% CSM Empiric Edge %: 0.0211%
CSM Error: -0.0039%, Cut Card Error: -0.0208%
CSM Speed: 9064540 hands/sec, Cut Card Speed: 11708505 hands/sec

[1123/3456] 
=== Starting Regression Test ===
NUM_ROUNDS:  1000000000
NUM_THREADS: 16
Scenario:    decks=6_ss17=False_das=False_sas=2_don=9-11_reSplitAces=False_hitSplitAces=True_surr=no_peek=False_bj-pays=1.2
============================

Cut Card (Penetration: 75%) Theoretical Edge %: 2.2131% Cut Card Empiric Edge %: -2.2231%
CSM (Penetration: 0.0%) Theoretical Edge %: 2.1931% CSM Empiric Edge %: -2.1932%
CSM Error: -0.0001%, Cut Card Error: -0.0100%
CSM Speed: 3607985 hands/sec, Cut Card Speed: 11294458 hands/sec

[1124/3456] 
=== Starting Regression Test ===
NUM_ROUNDS:  1000000000
NUM_THREADS: 16
Scenario:    decks=6_ss17=True_das=False_sas=2_don=10-11_reSplitAces=False_hitSplitAces=True_surr=no_peek=True_bj-pays=1.5
============================

Cut Card (Penetration: 75%) Theoretical Edge %: 0.5949% Cut Card Empiric Edge %: -0.5909%
CSM (Penetration: 0.0%) Theoretical Edge %: 0.5749% CSM Empiric Edge %: -0.5751%
CSM Error: -0.0002%, Cut Card Error: 0.0040%
CSM Speed: 3576858 hands/sec, Cut Card Speed: 11633047 hands/sec

[1125/3456] 
=== Starting Regression Test ===
NUM_ROUNDS:  1000000000
NUM_THREADS: 16
Scenario:    decks=1_ss17=False_das=False_sas=3_don=9-11_reSplitAces=True_hitSplitAces=True_surr=no_peek=True_bj-pays=1.5
============================

Cut Card (Penetration: 75%) Theoretical Edge %: 0.2953% Cut Card Empiric Edge %: -0.2961%
CSM (Penetration: 0.0%) Theoretical Edge %: 0.1823% CSM Empiric Edge %: -0.1748%
CSM Error: 0.0075%, Cut Card Error: -0.0008%
CSM Speed: 8840560 hands/sec, Cut Card Speed: 11705764 hands/sec

[1126/3456] 
=== Starting Regression Test ===
NUM_ROUNDS:  1000000000
NUM_THREADS: 16
Scenario:    decks=1_ss17=True_das=False_sas=4_don=Any_reSplitAces=False_hitSplitAces=True_surr=yes_peek=True_bj-pays=1.5
============================

NOTE: surr=yes + peek=True — using the available surr=2-10 theoretical edge as a comparison baseline; edge assertion skipped.
Cut Card (Penetration: 75%) Theoretical Edge %: -0.0434% Cut Card Empiric Edge %: 0.0251%
CSM (Penetration: 0.0%) Theoretical Edge %: -0.1564% CSM Empiric Edge %: 0.1500%
CSM Error: -0.0064%, Cut Card Error: -0.0182%
CSM Speed: 8787964 hands/sec, Cut Card Speed: 12050080 hands/sec

[1127/3456] 
=== Starting Regression Test ===
NUM_ROUNDS:  1000000000
NUM_THREADS: 16
Scenario:    decks=2_ss17=False_das=False_sas=4_don=Any_reSplitAces=False_hitSplitAces=True_surr=yes_peek=True_bj-pays=1.5
============================

NOTE: surr=yes + peek=True — using the available surr=2-10 theoretical edge as a comparison baseline; edge assertion skipped.
Cut Card (Penetration: 75%) Theoretical Edge %: 0.3782% Cut Card Empiric Edge %: -0.3885%
CSM (Penetration: 0.0%) Theoretical Edge %: 0.3152% CSM Empiric Edge %: -0.3125%
CSM Error: 0.0027%, Cut Card Error: -0.0103%
CSM Speed: 7045280 hands/sec, Cut Card Speed: 11402899 hands/sec

[1128/3456] 
=== Starting Regression Test ===
NUM_ROUNDS:  1000000000
NUM_THREADS: 16
Scenario:    decks=1_ss17=False_das=True_sas=3_don=10-11_reSplitAces=False_hitSplitAces=False_surr=no_peek=False_bj-pays=1.2
============================

Cut Card (Penetration: 75%) Theoretical Edge %: 1.9713% Cut Card Empiric Edge %: -1.9647%
CSM (Penetration: 0.0%) Theoretical Edge %: 1.8583% CSM Empiric Edge %: -1.8585%
CSM Error: -0.0003%, Cut Card Error: 0.0065%
CSM Speed: 8497260 hands/sec, Cut Card Speed: 11489103 hands/sec

[1129/3456] 
=== Starting Regression Test ===
NUM_ROUNDS:  1000000000
NUM_THREADS: 16
Scenario:    decks=2_ss17=True_das=False_sas=4_don=Any_reSplitAces=True_hitSplitAces=True_surr=no_peek=True_bj-pays=1.5
============================

Cut Card (Penetration: 75%) Theoretical Edge %: 0.1934% Cut Card Empiric Edge %: -0.1875%
CSM (Penetration: 0.0%) Theoretical Edge %: 0.1304% CSM Empiric Edge %: -0.1301%
CSM Error: 0.0003%, Cut Card Error: 0.0059%
CSM Speed: 6831721 hands/sec, Cut Card Speed: 11885660 hands/sec

[1130/3456] 
=== Starting Regression Test ===
NUM_ROUNDS:  1000000000
NUM_THREADS: 16
Scenario:    decks=1_ss17=True_das=False_sas=3_don=Any_reSplitAces=True_hitSplitAces=True_surr=2-10_peek=False_bj-pays=1.2
============================

NOTE: surr=2-10 + peek=False — theoretical table may not match implementation; edge assertion skipped.
Cut Card (Penetration: 75%) Theoretical Edge %: 1.4356% Cut Card Empiric Edge %: -1.3148%
CSM (Penetration: 0.0%) Theoretical Edge %: 1.3225% CSM Empiric Edge %: -1.1718%
CSM Error: 0.1507%, Cut Card Error: 0.1207%
CSM Speed: 8678522 hands/sec, Cut Card Speed: 12024867 hands/sec

[1131/3456] 
=== Starting Regression Test ===
NUM_ROUNDS:  1000000000
NUM_THREADS: 16
Scenario:    decks=2_ss17=False_das=False_sas=4_don=9-11_reSplitAces=False_hitSplitAces=True_surr=no_peek=True_bj-pays=1.5
============================

Cut Card (Penetration: 75%) Theoretical Edge %: 0.5580% Cut Card Empiric Edge %: -0.5490%
CSM (Penetration: 0.0%) Theoretical Edge %: 0.4950% CSM Empiric Edge %: -0.4933%
CSM Error: 0.0017%, Cut Card Error: 0.0090%
CSM Speed: 6894174 hands/sec, Cut Card Speed: 11325028 hands/sec

[1132/3456] 
=== Starting Regression Test ===
NUM_ROUNDS:  1000000000
NUM_THREADS: 16
Scenario:    decks=1_ss17=True_das=True_sas=2_don=9-11_reSplitAces=True_hitSplitAces=True_surr=yes_peek=True_bj-pays=1.2
============================

NOTE: surr=yes + peek=True — using the available surr=2-10 theoretical edge as a comparison baseline; edge assertion skipped.
Cut Card (Penetration: 75%) Theoretical Edge %: 1.3842% Cut Card Empiric Edge %: -1.3878%
CSM (Penetration: 0.0%) Theoretical Edge %: 1.2712% CSM Empiric Edge %: -1.2759%
CSM Error: -0.0047%, Cut Card Error: -0.0035%
CSM Speed: 8692175 hands/sec, Cut Card Speed: 11191190 hands/sec

[1133/3456] 
=== Starting Regression Test ===
NUM_ROUNDS:  1000000000
NUM_THREADS: 16
Scenario:    decks=6_ss17=True_das=True_sas=4_don=10-11_reSplitAces=False_hitSplitAces=False_surr=no_peek=True_bj-pays=1.2
============================

Cut Card (Penetration: 75%) Theoretical Edge %: 1.9780% Cut Card Empiric Edge %: -1.9778%
CSM (Penetration: 0.0%) Theoretical Edge %: 1.9580% CSM Empiric Edge %: -1.9553%
CSM Error: 0.0027%, Cut Card Error: 0.0002%
CSM Speed: 3592109 hands/sec, Cut Card Speed: 11382521 hands/sec

[1134/3456] 
=== Starting Regression Test ===
NUM_ROUNDS:  1000000000
NUM_THREADS: 16
Scenario:    decks=1_ss17=True_das=True_sas=2_don=9-11_reSplitAces=True_hitSplitAces=True_surr=no_peek=False_bj-pays=1.5
============================

Cut Card (Penetration: 75%) Theoretical Edge %: 0.1210% Cut Card Empiric Edge %: -0.1202%
CSM (Penetration: 0.0%) Theoretical Edge %: 0.0080% CSM Empiric Edge %: -0.0154%
CSM Error: -0.0074%, Cut Card Error: 0.0008%
CSM Speed: 8621210 hands/sec, Cut Card Speed: 11345844 hands/sec

[1135/3456] 
=== Starting Regression Test ===
NUM_ROUNDS:  1000000000
NUM_THREADS: 16
Scenario:    decks=1_ss17=True_das=False_sas=4_don=Any_reSplitAces=True_hitSplitAces=True_surr=no_peek=False_bj-pays=1.5
============================

Cut Card (Penetration: 75%) Theoretical Edge %: 0.0620% Cut Card Empiric Edge %: -0.0713%
CSM (Penetration: 0.0%) Theoretical Edge %: -0.0510% CSM Empiric Edge %: 0.0446%
CSM Error: -0.0064%, Cut Card Error: -0.0093%
CSM Speed: 8779477 hands/sec, Cut Card Speed: 11718521 hands/sec

[1136/3456] 
=== Starting Regression Test ===
NUM_ROUNDS:  1000000000
NUM_THREADS: 16
Scenario:    decks=6_ss17=True_das=False_sas=2_don=Any_reSplitAces=True_hitSplitAces=False_surr=no_peek=False_bj-pays=1.5
============================

Cut Card (Penetration: 75%) Theoretical Edge %: 0.7096% Cut Card Empiric Edge %: -0.7159%
CSM (Penetration: 0.0%) Theoretical Edge %: 0.6896% CSM Empiric Edge %: -0.6954%
CSM Error: -0.0058%, Cut Card Error: -0.0063%
CSM Speed: 3579585 hands/sec, Cut Card Speed: 11203478 hands/sec

[1137/3456] 
=== Starting Regression Test ===
NUM_ROUNDS:  1000000000
NUM_THREADS: 16
Scenario:    decks=2_ss17=True_das=False_sas=2_don=Any_reSplitAces=True_hitSplitAces=False_surr=no_peek=True_bj-pays=1.2
============================

Cut Card (Penetration: 75%) Theoretical Edge %: 1.7990% Cut Card Empiric Edge %: -1.7958%
CSM (Penetration: 0.0%) Theoretical Edge %: 1.7360% CSM Empiric Edge %: -1.7384%
CSM Error: -0.0024%, Cut Card Error: 0.0032%
CSM Speed: 6986411 hands/sec, Cut Card Speed: 11563768 hands/sec

[1138/3456] 
=== Starting Regression Test ===
NUM_ROUNDS:  1000000000
NUM_THREADS: 16
Scenario:    decks=2_ss17=True_das=True_sas=4_don=Any_reSplitAces=False_hitSplitAces=True_surr=no_peek=False_bj-pays=1.5
============================

Cut Card (Penetration: 75%) Theoretical Edge %: 0.1999% Cut Card Empiric Edge %: -0.2094%
CSM (Penetration: 0.0%) Theoretical Edge %: 0.1369% CSM Empiric Edge %: -0.1440%
CSM Error: -0.0071%, Cut Card Error: -0.0095%
CSM Speed: 6663823 hands/sec, Cut Card Speed: 11350351 hands/sec

[1139/3456] 
=== Starting Regression Test ===
NUM_ROUNDS:  1000000000
NUM_THREADS: 16
Scenario:    decks=2_ss17=False_das=True_sas=3_don=10-11_reSplitAces=True_hitSplitAces=False_surr=2-10_peek=False_bj-pays=1.5
============================

NOTE: surr=2-10 + peek=False — theoretical table may not match implementation; edge assertion skipped.
Cut Card (Penetration: 75%) Theoretical Edge %: 0.6960% Cut Card Empiric Edge %: -0.5592%
CSM (Penetration: 0.0%) Theoretical Edge %: 0.6330% CSM Empiric Edge %: -0.4800%
CSM Error: 0.1530%, Cut Card Error: 0.1368%
CSM Speed: 6607900 hands/sec, Cut Card Speed: 10717769 hands/sec

[1140/3456] 
=== Starting Regression Test ===
NUM_ROUNDS:  1000000000
NUM_THREADS: 16
Scenario:    decks=1_ss17=False_das=True_sas=2_don=Any_reSplitAces=False_hitSplitAces=True_surr=yes_peek=True_bj-pays=1.5
============================

NOTE: surr=yes + peek=True — using the available surr=2-10 theoretical edge as a comparison baseline; edge assertion skipped.
Cut Card (Penetration: 75%) Theoretical Edge %: 0.0109% Cut Card Empiric Edge %: -0.0322%
CSM (Penetration: 0.0%) Theoretical Edge %: -0.1021% CSM Empiric Edge %: 0.0999%
CSM Error: -0.0021%, Cut Card Error: -0.0213%
CSM Speed: 8909242 hands/sec, Cut Card Speed: 11794678 hands/sec

[1141/3456] 
=== Starting Regression Test ===
NUM_ROUNDS:  1000000000
NUM_THREADS: 16
Scenario:    decks=1_ss17=False_das=True_sas=4_don=9-11_reSplitAces=False_hitSplitAces=True_surr=yes_peek=True_bj-pays=1.2
============================

NOTE: surr=yes + peek=True — using the available surr=2-10 theoretical edge as a comparison baseline; edge assertion skipped.
Cut Card (Penetration: 75%) Theoretical Edge %: 1.5418% Cut Card Empiric Edge %: -1.5447%
CSM (Penetration: 0.0%) Theoretical Edge %: 1.4288% CSM Empiric Edge %: -1.4376%
CSM Error: -0.0088%, Cut Card Error: -0.0029%
CSM Speed: 8662509 hands/sec, Cut Card Speed: 11541214 hands/sec

[1142/3456] 
=== Starting Regression Test ===
NUM_ROUNDS:  1000000000
NUM_THREADS: 16
Scenario:    decks=2_ss17=True_das=True_sas=3_don=10-11_reSplitAces=True_hitSplitAces=True_surr=no_peek=True_bj-pays=1.5
============================

Cut Card (Penetration: 75%) Theoretical Edge %: 0.2894% Cut Card Empiric Edge %: -0.2819%
CSM (Penetration: 0.0%) Theoretical Edge %: 0.2264% CSM Empiric Edge %: -0.2265%
CSM Error: -0.0001%, Cut Card Error: 0.0075%
CSM Speed: 6723503 hands/sec, Cut Card Speed: 11207119 hands/sec

[1143/3456] 
=== Starting Regression Test ===
NUM_ROUNDS:  1000000000
NUM_THREADS: 16
Scenario:    decks=1_ss17=True_das=True_sas=2_don=Any_reSplitAces=False_hitSplitAces=False_surr=yes_peek=True_bj-pays=1.5
============================

NOTE: surr=yes + peek=True — using the available surr=2-10 theoretical edge as a comparison baseline; edge assertion skipped.
Cut Card (Penetration: 75%) Theoretical Edge %: -0.0235% Cut Card Empiric Edge %: 0.0001%
CSM (Penetration: 0.0%) Theoretical Edge %: -0.1365% CSM Empiric Edge %: 0.1321%
CSM Error: -0.0044%, Cut Card Error: -0.0234%
CSM Speed: 9151643 hands/sec, Cut Card Speed: 11909441 hands/sec

[1144/3456] 
=== Starting Regression Test ===
NUM_ROUNDS:  1000000000
NUM_THREADS: 16
Scenario:    decks=2_ss17=True_das=False_sas=3_don=9-11_reSplitAces=False_hitSplitAces=False_surr=no_peek=False_bj-pays=1.5
============================

Cut Card (Penetration: 75%) Theoretical Edge %: 0.6112% Cut Card Empiric Edge %: -0.6119%
CSM (Penetration: 0.0%) Theoretical Edge %: 0.5483% CSM Empiric Edge %: -0.5464%
CSM Error: 0.0018%, Cut Card Error: -0.0006%
CSM Speed: 6711590 hands/sec, Cut Card Speed: 11459217 hands/sec

[1145/3456] 
=== Starting Regression Test ===
NUM_ROUNDS:  1000000000
NUM_THREADS: 16
Scenario:    decks=1_ss17=True_das=False_sas=3_don=10-11_reSplitAces=True_hitSplitAces=False_surr=no_peek=False_bj-pays=1.2
============================

Cut Card (Penetration: 75%) Theoretical Edge %: 1.8503% Cut Card Empiric Edge %: -1.8368%
CSM (Penetration: 0.0%) Theoretical Edge %: 1.7373% CSM Empiric Edge %: -1.7405%
CSM Error: -0.0031%, Cut Card Error: 0.0136%
CSM Speed: 8550151 hands/sec, Cut Card Speed: 11245179 hands/sec

[1146/3456] 
=== Starting Regression Test ===
NUM_ROUNDS:  1000000000
NUM_THREADS: 16
Scenario:    decks=2_ss17=True_das=False_sas=2_don=10-11_reSplitAces=True_hitSplitAces=False_surr=yes_peek=True_bj-pays=1.2
============================

NOTE: surr=yes + peek=True — using the available surr=2-10 theoretical edge as a comparison baseline; edge assertion skipped.
Cut Card (Penetration: 75%) Theoretical Edge %: 1.9543% Cut Card Empiric Edge %: -1.9469%
CSM (Penetration: 0.0%) Theoretical Edge %: 1.8913% CSM Empiric Edge %: -1.8986%
CSM Error: -0.0073%, Cut Card Error: 0.0074%
CSM Speed: 6797588 hands/sec, Cut Card Speed: 11238733 hands/sec

[1147/3456] 
=== Starting Regression Test ===
NUM_ROUNDS:  1000000000
NUM_THREADS: 16
Scenario:    decks=6_ss17=False_das=False_sas=2_don=9-11_reSplitAces=True_hitSplitAces=False_surr=2-10_peek=False_bj-pays=1.2
============================

NOTE: surr=2-10 + peek=False — theoretical table may not match implementation; edge assertion skipped.
Cut Card (Penetration: 75%) Theoretical Edge %: 2.2883% Cut Card Empiric Edge %: -2.1383%
CSM (Penetration: 0.0%) Theoretical Edge %: 2.2683% CSM Empiric Edge %: -2.1117%
CSM Error: 0.1566%, Cut Card Error: 0.1500%
CSM Speed: 3495733 hands/sec, Cut Card Speed: 10925977 hands/sec

[1148/3456] 
=== Starting Regression Test ===
NUM_ROUNDS:  1000000000
NUM_THREADS: 16
Scenario:    decks=6_ss17=False_das=False_sas=3_don=10-11_reSplitAces=True_hitSplitAces=False_surr=no_peek=False_bj-pays=1.2
============================

Cut Card (Penetration: 75%) Theoretical Edge %: 2.3860% Cut Card Empiric Edge %: -2.3764%
CSM (Penetration: 0.0%) Theoretical Edge %: 2.3660% CSM Empiric Edge %: -2.3669%
CSM Error: -0.0009%, Cut Card Error: 0.0096%
CSM Speed: 3410641 hands/sec, Cut Card Speed: 11088564 hands/sec

[1149/3456] 
=== Starting Regression Test ===
NUM_ROUNDS:  1000000000
NUM_THREADS: 16
Scenario:    decks=6_ss17=True_das=False_sas=3_don=10-11_reSplitAces=True_hitSplitAces=True_surr=2-10_peek=False_bj-pays=1.2
============================

NOTE: surr=2-10 + peek=False — theoretical table may not match implementation; edge assertion skipped.
Cut Card (Penetration: 75%) Theoretical Edge %: 1.9191% Cut Card Empiric Edge %: -1.7587%
CSM (Penetration: 0.0%) Theoretical Edge %: 1.8991% CSM Empiric Edge %: -1.7290%
CSM Error: 0.1701%, Cut Card Error: 0.1604%
CSM Speed: 3554254 hands/sec, Cut Card Speed: 10781090 hands/sec

[1150/3456] 
=== Starting Regression Test ===
NUM_ROUNDS:  1000000000
NUM_THREADS: 16
Scenario:    decks=6_ss17=True_das=False_sas=4_don=10-11_reSplitAces=True_hitSplitAces=False_surr=yes_peek=True_bj-pays=1.2
============================

NOTE: surr=yes + peek=True — using the available surr=2-10 theoretical edge as a comparison baseline; edge assertion skipped.
Cut Card (Penetration: 75%) Theoretical Edge %: 1.9600% Cut Card Empiric Edge %: -1.9655%
CSM (Penetration: 0.0%) Theoretical Edge %: 1.9400% CSM Empiric Edge %: -1.9378%
CSM Error: 0.0022%, Cut Card Error: -0.0055%
CSM Speed: 3523050 hands/sec, Cut Card Speed: 10691071 hands/sec

[1151/3456] 
=== Starting Regression Test ===
NUM_ROUNDS:  1000000000
NUM_THREADS: 16
Scenario:    decks=1_ss17=True_das=True_sas=4_don=Any_reSplitAces=True_hitSplitAces=False_surr=no_peek=False_bj-pays=1.2
============================

Cut Card (Penetration: 75%) Theoretical Edge %: 1.4399% Cut Card Empiric Edge %: -1.4465%
CSM (Penetration: 0.0%) Theoretical Edge %: 1.3269% CSM Empiric Edge %: -1.3330%
CSM Error: -0.0061%, Cut Card Error: -0.0066%
CSM Speed: 8425736 hands/sec, Cut Card Speed: 10836232 hands/sec

[1152/3456] 
=== Starting Regression Test ===
NUM_ROUNDS:  1000000000
NUM_THREADS: 16
Scenario:    decks=1_ss17=False_das=True_sas=2_don=Any_reSplitAces=False_hitSplitAces=True_surr=no_peek=False_bj-pays=1.2
============================

Cut Card (Penetration: 75%) Theoretical Edge %: 1.5586% Cut Card Empiric Edge %: -1.5612%
CSM (Penetration: 0.0%) Theoretical Edge %: 1.4456% CSM Empiric Edge %: -1.4473%
CSM Error: -0.0016%, Cut Card Error: -0.0026%
CSM Speed: 8633342 hands/sec, Cut Card Speed: 10919057 hands/sec

[1153/3456] 
=== Starting Regression Test ===
NUM_ROUNDS:  1000000000
NUM_THREADS: 16
Scenario:    decks=2_ss17=False_das=True_sas=2_don=9-11_reSplitAces=False_hitSplitAces=False_surr=no_peek=False_bj-pays=1.2
============================

Cut Card (Penetration: 75%) Theoretical Edge %: 2.1073% Cut Card Empiric Edge %: -2.1061%
CSM (Penetration: 0.0%) Theoretical Edge %: 2.0443% CSM Empiric Edge %: -2.0521%
CSM Error: -0.0078%, Cut Card Error: 0.0012%
CSM Speed: 6354855 hands/sec, Cut Card Speed: 11122233 hands/sec

[1154/3456] 
=== Starting Regression Test ===
NUM_ROUNDS:  1000000000
NUM_THREADS: 16
Scenario:    decks=2_ss17=False_das=False_sas=3_don=9-11_reSplitAces=True_hitSplitAces=False_surr=no_peek=False_bj-pays=1.2
============================

Cut Card (Penetration: 75%) Theoretical Edge %: 2.1593% Cut Card Empiric Edge %: -2.1529%
CSM (Penetration: 0.0%) Theoretical Edge %: 2.0963% CSM Empiric Edge %: -2.0900%
CSM Error: 0.0062%, Cut Card Error: 0.0064%
CSM Speed: 6536375 hands/sec, Cut Card Speed: 10842577 hands/sec

[1155/3456] 
=== Starting Regression Test ===
NUM_ROUNDS:  1000000000
NUM_THREADS: 16
Scenario:    decks=2_ss17=False_das=False_sas=4_don=Any_reSplitAces=True_hitSplitAces=True_surr=no_peek=False_bj-pays=1.5
============================

Cut Card (Penetration: 75%) Theoretical Edge %: 0.5181% Cut Card Empiric Edge %: -0.5208%
CSM (Penetration: 0.0%) Theoretical Edge %: 0.4551% CSM Empiric Edge %: -0.4655%
CSM Error: -0.0104%, Cut Card Error: -0.0026%
CSM Speed: 6632575 hands/sec, Cut Card Speed: 11211391 hands/sec

[1156/3456] 
=== Starting Regression Test ===
NUM_ROUNDS:  1000000000
NUM_THREADS: 16
Scenario:    decks=2_ss17=False_das=True_sas=2_don=10-11_reSplitAces=True_hitSplitAces=True_surr=no_peek=True_bj-pays=1.2
============================

Cut Card (Penetration: 75%) Theoretical Edge %: 1.9507% Cut Card Empiric Edge %: -1.9399%
CSM (Penetration: 0.0%) Theoretical Edge %: 1.8877% CSM Empiric Edge %: -1.8894%
CSM Error: -0.0017%, Cut Card Error: 0.0108%
CSM Speed: 6875309 hands/sec, Cut Card Speed: 11143303 hands/sec

[1157/3456] 
=== Starting Regression Test ===
NUM_ROUNDS:  1000000000
NUM_THREADS: 16
Scenario:    decks=6_ss17=False_das=True_sas=4_don=9-11_reSplitAces=False_hitSplitAces=False_surr=no_peek=False_bj-pays=1.5
============================

Cut Card (Penetration: 75%) Theoretical Edge %: 0.8561% Cut Card Empiric Edge %: -0.8545%
CSM (Penetration: 0.0%) Theoretical Edge %: 0.8361% CSM Empiric Edge %: -0.8302%
CSM Error: 0.0059%, Cut Card Error: 0.0016%
CSM Speed: 3467863 hands/sec, Cut Card Speed: 10755232 hands/sec

[1158/3456] 
=== Starting Regression Test ===
NUM_ROUNDS:  1000000000
NUM_THREADS: 16
Scenario:    decks=2_ss17=False_das=False_sas=2_don=9-11_reSplitAces=False_hitSplitAces=False_surr=yes_peek=True_bj-pays=1.5
============================

NOTE: surr=yes + peek=True — using the available surr=2-10 theoretical edge as a comparison baseline; edge assertion skipped.
Cut Card (Penetration: 75%) Theoretical Edge %: 0.6763% Cut Card Empiric Edge %: -0.6824%
CSM (Penetration: 0.0%) Theoretical Edge %: 0.6133% CSM Empiric Edge %: -0.6182%
CSM Error: -0.0049%, Cut Card Error: -0.0061%
CSM Speed: 6762240 hands/sec, Cut Card Speed: 11257205 hands/sec

[1159/3456] 
=== Starting Regression Test ===
NUM_ROUNDS:  1000000000
NUM_THREADS: 16
Scenario:    decks=6_ss17=False_das=True_sas=4_don=10-11_reSplitAces=True_hitSplitAces=False_surr=yes_peek=True_bj-pays=1.2
============================

NOTE: surr=yes + peek=True — using the available surr=2-10 theoretical edge as a comparison baseline; edge assertion skipped.
Cut Card (Penetration: 75%) Theoretical Edge %: 2.0429% Cut Card Empiric Edge %: -2.0454%
CSM (Penetration: 0.0%) Theoretical Edge %: 2.0229% CSM Empiric Edge %: -2.0272%
CSM Error: -0.0044%, Cut Card Error: -0.0025%
CSM Speed: 3591451 hands/sec, Cut Card Speed: 11147651 hands/sec

[1160/3456] 
=== Starting Regression Test ===
NUM_ROUNDS:  1000000000
NUM_THREADS: 16
Scenario:    decks=6_ss17=True_das=True_sas=3_don=9-11_reSplitAces=False_hitSplitAces=True_surr=yes_peek=True_bj-pays=1.5
============================

NOTE: surr=yes + peek=True — using the available surr=2-10 theoretical edge as a comparison baseline; edge assertion skipped.
Cut Card (Penetration: 75%) Theoretical Edge %: 0.2777% Cut Card Empiric Edge %: -0.2830%
CSM (Penetration: 0.0%) Theoretical Edge %: 0.2577% CSM Empiric Edge %: -0.2606%
CSM Error: -0.0029%, Cut Card Error: -0.0053%
CSM Speed: 3532945 hands/sec, Cut Card Speed: 10811278 hands/sec

[1161/3456] 
=== Starting Regression Test ===
NUM_ROUNDS:  1000000000
NUM_THREADS: 16
Scenario:    decks=1_ss17=True_das=False_sas=3_don=Any_reSplitAces=False_hitSplitAces=False_surr=2-10_peek=False_bj-pays=1.5
============================

NOTE: surr=2-10 + peek=False — theoretical table may not match implementation; edge assertion skipped.
Cut Card (Penetration: 75%) Theoretical Edge %: 0.1935% Cut Card Empiric Edge %: -0.0816%
CSM (Penetration: 0.0%) Theoretical Edge %: 0.0804% CSM Empiric Edge %: 0.0702%
CSM Error: 0.1506%, Cut Card Error: 0.1119%
CSM Speed: 8669718 hands/sec, Cut Card Speed: 11363249 hands/sec

[1162/3456] 
=== Starting Regression Test ===
NUM_ROUNDS:  1000000000
NUM_THREADS: 16
Scenario:    decks=6_ss17=False_das=True_sas=3_don=Any_reSplitAces=False_hitSplitAces=True_surr=2-10_peek=False_bj-pays=1.5
============================

NOTE: surr=2-10 + peek=False — theoretical table may not match implementation; edge assertion skipped.
Cut Card (Penetration: 75%) Theoretical Edge %: 0.4862% Cut Card Empiric Edge %: -0.3462%
CSM (Penetration: 0.0%) Theoretical Edge %: 0.4662% CSM Empiric Edge %: -0.3173%
CSM Error: 0.1489%, Cut Card Error: 0.1400%
CSM Speed: 3499710 hands/sec, Cut Card Speed: 11278026 hands/sec

[1163/3456] 
=== Starting Regression Test ===
NUM_ROUNDS:  1000000000
NUM_THREADS: 16
Scenario:    decks=2_ss17=True_das=True_sas=3_don=Any_reSplitAces=False_hitSplitAces=True_surr=2-10_peek=False_bj-pays=1.5
============================

NOTE: surr=2-10 + peek=False — theoretical table may not match implementation; edge assertion skipped.
Cut Card (Penetration: 75%) Theoretical Edge %: 0.1501% Cut Card Empiric Edge %: -0.0038%
CSM (Penetration: 0.0%) Theoretical Edge %: 0.0871% CSM Empiric Edge %: 0.0793%
CSM Error: 0.1664%, Cut Card Error: 0.1463%
CSM Speed: 6808372 hands/sec, Cut Card Speed: 10872756 hands/sec

[1164/3456] 
=== Starting Regression Test ===
NUM_ROUNDS:  1000000000
NUM_THREADS: 16
Scenario:    decks=6_ss17=False_das=False_sas=2_don=Any_reSplitAces=False_hitSplitAces=True_surr=2-10_peek=False_bj-pays=1.2
============================

NOTE: surr=2-10 + peek=False — theoretical table may not match implementation; edge assertion skipped.
Cut Card (Penetration: 75%) Theoretical Edge %: 2.0200% Cut Card Empiric Edge %: -1.8782%
CSM (Penetration: 0.0%) Theoretical Edge %: 2.0000% CSM Empiric Edge %: -1.8433%
CSM Error: 0.1567%, Cut Card Error: 0.1418%
CSM Speed: 3431309 hands/sec, Cut Card Speed: 10736871 hands/sec

[1165/3456] 
=== Starting Regression Test ===
NUM_ROUNDS:  1000000000
NUM_THREADS: 16
Scenario:    decks=6_ss17=False_das=True_sas=4_don=10-11_reSplitAces=True_hitSplitAces=True_surr=no_peek=False_bj-pays=1.5
============================

Cut Card (Penetration: 75%) Theoretical Edge %: 0.7274% Cut Card Empiric Edge %: -0.7313%
CSM (Penetration: 0.0%) Theoretical Edge %: 0.7074% CSM Empiric Edge %: -0.7191%
CSM Error: -0.0117%, Cut Card Error: -0.0039%
CSM Speed: 3518921 hands/sec, Cut Card Speed: 10567808 hands/sec

[1166/3456] 
=== Starting Regression Test ===
NUM_ROUNDS:  1000000000
NUM_THREADS: 16
Scenario:    decks=1_ss17=False_das=False_sas=2_don=Any_reSplitAces=True_hitSplitAces=True_surr=no_peek=False_bj-pays=1.5
============================

Cut Card (Penetration: 75%) Theoretical Edge %: 0.3036% Cut Card Empiric Edge %: -0.3232%
CSM (Penetration: 0.0%) Theoretical Edge %: 0.1906% CSM Empiric Edge %: -0.1953%
CSM Error: -0.0046%, Cut Card Error: -0.0196%
CSM Speed: 8455802 hands/sec, Cut Card Speed: 11424785 hands/sec

[1167/3456] 
=== Starting Regression Test ===
NUM_ROUNDS:  1000000000
NUM_THREADS: 16
Scenario:    decks=6_ss17=False_das=False_sas=3_don=9-11_reSplitAces=True_hitSplitAces=True_surr=no_peek=True_bj-pays=1.5
============================

Cut Card (Penetration: 75%) Theoretical Edge %: 0.6612% Cut Card Empiric Edge %: -0.6563%
CSM (Penetration: 0.0%) Theoretical Edge %: 0.6412% CSM Empiric Edge %: -0.6425%
CSM Error: -0.0013%, Cut Card Error: 0.0049%
CSM Speed: 3513086 hands/sec, Cut Card Speed: 11150883 hands/sec

[1168/3456] 
=== Starting Regression Test ===
NUM_ROUNDS:  1000000000
NUM_THREADS: 16
Scenario:    decks=2_ss17=True_das=False_sas=4_don=10-11_reSplitAces=False_hitSplitAces=True_surr=no_peek=True_bj-pays=1.5
============================

Cut Card (Penetration: 75%) Theoretical Edge %: 0.4442% Cut Card Empiric Edge %: -0.4337%
CSM (Penetration: 0.0%) Theoretical Edge %: 0.3812% CSM Empiric Edge %: -0.3831%
CSM Error: -0.0018%, Cut Card Error: 0.0105%
CSM Speed: 6523370 hands/sec, Cut Card Speed: 11116052 hands/sec

[1169/3456] 
=== Starting Regression Test ===
NUM_ROUNDS:  1000000000
NUM_THREADS: 16
Scenario:    decks=1_ss17=False_das=False_sas=4_don=9-11_reSplitAces=False_hitSplitAces=False_surr=no_peek=True_bj-pays=1.2
============================

Cut Card (Penetration: 75%) Theoretical Edge %: 1.8439% Cut Card Empiric Edge %: -1.8304%
CSM (Penetration: 0.0%) Theoretical Edge %: 1.7309% CSM Empiric Edge %: -1.7280%
CSM Error: 0.0029%, Cut Card Error: 0.0135%
CSM Speed: 8922915 hands/sec, Cut Card Speed: 11098533 hands/sec

[1170/3456] 
=== Starting Regression Test ===
NUM_ROUNDS:  1000000000
NUM_THREADS: 16
Scenario:    decks=1_ss17=True_das=False_sas=2_don=Any_reSplitAces=False_hitSplitAces=True_surr=no_peek=False_bj-pays=1.5
============================

Cut Card (Penetration: 75%) Theoretical Edge %: 0.1040% Cut Card Empiric Edge %: -0.1140%
CSM (Penetration: 0.0%) Theoretical Edge %: -0.0090% CSM Empiric Edge %: 0.0092%
CSM Error: 0.0002%, Cut Card Error: -0.0100%
CSM Speed: 8373035 hands/sec, Cut Card Speed: 11492139 hands/sec

[1171/3456] 
=== Starting Regression Test ===
NUM_ROUNDS:  1000000000
NUM_THREADS: 16
Scenario:    decks=1_ss17=False_das=False_sas=4_don=Any_reSplitAces=False_hitSplitAces=False_surr=2-10_peek=False_bj-pays=1.2
============================

NOTE: surr=2-10 + peek=False — theoretical table may not match implementation; edge assertion skipped.
Cut Card (Penetration: 75%) Theoretical Edge %: 1.7696% Cut Card Empiric Edge %: -1.6687%
CSM (Penetration: 0.0%) Theoretical Edge %: 1.6566% CSM Empiric Edge %: -1.5230%
CSM Error: 0.1336%, Cut Card Error: 0.1009%
CSM Speed: 8817020 hands/sec, Cut Card Speed: 11499672 hands/sec

[1172/3456] 
=== Starting Regression Test ===
NUM_ROUNDS:  1000000000
NUM_THREADS: 16
Scenario:    decks=6_ss17=True_das=True_sas=2_don=10-11_reSplitAces=True_hitSplitAces=True_surr=yes_peek=True_bj-pays=1.5
============================

NOTE: surr=yes + peek=True — using the available surr=2-10 theoretical edge as a comparison baseline; edge assertion skipped.
Cut Card (Penetration: 75%) Theoretical Edge %: 0.4163% Cut Card Empiric Edge %: -0.4180%
CSM (Penetration: 0.0%) Theoretical Edge %: 0.3963% CSM Empiric Edge %: -0.3993%
CSM Error: -0.0030%, Cut Card Error: -0.0017%
CSM Speed: 3518562 hands/sec, Cut Card Speed: 11004127 hands/sec

[1173/3456] 
=== Starting Regression Test ===
NUM_ROUNDS:  1000000000
NUM_THREADS: 16
Scenario:    decks=2_ss17=True_das=False_sas=3_don=10-11_reSplitAces=False_hitSplitAces=False_surr=2-10_peek=False_bj-pays=1.2
============================

NOTE: surr=2-10 + peek=False — theoretical table may not match implementation; edge assertion skipped.
Cut Card (Penetration: 75%) Theoretical Edge %: 2.0314% Cut Card Empiric Edge %: -1.8733%
CSM (Penetration: 0.0%) Theoretical Edge %: 1.9684% CSM Empiric Edge %: -1.8040%
CSM Error: 0.1645%, Cut Card Error: 0.1582%
CSM Speed: 6564135 hands/sec, Cut Card Speed: 10899658 hands/sec

[1174/3456] 
=== Starting Regression Test ===
NUM_ROUNDS:  1000000000
NUM_THREADS: 16
Scenario:    decks=6_ss17=True_das=False_sas=2_don=10-11_reSplitAces=False_hitSplitAces=False_surr=no_peek=False_bj-pays=1.5
============================

Cut Card (Penetration: 75%) Theoretical Edge %: 0.8830% Cut Card Empiric Edge %: -0.8883%
CSM (Penetration: 0.0%) Theoretical Edge %: 0.8630% CSM Empiric Edge %: -0.8636%
CSM Error: -0.0006%, Cut Card Error: -0.0053%
CSM Speed: 3530163 hands/sec, Cut Card Speed: 10785160 hands/sec

[1175/3456] 
=== Starting Regression Test ===
NUM_ROUNDS:  1000000000
NUM_THREADS: 16
Scenario:    decks=1_ss17=True_das=False_sas=2_don=9-11_reSplitAces=True_hitSplitAces=False_surr=yes_peek=True_bj-pays=1.2
============================

NOTE: surr=yes + peek=True — using the available surr=2-10 theoretical edge as a comparison baseline; edge assertion skipped.
Cut Card (Penetration: 75%) Theoretical Edge %: 1.6361% Cut Card Empiric Edge %: -1.6362%
CSM (Penetration: 0.0%) Theoretical Edge %: 1.5231% CSM Empiric Edge %: -1.5219%
CSM Error: 0.0011%, Cut Card Error: -0.0001%
CSM Speed: 8745540 hands/sec, Cut Card Speed: 11010791 hands/sec

[1176/3456] 
=== Starting Regression Test ===
NUM_ROUNDS:  1000000000
NUM_THREADS: 16
Scenario:    decks=2_ss17=True_das=False_sas=2_don=Any_reSplitAces=False_hitSplitAces=True_surr=no_peek=False_bj-pays=1.2
============================

Cut Card (Penetration: 75%) Theoretical Edge %: 1.7486% Cut Card Empiric Edge %: -1.7459%
CSM (Penetration: 0.0%) Theoretical Edge %: 1.6856% CSM Empiric Edge %: -1.6943%
CSM Error: -0.0087%, Cut Card Error: 0.0028%
CSM Speed: 6583885 hands/sec, Cut Card Speed: 10929678 hands/sec

[1177/3456] 
=== Starting Regression Test ===
NUM_ROUNDS:  1000000000
NUM_THREADS: 16
Scenario:    decks=1_ss17=True_das=False_sas=3_don=Any_reSplitAces=False_hitSplitAces=False_surr=no_peek=True_bj-pays=1.2
============================

Cut Card (Penetration: 75%) Theoretical Edge %: 1.5059% Cut Card Empiric Edge %: -1.4940%
CSM (Penetration: 0.0%) Theoretical Edge %: 1.3929% CSM Empiric Edge %: -1.3974%
CSM Error: -0.0044%, Cut Card Error: 0.0119%
CSM Speed: 9026004 hands/sec, Cut Card Speed: 11130652 hands/sec

[1178/3456] 
=== Starting Regression Test ===
NUM_ROUNDS:  1000000000
NUM_THREADS: 16
Scenario:    decks=2_ss17=False_das=True_sas=4_don=10-11_reSplitAces=False_hitSplitAces=False_surr=no_peek=True_bj-pays=1.2
============================

Cut Card (Penetration: 75%) Theoretical Edge %: 2.0669% Cut Card Empiric Edge %: -2.0575%
CSM (Penetration: 0.0%) Theoretical Edge %: 2.0039% CSM Empiric Edge %: -2.0028%
CSM Error: 0.0011%, Cut Card Error: 0.0095%
CSM Speed: 6847908 hands/sec, Cut Card Speed: 11194197 hands/sec

[1179/3456] 
=== Starting Regression Test ===
NUM_ROUNDS:  1000000000
NUM_THREADS: 16
Scenario:    decks=1_ss17=False_das=False_sas=3_don=Any_reSplitAces=False_hitSplitAces=True_surr=no_peek=False_bj-pays=1.5
============================

Cut Card (Penetration: 75%) Theoretical Edge %: 0.2881% Cut Card Empiric Edge %: -0.2950%
CSM (Penetration: 0.0%) Theoretical Edge %: 0.1751% CSM Empiric Edge %: -0.1820%
CSM Error: -0.0069%, Cut Card Error: -0.0068%
CSM Speed: 8535045 hands/sec, Cut Card Speed: 11183556 hands/sec

[1180/3456] 
=== Starting Regression Test ===
NUM_ROUNDS:  1000000000
NUM_THREADS: 16
Scenario:    decks=1_ss17=True_das=True_sas=2_don=10-11_reSplitAces=True_hitSplitAces=True_surr=no_peek=True_bj-pays=1.2
============================

Cut Card (Penetration: 75%) Theoretical Edge %: 1.5528% Cut Card Empiric Edge %: -1.5299%
CSM (Penetration: 0.0%) Theoretical Edge %: 1.4398% CSM Empiric Edge %: -1.4415%
CSM Error: -0.0016%, Cut Card Error: 0.0229%
CSM Speed: 8576918 hands/sec, Cut Card Speed: 11604967 hands/sec

[1181/3456] 
=== Starting Regression Test ===
NUM_ROUNDS:  1000000000
NUM_THREADS: 16
Scenario:    decks=2_ss17=True_das=False_sas=4_don=9-11_reSplitAces=False_hitSplitAces=True_surr=2-10_peek=False_bj-pays=1.2
============================

NOTE: surr=2-10 + peek=False — theoretical table may not match implementation; edge assertion skipped.
Cut Card (Penetration: 75%) Theoretical Edge %: 1.7717% Cut Card Empiric Edge %: -1.6173%
CSM (Penetration: 0.0%) Theoretical Edge %: 1.7087% CSM Empiric Edge %: -1.5453%
CSM Error: 0.1634%, Cut Card Error: 0.1544%
CSM Speed: 6698013 hands/sec, Cut Card Speed: 10886724 hands/sec

[1182/3456] 
=== Starting Regression Test ===
NUM_ROUNDS:  1000000000
NUM_THREADS: 16
Scenario:    decks=1_ss17=True_das=True_sas=2_don=Any_reSplitAces=True_hitSplitAces=False_surr=no_peek=False_bj-pays=1.2
============================

Cut Card (Penetration: 75%) Theoretical Edge %: 1.5001% Cut Card Empiric Edge %: -1.5011%
CSM (Penetration: 0.0%) Theoretical Edge %: 1.3870% CSM Empiric Edge %: -1.3860%
CSM Error: 0.0011%, Cut Card Error: -0.0010%
CSM Speed: 8424387 hands/sec, Cut Card Speed: 11495971 hands/sec

[1183/3456] 
=== Starting Regression Test ===
NUM_ROUNDS:  1000000000
NUM_THREADS: 16
Scenario:    decks=2_ss17=True_das=False_sas=2_don=9-11_reSplitAces=True_hitSplitAces=True_surr=yes_peek=True_bj-pays=1.2
============================

NOTE: surr=yes + peek=True — using the available surr=2-10 theoretical edge as a comparison baseline; edge assertion skipped.
Cut Card (Penetration: 75%) Theoretical Edge %: 1.6921% Cut Card Empiric Edge %: -1.6962%
CSM (Penetration: 0.0%) Theoretical Edge %: 1.6291% CSM Empiric Edge %: -1.6315%
CSM Error: -0.0025%, Cut Card Error: -0.0041%
CSM Speed: 6741270 hands/sec, Cut Card Speed: 11495706 hands/sec

[1184/3456] 
=== Starting Regression Test ===
NUM_ROUNDS:  1000000000
NUM_THREADS: 16
Scenario:    decks=2_ss17=True_das=False_sas=3_don=10-11_reSplitAces=True_hitSplitAces=True_surr=no_peek=True_bj-pays=1.2
============================

Cut Card (Penetration: 75%) Theoretical Edge %: 1.7822% Cut Card Empiric Edge %: -1.7741%
CSM (Penetration: 0.0%) Theoretical Edge %: 1.7192% CSM Empiric Edge %: -1.7164%
CSM Error: 0.0027%, Cut Card Error: 0.0080%
CSM Speed: 6514149 hands/sec, Cut Card Speed: 11212019 hands/sec

[1185/3456] 
=== Starting Regression Test ===
NUM_ROUNDS:  1000000000
NUM_THREADS: 16
Scenario:    decks=6_ss17=True_das=False_sas=3_don=10-11_reSplitAces=True_hitSplitAces=False_surr=2-10_peek=False_bj-pays=1.2
============================

NOTE: surr=2-10 + peek=False — theoretical table may not match implementation; edge assertion skipped.
Cut Card (Penetration: 75%) Theoretical Edge %: 2.0836% Cut Card Empiric Edge %: -1.9172%
CSM (Penetration: 0.0%) Theoretical Edge %: 2.0636% CSM Empiric Edge %: -1.8872%
CSM Error: 0.1763%, Cut Card Error: 0.1664%
CSM Speed: 3456536 hands/sec, Cut Card Speed: 11067946 hands/sec

[1186/3456] 
=== Starting Regression Test ===
NUM_ROUNDS:  1000000000
NUM_THREADS: 16
Scenario:    decks=6_ss17=True_das=True_sas=3_don=10-11_reSplitAces=True_hitSplitAces=False_surr=yes_peek=True_bj-pays=1.2
============================

NOTE: surr=yes + peek=True — using the available surr=2-10 theoretical edge as a comparison baseline; edge assertion skipped.
Cut Card (Penetration: 75%) Theoretical Edge %: 1.8558% Cut Card Empiric Edge %: -1.8532%
CSM (Penetration: 0.0%) Theoretical Edge %: 1.8358% CSM Empiric Edge %: -1.8288%
CSM Error: 0.0070%, Cut Card Error: 0.0026%
CSM Speed: 3490414 hands/sec, Cut Card Speed: 10649174 hands/sec

[1187/3456] 
=== Starting Regression Test ===
NUM_ROUNDS:  1000000000
NUM_THREADS: 16
Scenario:    decks=6_ss17=False_das=False_sas=4_don=9-11_reSplitAces=True_hitSplitAces=False_surr=2-10_peek=False_bj-pays=1.2
============================

NOTE: surr=2-10 + peek=False — theoretical table may not match implementation; edge assertion skipped.
Cut Card (Penetration: 75%) Theoretical Edge %: 2.1934% Cut Card Empiric Edge %: -2.0410%
CSM (Penetration: 0.0%) Theoretical Edge %: 2.1734% CSM Empiric Edge %: -2.0146%
CSM Error: 0.1588%, Cut Card Error: 0.1524%
CSM Speed: 3361333 hands/sec, Cut Card Speed: 10348539 hands/sec

[1188/3456] 
=== Starting Regression Test ===
NUM_ROUNDS:  1000000000
NUM_THREADS: 16
Scenario:    decks=6_ss17=True_das=True_sas=3_don=9-11_reSplitAces=False_hitSplitAces=False_surr=no_peek=False_bj-pays=1.5
============================

Cut Card (Penetration: 75%) Theoretical Edge %: 0.6414% Cut Card Empiric Edge %: -0.6430%
CSM (Penetration: 0.0%) Theoretical Edge %: 0.6214% CSM Empiric Edge %: -0.6142%
CSM Error: 0.0072%, Cut Card Error: -0.0016%
CSM Speed: 3459956 hands/sec, Cut Card Speed: 10982011 hands/sec

[1189/3456] 
=== Starting Regression Test ===
NUM_ROUNDS:  1000000000
NUM_THREADS: 16
Scenario:    decks=6_ss17=True_das=False_sas=4_don=9-11_reSplitAces=True_hitSplitAces=True_surr=no_peek=False_bj-pays=1.2
============================

Cut Card (Penetration: 75%) Theoretical Edge %: 1.9004% Cut Card Empiric Edge %: -1.9075%
CSM (Penetration: 0.0%) Theoretical Edge %: 1.8804% CSM Empiric Edge %: -1.8844%
CSM Error: -0.0040%, Cut Card Error: -0.0071%
CSM Speed: 3385309 hands/sec, Cut Card Speed: 10478446 hands/sec

[1190/3456] 
=== Starting Regression Test ===
NUM_ROUNDS:  1000000000
NUM_THREADS: 16
Scenario:    decks=1_ss17=True_das=True_sas=2_don=9-11_reSplitAces=False_hitSplitAces=True_surr=2-10_peek=False_bj-pays=1.5
============================

NOTE: surr=2-10 + peek=False — theoretical table may not match implementation; edge assertion skipped.
Cut Card (Penetration: 75%) Theoretical Edge %: 0.0974% Cut Card Empiric Edge %: 0.0246%
CSM (Penetration: 0.0%) Theoretical Edge %: -0.0156% CSM Empiric Edge %: 0.1669%
CSM Error: 0.1513%, Cut Card Error: 0.1219%
CSM Speed: 8127306 hands/sec, Cut Card Speed: 11275101 hands/sec

[1191/3456] 
=== Starting Regression Test ===
NUM_ROUNDS:  1000000000
NUM_THREADS: 16
Scenario:    decks=1_ss17=True_das=False_sas=3_don=10-11_reSplitAces=True_hitSplitAces=True_surr=2-10_peek=False_bj-pays=1.2
============================

NOTE: surr=2-10 + peek=False — theoretical table may not match implementation; edge assertion skipped.
Cut Card (Penetration: 75%) Theoretical Edge %: 1.7035% Cut Card Empiric Edge %: -1.5691%
CSM (Penetration: 0.0%) Theoretical Edge %: 1.5905% CSM Empiric Edge %: -1.4345%
CSM Error: 0.1560%, Cut Card Error: 0.1344%
CSM Speed: 8348012 hands/sec, Cut Card Speed: 10934578 hands/sec

[1192/3456] 
=== Starting Regression Test ===
NUM_ROUNDS:  1000000000
NUM_THREADS: 16
Scenario:    decks=6_ss17=False_das=False_sas=4_don=9-11_reSplitAces=True_hitSplitAces=False_surr=yes_peek=True_bj-pays=1.5
============================

NOTE: surr=yes + peek=True — using the available surr=2-10 theoretical edge as a comparison baseline; edge assertion skipped.
Cut Card (Penetration: 75%) Theoretical Edge %: 0.7255% Cut Card Empiric Edge %: -0.7276%
CSM (Penetration: 0.0%) Theoretical Edge %: 0.7055% CSM Empiric Edge %: -0.7071%
CSM Error: -0.0015%, Cut Card Error: -0.0021%
CSM Speed: 3500200 hands/sec, Cut Card Speed: 11258218 hands/sec

[1193/3456] 
=== Starting Regression Test ===
NUM_ROUNDS:  1000000000
NUM_THREADS: 16
Scenario:    decks=6_ss17=True_das=False_sas=3_don=10-11_reSplitAces=False_hitSplitAces=True_surr=2-10_peek=False_bj-pays=1.5
============================

NOTE: surr=2-10 + peek=False — theoretical table may not match implementation; edge assertion skipped.
Cut Card (Penetration: 75%) Theoretical Edge %: 0.6050% Cut Card Empiric Edge %: -0.4376%
CSM (Penetration: 0.0%) Theoretical Edge %: 0.5850% CSM Empiric Edge %: -0.4097%
CSM Error: 0.1753%, Cut Card Error: 0.1674%
CSM Speed: 3460974 hands/sec, Cut Card Speed: 10265043 hands/sec

[1194/3456] 
=== Starting Regression Test ===
NUM_ROUNDS:  1000000000
NUM_THREADS: 16
Scenario:    decks=2_ss17=True_das=True_sas=3_don=10-11_reSplitAces=True_hitSplitAces=True_surr=yes_peek=True_bj-pays=1.2
============================

NOTE: surr=yes + peek=True — using the available surr=2-10 theoretical edge as a comparison baseline; edge assertion skipped.
Cut Card (Penetration: 75%) Theoretical Edge %: 1.6117% Cut Card Empiric Edge %: -1.6155%
CSM (Penetration: 0.0%) Theoretical Edge %: 1.5487% CSM Empiric Edge %: -1.5557%
CSM Error: -0.0070%, Cut Card Error: -0.0037%
CSM Speed: 6680964 hands/sec, Cut Card Speed: 10674637 hands/sec

[1195/3456] 
=== Starting Regression Test ===
NUM_ROUNDS:  1000000000
NUM_THREADS: 16
Scenario:    decks=1_ss17=False_das=True_sas=4_don=Any_reSplitAces=True_hitSplitAces=True_surr=no_peek=False_bj-pays=1.2
============================

Cut Card (Penetration: 75%) Theoretical Edge %: 1.5036% Cut Card Empiric Edge %: -1.5124%
CSM (Penetration: 0.0%) Theoretical Edge %: 1.3906% CSM Empiric Edge %: -1.3913%
CSM Error: -0.0007%, Cut Card Error: -0.0088%
CSM Speed: 8639010 hands/sec, Cut Card Speed: 11464209 hands/sec

[1196/3456] 
=== Starting Regression Test ===
NUM_ROUNDS:  1000000000
NUM_THREADS: 16
Scenario:    decks=2_ss17=False_das=False_sas=4_don=Any_reSplitAces=False_hitSplitAces=True_surr=no_peek=False_bj-pays=1.2
============================

Cut Card (Penetration: 75%) Theoretical Edge %: 1.9335% Cut Card Empiric Edge %: -1.9387%
CSM (Penetration: 0.0%) Theoretical Edge %: 1.8705% CSM Empiric Edge %: -1.8708%
CSM Error: -0.0002%, Cut Card Error: -0.0052%
CSM Speed: 6684492 hands/sec, Cut Card Speed: 10942715 hands/sec

[1197/3456] 
=== Starting Regression Test ===
NUM_ROUNDS:  1000000000
NUM_THREADS: 16
Scenario:    decks=2_ss17=False_das=True_sas=3_don=9-11_reSplitAces=False_hitSplitAces=False_surr=yes_peek=True_bj-pays=1.2
============================

NOTE: surr=yes + peek=True — using the available surr=2-10 theoretical edge as a comparison baseline; edge assertion skipped.
Cut Card (Penetration: 75%) Theoretical Edge %: 1.8920% Cut Card Empiric Edge %: -1.8898%
CSM (Penetration: 0.0%) Theoretical Edge %: 1.8290% CSM Empiric Edge %: -1.8259%
CSM Error: 0.0031%, Cut Card Error: 0.0022%
CSM Speed: 6591958 hands/sec, Cut Card Speed: 11040940 hands/sec

[1198/3456] 
=== Starting Regression Test ===
NUM_ROUNDS:  1000000000
NUM_THREADS: 16
Scenario:    decks=6_ss17=False_das=False_sas=4_don=10-11_reSplitAces=True_hitSplitAces=True_surr=2-10_peek=False_bj-pays=1.2
============================

NOTE: surr=2-10 + peek=False — theoretical table may not match implementation; edge assertion skipped.
Cut Card (Penetration: 75%) Theoretical Edge %: 2.1160% Cut Card Empiric Edge %: -1.9682%
CSM (Penetration: 0.0%) Theoretical Edge %: 2.0960% CSM Empiric Edge %: -1.9441%
CSM Error: 0.1519%, Cut Card Error: 0.1478%
CSM Speed: 3416106 hands/sec, Cut Card Speed: 10485698 hands/sec

[1199/3456] 
=== Starting Regression Test ===
NUM_ROUNDS:  1000000000
NUM_THREADS: 16
Scenario:    decks=6_ss17=False_das=True_sas=4_don=9-11_reSplitAces=True_hitSplitAces=True_surr=no_peek=True_bj-pays=1.5
============================

Cut Card (Penetration: 75%) Theoretical Edge %: 0.5101% Cut Card Empiric Edge %: -0.5071%
CSM (Penetration: 0.0%) Theoretical Edge %: 0.4901% CSM Empiric Edge %: -0.4901%
CSM Error: 0.0000%, Cut Card Error: 0.0031%
CSM Speed: 3500310 hands/sec, Cut Card Speed: 10479764 hands/sec

[1200/3456] 
=== Starting Regression Test ===
NUM_ROUNDS:  1000000000
NUM_THREADS: 16
Scenario:    decks=1_ss17=False_das=True_sas=4_don=10-11_reSplitAces=True_hitSplitAces=True_surr=no_peek=False_bj-pays=1.5
============================

Cut Card (Penetration: 75%) Theoretical Edge %: 0.4218% Cut Card Empiric Edge %: -0.4303%
CSM (Penetration: 0.0%) Theoretical Edge %: 0.3088% CSM Empiric Edge %: -0.3127%
CSM Error: -0.0039%, Cut Card Error: -0.0085%
CSM Speed: 8560251 hands/sec, Cut Card Speed: 10642147 hands/sec

[1201/3456] 
=== Starting Regression Test ===
NUM_ROUNDS:  1000000000
NUM_THREADS: 16
Scenario:    decks=6_ss17=True_das=True_sas=2_don=Any_reSplitAces=True_hitSplitAces=False_surr=yes_peek=True_bj-pays=1.5
============================

NOTE: surr=yes + peek=True — using the available surr=2-10 theoretical edge as a comparison baseline; edge assertion skipped.
Cut Card (Penetration: 75%) Theoretical Edge %: 0.4074% Cut Card Empiric Edge %: -0.4108%
CSM (Penetration: 0.0%) Theoretical Edge %: 0.3874% CSM Empiric Edge %: -0.3933%
CSM Error: -0.0060%, Cut Card Error: -0.0034%
CSM Speed: 3569644 hands/sec, Cut Card Speed: 11369580 hands/sec

[1202/3456] 
=== Starting Regression Test ===
NUM_ROUNDS:  1000000000
NUM_THREADS: 16
Scenario:    decks=6_ss17=False_das=True_sas=2_don=Any_reSplitAces=True_hitSplitAces=True_surr=yes_peek=True_bj-pays=1.2
============================

NOTE: surr=yes + peek=True — using the available surr=2-10 theoretical edge as a comparison baseline; edge assertion skipped.
Cut Card (Penetration: 75%) Theoretical Edge %: 1.7786% Cut Card Empiric Edge %: -1.7841%
CSM (Penetration: 0.0%) Theoretical Edge %: 1.7586% CSM Empiric Edge %: -1.7661%
CSM Error: -0.0075%, Cut Card Error: -0.0055%
CSM Speed: 3557655 hands/sec, Cut Card Speed: 11512514 hands/sec

[1203/3456] 
=== Starting Regression Test ===
NUM_ROUNDS:  1000000000
NUM_THREADS: 16
Scenario:    decks=2_ss17=False_das=True_sas=4_don=10-11_reSplitAces=False_hitSplitAces=True_surr=yes_peek=True_bj-pays=1.5
============================

NOTE: surr=yes + peek=True — using the available surr=2-10 theoretical edge as a comparison baseline; edge assertion skipped.
Cut Card (Penetration: 75%) Theoretical Edge %: 0.4694% Cut Card Empiric Edge %: -0.4756%
CSM (Penetration: 0.0%) Theoretical Edge %: 0.4064% CSM Empiric Edge %: -0.4040%
CSM Error: 0.0024%, Cut Card Error: -0.0062%
CSM Speed: 6579337 hands/sec, Cut Card Speed: 10933622 hands/sec

[1204/3456] 
=== Starting Regression Test ===
NUM_ROUNDS:  1000000000
NUM_THREADS: 16
Scenario:    decks=6_ss17=False_das=False_sas=2_don=10-11_reSplitAces=True_hitSplitAces=False_surr=2-10_peek=False_bj-pays=1.5
============================

NOTE: surr=2-10 + peek=False — theoretical table may not match implementation; edge assertion skipped.
Cut Card (Penetration: 75%) Theoretical Edge %: 1.0115% Cut Card Empiric Edge %: -0.8583%
CSM (Penetration: 0.0%) Theoretical Edge %: 0.9915% CSM Empiric Edge %: -0.8357%
CSM Error: 0.1558%, Cut Card Error: 0.1532%
CSM Speed: 3462712 hands/sec, Cut Card Speed: 11204858 hands/sec

[1205/3456] 
=== Starting Regression Test ===
NUM_ROUNDS:  1000000000
NUM_THREADS: 16
Scenario:    decks=6_ss17=True_das=True_sas=2_don=9-11_reSplitAces=True_hitSplitAces=False_surr=no_peek=False_bj-pays=1.5
============================

Cut Card (Penetration: 75%) Theoretical Edge %: 0.6843% Cut Card Empiric Edge %: -0.6866%
CSM (Penetration: 0.0%) Theoretical Edge %: 0.6643% CSM Empiric Edge %: -0.6628%
CSM Error: 0.0015%, Cut Card Error: -0.0023%
CSM Speed: 3438222 hands/sec, Cut Card Speed: 11108889 hands/sec

[1206/3456] 
=== Starting Regression Test ===
NUM_ROUNDS:  1000000000
NUM_THREADS: 16
Scenario:    decks=6_ss17=False_das=False_sas=4_don=Any_reSplitAces=False_hitSplitAces=True_surr=2-10_peek=False_bj-pays=1.2
============================

NOTE: surr=2-10 + peek=False — theoretical table may not match implementation; edge assertion skipped.
Cut Card (Penetration: 75%) Theoretical Edge %: 1.9880% Cut Card Empiric Edge %: -1.8387%
CSM (Penetration: 0.0%) Theoretical Edge %: 1.9680% CSM Empiric Edge %: -1.8180%
CSM Error: 0.1500%, Cut Card Error: 0.1493%
CSM Speed: 3399210 hands/sec, Cut Card Speed: 11021227 hands/sec

[1207/3456] 
=== Starting Regression Test ===
NUM_ROUNDS:  1000000000
NUM_THREADS: 16
Scenario:    decks=6_ss17=True_das=False_sas=3_don=Any_reSplitAces=True_hitSplitAces=False_surr=no_peek=False_bj-pays=1.5
============================

Cut Card (Penetration: 75%) Theoretical Edge %: 0.6292% Cut Card Empiric Edge %: -0.6279%
CSM (Penetration: 0.0%) Theoretical Edge %: 0.6092% CSM Empiric Edge %: -0.6030%
CSM Error: 0.0062%, Cut Card Error: 0.0013%
CSM Speed: 3401904 hands/sec, Cut Card Speed: 11197581 hands/sec

[1208/3456] 
=== Starting Regression Test ===
NUM_ROUNDS:  1000000000
NUM_THREADS: 16
Scenario:    decks=6_ss17=False_das=True_sas=4_don=9-11_reSplitAces=False_hitSplitAces=True_surr=no_peek=False_bj-pays=1.2
============================

Cut Card (Penetration: 75%) Theoretical Edge %: 2.0459% Cut Card Empiric Edge %: -2.0463%
CSM (Penetration: 0.0%) Theoretical Edge %: 2.0259% CSM Empiric Edge %: -2.0355%
CSM Error: -0.0095%, Cut Card Error: -0.0003%
CSM Speed: 3383797 hands/sec, Cut Card Speed: 10426441 hands/sec

[1209/3456] 
=== Starting Regression Test ===
NUM_ROUNDS:  1000000000
NUM_THREADS: 16
Scenario:    decks=1_ss17=True_das=False_sas=2_don=9-11_reSplitAces=False_hitSplitAces=True_surr=no_peek=True_bj-pays=1.2
============================

Cut Card (Penetration: 75%) Theoretical Edge %: 1.5267% Cut Card Empiric Edge %: -1.5097%
CSM (Penetration: 0.0%) Theoretical Edge %: 1.4137% CSM Empiric Edge %: -1.4098%
CSM Error: 0.0039%, Cut Card Error: 0.0170%
CSM Speed: 8622845 hands/sec, Cut Card Speed: 10823214 hands/sec

[1210/3456] 
=== Starting Regression Test ===
NUM_ROUNDS:  1000000000
NUM_THREADS: 16
Scenario:    decks=6_ss17=True_das=False_sas=3_don=10-11_reSplitAces=True_hitSplitAces=False_surr=no_peek=True_bj-pays=1.2
============================

Cut Card (Penetration: 75%) Theoretical Edge %: 2.0489% Cut Card Empiric Edge %: -2.0432%
CSM (Penetration: 0.0%) Theoretical Edge %: 2.0289% CSM Empiric Edge %: -2.0293%
CSM Error: -0.0004%, Cut Card Error: 0.0057%
CSM Speed: 3415417 hands/sec, Cut Card Speed: 10882340 hands/sec

[1211/3456] 
=== Starting Regression Test ===
NUM_ROUNDS:  1000000000
NUM_THREADS: 16
Scenario:    decks=1_ss17=False_das=False_sas=4_don=10-11_reSplitAces=False_hitSplitAces=False_surr=no_peek=True_bj-pays=1.2
============================

Cut Card (Penetration: 75%) Theoretical Edge %: 1.9746% Cut Card Empiric Edge %: -1.9607%
CSM (Penetration: 0.0%) Theoretical Edge %: 1.8616% CSM Empiric Edge %: -1.8564%
CSM Error: 0.0052%, Cut Card Error: 0.0139%
CSM Speed: 8322791 hands/sec, Cut Card Speed: 11255304 hands/sec

[1212/3456] 
=== Starting Regression Test ===
NUM_ROUNDS:  1000000000
NUM_THREADS: 16
Scenario:    decks=2_ss17=False_das=True_sas=2_don=9-11_reSplitAces=True_hitSplitAces=False_surr=2-10_peek=False_bj-pays=1.2
============================

NOTE: surr=2-10 + peek=False — theoretical table may not match implementation; edge assertion skipped.
Cut Card (Penetration: 75%) Theoretical Edge %: 2.0363% Cut Card Empiric Edge %: -1.8896%
CSM (Penetration: 0.0%) Theoretical Edge %: 1.9733% CSM Empiric Edge %: -1.8194%
CSM Error: 0.1539%, Cut Card Error: 0.1467%
CSM Speed: 6639930 hands/sec, Cut Card Speed: 10908337 hands/sec

[1213/3456] 
=== Starting Regression Test ===
NUM_ROUNDS:  1000000000
NUM_THREADS: 16
Scenario:    decks=2_ss17=False_das=True_sas=2_don=9-11_reSplitAces=False_hitSplitAces=True_surr=no_peek=False_bj-pays=1.2
============================

Cut Card (Penetration: 75%) Theoretical Edge %: 1.9545% Cut Card Empiric Edge %: -1.9491%
CSM (Penetration: 0.0%) Theoretical Edge %: 1.8915% CSM Empiric Edge %: -1.8935%
CSM Error: -0.0019%, Cut Card Error: 0.0054%
CSM Speed: 6585229 hands/sec, Cut Card Speed: 10731917 hands/sec

[1214/3456] 
=== Starting Regression Test ===
NUM_ROUNDS:  1000000000
NUM_THREADS: 16
Scenario:    decks=6_ss17=True_das=True_sas=4_don=9-11_reSplitAces=False_hitSplitAces=False_surr=yes_peek=True_bj-pays=1.5
============================

NOTE: surr=yes + peek=True — using the available surr=2-10 theoretical edge as a comparison baseline; edge assertion skipped.
Cut Card (Penetration: 75%) Theoretical Edge %: 0.4497% Cut Card Empiric Edge %: -0.4459%
CSM (Penetration: 0.0%) Theoretical Edge %: 0.4297% CSM Empiric Edge %: -0.4310%
CSM Error: -0.0013%, Cut Card Error: 0.0039%
CSM Speed: 3522640 hands/sec, Cut Card Speed: 10441356 hands/sec

[1215/3456] 
=== Starting Regression Test ===
NUM_ROUNDS:  1000000000
NUM_THREADS: 16
Scenario:    decks=1_ss17=False_das=False_sas=4_don=9-11_reSplitAces=False_hitSplitAces=True_surr=yes_peek=True_bj-pays=1.5
============================

NOTE: surr=yes + peek=True — using the available surr=2-10 theoretical edge as a comparison baseline; edge assertion skipped.
Cut Card (Penetration: 75%) Theoretical Edge %: 0.2810% Cut Card Empiric Edge %: -0.2936%
CSM (Penetration: 0.0%) Theoretical Edge %: 0.1680% CSM Empiric Edge %: -0.1704%
CSM Error: -0.0024%, Cut Card Error: -0.0126%
CSM Speed: 8159802 hands/sec, Cut Card Speed: 11292672 hands/sec

[1216/3456] 
=== Starting Regression Test ===
NUM_ROUNDS:  1000000000
NUM_THREADS: 16
Scenario:    decks=1_ss17=False_das=True_sas=2_don=9-11_reSplitAces=True_hitSplitAces=True_surr=no_peek=False_bj-pays=1.2
============================

Cut Card (Penetration: 75%) Theoretical Edge %: 1.7235% Cut Card Empiric Edge %: -1.7218%
CSM (Penetration: 0.0%) Theoretical Edge %: 1.6105% CSM Empiric Edge %: -1.6136%
CSM Error: -0.0031%, Cut Card Error: 0.0017%
CSM Speed: 8348779 hands/sec, Cut Card Speed: 11304417 hands/sec

[1217/3456] 
=== Starting Regression Test ===
NUM_ROUNDS:  1000000000
NUM_THREADS: 16
Scenario:    decks=2_ss17=False_das=True_sas=2_don=10-11_reSplitAces=False_hitSplitAces=True_surr=no_peek=False_bj-pays=1.5
============================

Cut Card (Penetration: 75%) Theoretical Edge %: 0.6935% Cut Card Empiric Edge %: -0.6912%
CSM (Penetration: 0.0%) Theoretical Edge %: 0.6305% CSM Empiric Edge %: -0.6309%
CSM Error: -0.0004%, Cut Card Error: 0.0024%
CSM Speed: 6456945 hands/sec, Cut Card Speed: 10396631 hands/sec

[1218/3456] 
=== Starting Regression Test ===
NUM_ROUNDS:  1000000000
NUM_THREADS: 16
Scenario:    decks=6_ss17=False_das=True_sas=2_don=9-11_reSplitAces=True_hitSplitAces=True_surr=no_peek=True_bj-pays=1.2
============================

Cut Card (Penetration: 75%) Theoretical Edge %: 1.9794% Cut Card Empiric Edge %: -1.9758%
CSM (Penetration: 0.0%) Theoretical Edge %: 1.9594% CSM Empiric Edge %: -1.9603%
CSM Error: -0.0009%, Cut Card Error: 0.0036%
CSM Speed: 3462676 hands/sec, Cut Card Speed: 11183431 hands/sec

[1219/3456] 
=== Starting Regression Test ===
NUM_ROUNDS:  1000000000
NUM_THREADS: 16
Scenario:    decks=6_ss17=False_das=True_sas=4_don=Any_reSplitAces=False_hitSplitAces=False_surr=no_peek=True_bj-pays=1.2
============================

Cut Card (Penetration: 75%) Theoretical Edge %: 1.9984% Cut Card Empiric Edge %: -1.9950%
CSM (Penetration: 0.0%) Theoretical Edge %: 1.9784% CSM Empiric Edge %: -1.9837%
CSM Error: -0.0053%, Cut Card Error: 0.0035%
CSM Speed: 3452586 hands/sec, Cut Card Speed: 11215289 hands/sec

[1220/3456] 
=== Starting Regression Test ===
NUM_ROUNDS:  1000000000
NUM_THREADS: 16
Scenario:    decks=6_ss17=True_das=False_sas=4_don=9-11_reSplitAces=False_hitSplitAces=True_surr=yes_peek=True_bj-pays=1.5
============================

NOTE: surr=yes + peek=True — using the available surr=2-10 theoretical edge as a comparison baseline; edge assertion skipped.
Cut Card (Penetration: 75%) Theoretical Edge %: 0.4042% Cut Card Empiric Edge %: -0.4112%
CSM (Penetration: 0.0%) Theoretical Edge %: 0.3842% CSM Empiric Edge %: -0.3823%
CSM Error: 0.0019%, Cut Card Error: -0.0070%
CSM Speed: 3370953 hands/sec, Cut Card Speed: 11144669 hands/sec

[1221/3456] 
=== Starting Regression Test ===
NUM_ROUNDS:  1000000000
NUM_THREADS: 16
Scenario:    decks=2_ss17=False_das=True_sas=2_don=10-11_reSplitAces=False_hitSplitAces=False_surr=2-10_peek=False_bj-pays=1.2
============================

NOTE: surr=2-10 + peek=False — theoretical table may not match implementation; edge assertion skipped.
Cut Card (Penetration: 75%) Theoretical Edge %: 2.1488% Cut Card Empiric Edge %: -2.0075%
CSM (Penetration: 0.0%) Theoretical Edge %: 2.0859% CSM Empiric Edge %: -1.9312%
CSM Error: 0.1547%, Cut Card Error: 0.1414%
CSM Speed: 6562153 hands/sec, Cut Card Speed: 10780276 hands/sec

[1222/3456] 
=== Starting Regression Test ===
NUM_ROUNDS:  1000000000
NUM_THREADS: 16
Scenario:    decks=2_ss17=True_das=False_sas=2_don=Any_reSplitAces=True_hitSplitAces=True_surr=no_peek=True_bj-pays=1.2
============================

Cut Card (Penetration: 75%) Theoretical Edge %: 1.6387% Cut Card Empiric Edge %: -1.6271%
CSM (Penetration: 0.0%) Theoretical Edge %: 1.5757% CSM Empiric Edge %: -1.5743%
CSM Error: 0.0014%, Cut Card Error: 0.0116%
CSM Speed: 6763383 hands/sec, Cut Card Speed: 11095577 hands/sec

[1223/3456] 
=== Starting Regression Test ===
NUM_ROUNDS:  1000000000
NUM_THREADS: 16
Scenario:    decks=6_ss17=False_das=True_sas=4_don=Any_reSplitAces=False_hitSplitAces=False_surr=no_peek=True_bj-pays=1.5
============================

Cut Card (Penetration: 75%) Theoretical Edge %: 0.6387% Cut Card Empiric Edge %: -0.6415%
CSM (Penetration: 0.0%) Theoretical Edge %: 0.6187% CSM Empiric Edge %: -0.6190%
CSM Error: -0.0003%, Cut Card Error: -0.0028%
CSM Speed: 3522925 hands/sec, Cut Card Speed: 11081806 hands/sec

[1224/3456] 
=== Starting Regression Test ===
NUM_ROUNDS:  1000000000
NUM_THREADS: 16
Scenario:    decks=2_ss17=False_das=False_sas=2_don=9-11_reSplitAces=False_hitSplitAces=True_surr=2-10_peek=False_bj-pays=1.5
============================

NOTE: surr=2-10 + peek=False — theoretical table may not match implementation; edge assertion skipped.
Cut Card (Penetration: 75%) Theoretical Edge %: 0.6286% Cut Card Empiric Edge %: -0.4891%
CSM (Penetration: 0.0%) Theoretical Edge %: 0.5655% CSM Empiric Edge %: -0.4126%
CSM Error: 0.1529%, Cut Card Error: 0.1395%
CSM Speed: 6531081 hands/sec, Cut Card Speed: 10639090 hands/sec

[1225/3456] 
=== Starting Regression Test ===
NUM_ROUNDS:  1000000000
NUM_THREADS: 16
Scenario:    decks=1_ss17=False_das=True_sas=3_don=9-11_reSplitAces=True_hitSplitAces=False_surr=no_peek=False_bj-pays=1.2
============================

Cut Card (Penetration: 75%) Theoretical Edge %: 1.7954% Cut Card Empiric Edge %: -1.7962%
CSM (Penetration: 0.0%) Theoretical Edge %: 1.6824% CSM Empiric Edge %: -1.6822%
CSM Error: 0.0003%, Cut Card Error: -0.0008%
CSM Speed: 8618832 hands/sec, Cut Card Speed: 10958184 hands/sec

[1226/3456] 
=== Starting Regression Test ===
NUM_ROUNDS:  1000000000
NUM_THREADS: 16
Scenario:    decks=2_ss17=False_das=False_sas=2_don=9-11_reSplitAces=False_hitSplitAces=True_surr=yes_peek=True_bj-pays=1.5
============================

NOTE: surr=yes + peek=True — using the available surr=2-10 theoretical edge as a comparison baseline; edge assertion skipped.
Cut Card (Penetration: 75%) Theoretical Edge %: 0.5185% Cut Card Empiric Edge %: -0.5197%
CSM (Penetration: 0.0%) Theoretical Edge %: 0.4555% CSM Empiric Edge %: -0.4570%
CSM Error: -0.0015%, Cut Card Error: -0.0012%
CSM Speed: 6923721 hands/sec, Cut Card Speed: 10999527 hands/sec

[1227/3456] 
=== Starting Regression Test ===
NUM_ROUNDS:  1000000000
NUM_THREADS: 16
Scenario:    decks=1_ss17=False_das=True_sas=2_don=10-11_reSplitAces=False_hitSplitAces=False_surr=no_peek=False_bj-pays=1.5
============================

Cut Card (Penetration: 75%) Theoretical Edge %: 0.6015% Cut Card Empiric Edge %: -0.6050%
CSM (Penetration: 0.0%) Theoretical Edge %: 0.4885% CSM Empiric Edge %: -0.4849%
CSM Error: 0.0036%, Cut Card Error: -0.0035%
CSM Speed: 8532714 hands/sec, Cut Card Speed: 10898707 hands/sec

[1228/3456] 
=== Starting Regression Test ===
NUM_ROUNDS:  1000000000
NUM_THREADS: 16
Scenario:    decks=6_ss17=True_das=True_sas=4_don=Any_reSplitAces=True_hitSplitAces=True_surr=2-10_peek=False_bj-pays=1.5
============================

NOTE: surr=2-10 + peek=False — theoretical table may not match implementation; edge assertion skipped.
Cut Card (Penetration: 75%) Theoretical Edge %: 0.2246% Cut Card Empiric Edge %: -0.0647%
CSM (Penetration: 0.0%) Theoretical Edge %: 0.2046% CSM Empiric Edge %: -0.0362%
CSM Error: 0.1684%, Cut Card Error: 0.1599%
CSM Speed: 3484017 hands/sec, Cut Card Speed: 11632912 hands/sec

[1229/3456] 
=== Starting Regression Test ===
NUM_ROUNDS:  1000000000
NUM_THREADS: 16
Scenario:    decks=2_ss17=False_das=False_sas=2_don=Any_reSplitAces=True_hitSplitAces=True_surr=no_peek=False_bj-pays=1.5
============================

Cut Card (Penetration: 75%) Theoretical Edge %: 0.5860% Cut Card Empiric Edge %: -0.5874%
CSM (Penetration: 0.0%) Theoretical Edge %: 0.5230% CSM Empiric Edge %: -0.5250%
CSM Error: -0.0020%, Cut Card Error: -0.0014%
CSM Speed: 6789696 hands/sec, Cut Card Speed: 11145787 hands/sec

[1230/3456] 
=== Starting Regression Test ===
NUM_ROUNDS:  1000000000
NUM_THREADS: 16
Scenario:    decks=1_ss17=True_das=False_sas=3_don=10-11_reSplitAces=True_hitSplitAces=False_surr=no_peek=True_bj-pays=1.2
============================

Cut Card (Penetration: 75%) Theoretical Edge %: 1.7435% Cut Card Empiric Edge %: -1.7277%
CSM (Penetration: 0.0%) Theoretical Edge %: 1.6305% CSM Empiric Edge %: -1.6261%
CSM Error: 0.0044%, Cut Card Error: 0.0158%
CSM Speed: 8750284 hands/sec, Cut Card Speed: 11530435 hands/sec

[1231/3456] 
=== Starting Regression Test ===
NUM_ROUNDS:  1000000000
NUM_THREADS: 16
Scenario:    decks=2_ss17=True_das=True_sas=2_don=10-11_reSplitAces=False_hitSplitAces=True_surr=no_peek=True_bj-pays=1.2
============================

Cut Card (Penetration: 75%) Theoretical Edge %: 1.7387% Cut Card Empiric Edge %: -1.7278%
CSM (Penetration: 0.0%) Theoretical Edge %: 1.6757% CSM Empiric Edge %: -1.6805%
CSM Error: -0.0048%, Cut Card Error: 0.0109%
CSM Speed: 6812639 hands/sec, Cut Card Speed: 11413701 hands/sec

[1232/3456] 
=== Starting Regression Test ===
NUM_ROUNDS:  1000000000
NUM_THREADS: 16
Scenario:    decks=2_ss17=True_das=True_sas=3_don=9-11_reSplitAces=True_hitSplitAces=True_surr=2-10_peek=False_bj-pays=1.2
============================

NOTE: surr=2-10 + peek=False — theoretical table may not match implementation; edge assertion skipped.
Cut Card (Penetration: 75%) Theoretical Edge %: 1.6068% Cut Card Empiric Edge %: -1.4473%
CSM (Penetration: 0.0%) Theoretical Edge %: 1.5438% CSM Empiric Edge %: -1.3808%
CSM Error: 0.1630%, Cut Card Error: 0.1595%
CSM Speed: 6446331 hands/sec, Cut Card Speed: 10698734 hands/sec

[1233/3456] 
=== Starting Regression Test ===
NUM_ROUNDS:  1000000000
NUM_THREADS: 16
Scenario:    decks=2_ss17=True_das=False_sas=4_don=Any_reSplitAces=False_hitSplitAces=True_surr=no_peek=False_bj-pays=1.5
============================

Cut Card (Penetration: 75%) Theoretical Edge %: 0.3490% Cut Card Empiric Edge %: -0.3498%
CSM (Penetration: 0.0%) Theoretical Edge %: 0.2860% CSM Empiric Edge %: -0.2957%
CSM Error: -0.0097%, Cut Card Error: -0.0009%
CSM Speed: 6667867 hands/sec, Cut Card Speed: 10959385 hands/sec

[1234/3456] 
=== Starting Regression Test ===
NUM_ROUNDS:  1000000000
NUM_THREADS: 16
Scenario:    decks=6_ss17=True_das=False_sas=3_don=9-11_reSplitAces=True_hitSplitAces=False_surr=2-10_peek=False_bj-pays=1.5
============================

NOTE: surr=2-10 + peek=False — theoretical table may not match implementation; edge assertion skipped.
Cut Card (Penetration: 75%) Theoretical Edge %: 0.6397% Cut Card Empiric Edge %: -0.4749%
CSM (Penetration: 0.0%) Theoretical Edge %: 0.6197% CSM Empiric Edge %: -0.4563%
CSM Error: 0.1634%, Cut Card Error: 0.1648%
CSM Speed: 3460232 hands/sec, Cut Card Speed: 11068926 hands/sec

[1235/3456] 
=== Starting Regression Test ===
NUM_ROUNDS:  1000000000
NUM_THREADS: 16
Scenario:    decks=6_ss17=True_das=False_sas=3_don=10-11_reSplitAces=False_hitSplitAces=True_surr=2-10_peek=False_bj-pays=1.2
============================

NOTE: surr=2-10 + peek=False — theoretical table may not match implementation; edge assertion skipped.
Cut Card (Penetration: 75%) Theoretical Edge %: 1.9647% Cut Card Empiric Edge %: -1.8032%
CSM (Penetration: 0.0%) Theoretical Edge %: 1.9447% CSM Empiric Edge %: -1.7738%
CSM Error: 0.1709%, Cut Card Error: 0.1615%
CSM Speed: 3550922 hands/sec, Cut Card Speed: 10985872 hands/sec

[1236/3456] 
=== Starting Regression Test ===
NUM_ROUNDS:  1000000000
NUM_THREADS: 16
Scenario:    decks=6_ss17=True_das=True_sas=2_don=9-11_reSplitAces=True_hitSplitAces=True_surr=yes_peek=True_bj-pays=1.5
============================

NOTE: surr=yes + peek=True — using the available surr=2-10 theoretical edge as a comparison baseline; edge assertion skipped.
Cut Card (Penetration: 75%) Theoretical Edge %: 0.3220% Cut Card Empiric Edge %: -0.3200%
CSM (Penetration: 0.0%) Theoretical Edge %: 0.3020% CSM Empiric Edge %: -0.2984%
CSM Error: 0.0036%, Cut Card Error: 0.0020%
CSM Speed: 3524602 hands/sec, Cut Card Speed: 11486859 hands/sec

[1237/3456] 
=== Starting Regression Test ===
NUM_ROUNDS:  1000000000
NUM_THREADS: 16
Scenario:    decks=2_ss17=True_das=False_sas=2_don=9-11_reSplitAces=True_hitSplitAces=False_surr=yes_peek=True_bj-pays=1.2
============================

NOTE: surr=yes + peek=True — using the available surr=2-10 theoretical edge as a comparison baseline; edge assertion skipped.
Cut Card (Penetration: 75%) Theoretical Edge %: 1.8523% Cut Card Empiric Edge %: -1.8512%
CSM (Penetration: 0.0%) Theoretical Edge %: 1.7893% CSM Empiric Edge %: -1.7904%
CSM Error: -0.0012%, Cut Card Error: 0.0010%
CSM Speed: 6597481 hands/sec, Cut Card Speed: 11605910 hands/sec

[1238/3456] 
=== Starting Regression Test ===
NUM_ROUNDS:  1000000000
NUM_THREADS: 16
Scenario:    decks=2_ss17=False_das=True_sas=4_don=9-11_reSplitAces=True_hitSplitAces=True_surr=2-10_peek=False_bj-pays=1.2
============================

NOTE: surr=2-10 + peek=False — theoretical table may not match implementation; edge assertion skipped.
Cut Card (Penetration: 75%) Theoretical Edge %: 1.7994% Cut Card Empiric Edge %: -1.6622%
CSM (Penetration: 0.0%) Theoretical Edge %: 1.7364% CSM Empiric Edge %: -1.5894%
CSM Error: 0.1470%, Cut Card Error: 0.1371%
CSM Speed: 6444005 hands/sec, Cut Card Speed: 11133502 hands/sec

[1239/3456] 
=== Starting Regression Test ===
NUM_ROUNDS:  1000000000
NUM_THREADS: 16
Scenario:    decks=6_ss17=False_das=True_sas=3_don=10-11_reSplitAces=True_hitSplitAces=True_surr=no_peek=False_bj-pays=1.2
============================

Cut Card (Penetration: 75%) Theoretical Edge %: 2.1030% Cut Card Empiric Edge %: -2.1030%
CSM (Penetration: 0.0%) Theoretical Edge %: 2.0830% CSM Empiric Edge %: -2.0888%
CSM Error: -0.0059%, Cut Card Error: -0.0001%
CSM Speed: 3485875 hands/sec, Cut Card Speed: 10868148 hands/sec

[1240/3456] 
=== Starting Regression Test ===
NUM_ROUNDS:  1000000000
NUM_THREADS: 16
Scenario:    decks=2_ss17=True_das=True_sas=3_don=9-11_reSplitAces=False_hitSplitAces=False_surr=yes_peek=True_bj-pays=1.5
============================

NOTE: surr=yes + peek=True — using the available surr=2-10 theoretical edge as a comparison baseline; edge assertion skipped.
Cut Card (Penetration: 75%) Theoretical Edge %: 0.3221% Cut Card Empiric Edge %: -0.3306%
CSM (Penetration: 0.0%) Theoretical Edge %: 0.2591% CSM Empiric Edge %: -0.2611%
CSM Error: -0.0019%, Cut Card Error: -0.0085%
CSM Speed: 6758218 hands/sec, Cut Card Speed: 10431989 hands/sec

[1241/3456] 
=== Starting Regression Test ===
NUM_ROUNDS:  1000000000
NUM_THREADS: 16
Scenario:    decks=1_ss17=False_das=True_sas=4_don=9-11_reSplitAces=False_hitSplitAces=False_surr=no_peek=True_bj-pays=1.2
============================

Cut Card (Penetration: 75%) Theoretical Edge %: 1.7099% Cut Card Empiric Edge %: -1.7012%
CSM (Penetration: 0.0%) Theoretical Edge %: 1.5969% CSM Empiric Edge %: -1.5928%
CSM Error: 0.0041%, Cut Card Error: 0.0087%
CSM Speed: 8588778 hands/sec, Cut Card Speed: 11384983 hands/sec

[1242/3456] 
=== Starting Regression Test ===
NUM_ROUNDS:  1000000000
NUM_THREADS: 16
Scenario:    decks=2_ss17=True_das=True_sas=2_don=Any_reSplitAces=False_hitSplitAces=False_surr=2-10_peek=False_bj-pays=1.5
============================

NOTE: surr=2-10 + peek=False — theoretical table may not match implementation; edge assertion skipped.
Cut Card (Penetration: 75%) Theoretical Edge %: 0.3505% Cut Card Empiric Edge %: -0.1939%
CSM (Penetration: 0.0%) Theoretical Edge %: 0.2875% CSM Empiric Edge %: -0.1230%
CSM Error: 0.1645%, Cut Card Error: 0.1566%
CSM Speed: 6787346 hands/sec, Cut Card Speed: 11028520 hands/sec

[1243/3456] 
=== Starting Regression Test ===
NUM_ROUNDS:  1000000000
NUM_THREADS: 16
Scenario:    decks=2_ss17=True_das=False_sas=4_don=9-11_reSplitAces=False_hitSplitAces=True_surr=2-10_peek=False_bj-pays=1.5
============================

NOTE: surr=2-10 + peek=False — theoretical table may not match implementation; edge assertion skipped.
Cut Card (Penetration: 75%) Theoretical Edge %: 0.3982% Cut Card Empiric Edge %: -0.2497%
CSM (Penetration: 0.0%) Theoretical Edge %: 0.3352% CSM Empiric Edge %: -0.1778%
CSM Error: 0.1574%, Cut Card Error: 0.1485%
CSM Speed: 6643238 hands/sec, Cut Card Speed: 10859768 hands/sec

[1244/3456] 
=== Starting Regression Test ===
NUM_ROUNDS:  1000000000
NUM_THREADS: 16
Scenario:    decks=6_ss17=False_das=False_sas=2_don=Any_reSplitAces=False_hitSplitAces=False_surr=no_peek=True_bj-pays=1.2
============================

Cut Card (Penetration: 75%) Theoretical Edge %: 2.1760% Cut Card Empiric Edge %: -2.1766%
CSM (Penetration: 0.0%) Theoretical Edge %: 2.1560% CSM Empiric Edge %: -2.1597%
CSM Error: -0.0037%, Cut Card Error: -0.0006%
CSM Speed: 3536743 hands/sec, Cut Card Speed: 11538817 hands/sec

[1245/3456] 
=== Starting Regression Test ===
NUM_ROUNDS:  1000000000
NUM_THREADS: 16
Scenario:    decks=2_ss17=False_das=True_sas=4_don=9-11_reSplitAces=False_hitSplitAces=False_surr=no_peek=True_bj-pays=1.2
============================

Cut Card (Penetration: 75%) Theoretical Edge %: 1.9526% Cut Card Empiric Edge %: -1.9461%
CSM (Penetration: 0.0%) Theoretical Edge %: 1.8896% CSM Empiric Edge %: -1.8871%
CSM Error: 0.0025%, Cut Card Error: 0.0065%
CSM Speed: 6718353 hands/sec, Cut Card Speed: 11154490 hands/sec

[1246/3456] 
=== Starting Regression Test ===
NUM_ROUNDS:  1000000000
NUM_THREADS: 16
Scenario:    decks=6_ss17=True_das=True_sas=2_don=9-11_reSplitAces=True_hitSplitAces=True_surr=no_peek=False_bj-pays=1.2
============================

Cut Card (Penetration: 75%) Theoretical Edge %: 1.8719% Cut Card Empiric Edge %: -1.8693%
CSM (Penetration: 0.0%) Theoretical Edge %: 1.8519% CSM Empiric Edge %: -1.8612%
CSM Error: -0.0094%, Cut Card Error: 0.0026%
CSM Speed: 3438092 hands/sec, Cut Card Speed: 11039355 hands/sec

[1247/3456] 
=== Starting Regression Test ===
NUM_ROUNDS:  1000000000
NUM_THREADS: 16
Scenario:    decks=2_ss17=True_das=False_sas=3_don=Any_reSplitAces=False_hitSplitAces=True_surr=yes_peek=True_bj-pays=1.2
============================

NOTE: surr=yes + peek=True — using the available surr=2-10 theoretical edge as a comparison baseline; edge assertion skipped.
Cut Card (Penetration: 75%) Theoretical Edge %: 1.5637% Cut Card Empiric Edge %: -1.5621%
CSM (Penetration: 0.0%) Theoretical Edge %: 1.5007% CSM Empiric Edge %: -1.5095%
CSM Error: -0.0088%, Cut Card Error: 0.0016%
CSM Speed: 6847345 hands/sec, Cut Card Speed: 11305056 hands/sec

[1248/3456] 
=== Starting Regression Test ===
NUM_ROUNDS:  1000000000
NUM_THREADS: 16
Scenario:    decks=1_ss17=False_das=False_sas=4_don=Any_reSplitAces=True_hitSplitAces=False_surr=no_peek=False_bj-pays=1.2
============================

Cut Card (Penetration: 75%) Theoretical Edge %: 1.7784% Cut Card Empiric Edge %: -1.7779%
CSM (Penetration: 0.0%) Theoretical Edge %: 1.6654% CSM Empiric Edge %: -1.6662%
CSM Error: -0.0009%, Cut Card Error: 0.0005%
CSM Speed: 8798402 hands/sec, Cut Card Speed: 10685131 hands/sec

[1249/3456] 
=== Starting Regression Test ===
NUM_ROUNDS:  1000000000
NUM_THREADS: 16
Scenario:    decks=2_ss17=False_das=False_sas=4_don=Any_reSplitAces=True_hitSplitAces=False_surr=no_peek=False_bj-pays=1.5
============================

Cut Card (Penetration: 75%) Theoretical Edge %: 0.6627% Cut Card Empiric Edge %: -0.6704%
CSM (Penetration: 0.0%) Theoretical Edge %: 0.5997% CSM Empiric Edge %: -0.6058%
CSM Error: -0.0061%, Cut Card Error: -0.0077%
CSM Speed: 6552608 hands/sec, Cut Card Speed: 10541518 hands/sec

[1250/3456] 
=== Starting Regression Test ===
NUM_ROUNDS:  1000000000
NUM_THREADS: 16
Scenario:    decks=6_ss17=False_das=True_sas=4_don=Any_reSplitAces=False_hitSplitAces=True_surr=2-10_peek=False_bj-pays=1.5
============================

NOTE: surr=2-10 + peek=False — theoretical table may not match implementation; edge assertion skipped.
Cut Card (Penetration: 75%) Theoretical Edge %: 0.4780% Cut Card Empiric Edge %: -0.3332%
CSM (Penetration: 0.0%) Theoretical Edge %: 0.4580% CSM Empiric Edge %: -0.3035%
CSM Error: 0.1545%, Cut Card Error: 0.1448%
CSM Speed: 3494353 hands/sec, Cut Card Speed: 11193320 hands/sec

[1251/3456] 
=== Starting Regression Test ===
NUM_ROUNDS:  1000000000
NUM_THREADS: 16
Scenario:    decks=2_ss17=False_das=True_sas=2_don=10-11_reSplitAces=False_hitSplitAces=False_surr=no_peek=False_bj-pays=1.2
============================

Cut Card (Penetration: 75%) Theoretical Edge %: 2.2199% Cut Card Empiric Edge %: -2.2173%
CSM (Penetration: 0.0%) Theoretical Edge %: 2.1568% CSM Empiric Edge %: -2.1578%
CSM Error: -0.0009%, Cut Card Error: 0.0026%
CSM Speed: 6640547 hands/sec, Cut Card Speed: 10766001 hands/sec

[1252/3456] 
=== Starting Regression Test ===
NUM_ROUNDS:  1000000000
NUM_THREADS: 16
Scenario:    decks=2_ss17=True_das=False_sas=4_don=10-11_reSplitAces=False_hitSplitAces=False_surr=2-10_peek=False_bj-pays=1.2
============================

NOTE: surr=2-10 + peek=False — theoretical table may not match implementation; edge assertion skipped.
Cut Card (Penetration: 75%) Theoretical Edge %: 2.0281% Cut Card Empiric Edge %: -1.8671%
CSM (Penetration: 0.0%) Theoretical Edge %: 1.9651% CSM Empiric Edge %: -1.7949%
CSM Error: 0.1702%, Cut Card Error: 0.1610%
CSM Speed: 6647257 hands/sec, Cut Card Speed: 10246322 hands/sec

[1253/3456] 
=== Starting Regression Test ===
NUM_ROUNDS:  1000000000
NUM_THREADS: 16
Scenario:    decks=1_ss17=False_das=False_sas=2_don=9-11_reSplitAces=False_hitSplitAces=False_surr=no_peek=False_bj-pays=1.2
============================

Cut Card (Penetration: 75%) Theoretical Edge %: 1.9717% Cut Card Empiric Edge %: -1.9667%
CSM (Penetration: 0.0%) Theoretical Edge %: 1.8587% CSM Empiric Edge %: -1.8611%
CSM Error: -0.0024%, Cut Card Error: 0.0051%
CSM Speed: 8508828 hands/sec, Cut Card Speed: 11502318 hands/sec

[1254/3456] 
=== Starting Regression Test ===
NUM_ROUNDS:  1000000000
NUM_THREADS: 16
Scenario:    decks=1_ss17=False_das=False_sas=3_don=Any_reSplitAces=True_hitSplitAces=False_surr=no_peek=True_bj-pays=1.5
============================

Cut Card (Penetration: 75%) Theoretical Edge %: 0.2742% Cut Card Empiric Edge %: -0.2723%
CSM (Penetration: 0.0%) Theoretical Edge %: 0.1612% CSM Empiric Edge %: -0.1630%
CSM Error: -0.0018%, Cut Card Error: 0.0019%
CSM Speed: 8899885 hands/sec, Cut Card Speed: 11082911 hands/sec

[1255/3456] 
=== Starting Regression Test ===
NUM_ROUNDS:  1000000000
NUM_THREADS: 16
Scenario:    decks=2_ss17=True_das=False_sas=3_don=9-11_reSplitAces=True_hitSplitAces=True_surr=yes_peek=True_bj-pays=1.5
============================

NOTE: surr=yes + peek=True — using the available surr=2-10 theoretical edge as a comparison baseline; edge assertion skipped.
Cut Card (Penetration: 75%) Theoretical Edge %: 0.2555% Cut Card Empiric Edge %: -0.2576%
CSM (Penetration: 0.0%) Theoretical Edge %: 0.1925% CSM Empiric Edge %: -0.1963%
CSM Error: -0.0038%, Cut Card Error: -0.0020%
CSM Speed: 6794217 hands/sec, Cut Card Speed: 11156232 hands/sec

[1256/3456] 
=== Starting Regression Test ===
NUM_ROUNDS:  1000000000
NUM_THREADS: 16
Scenario:    decks=6_ss17=False_das=True_sas=3_don=9-11_reSplitAces=True_hitSplitAces=False_surr=2-10_peek=False_bj-pays=1.2
============================

NOTE: surr=2-10 + peek=False — theoretical table may not match implementation; edge assertion skipped.
Cut Card (Penetration: 75%) Theoretical Edge %: 2.0762% Cut Card Empiric Edge %: -1.9273%
CSM (Penetration: 0.0%) Theoretical Edge %: 2.0562% CSM Empiric Edge %: -1.9020%
CSM Error: 0.1541%, Cut Card Error: 0.1489%
CSM Speed: 3459214 hands/sec, Cut Card Speed: 10708702 hands/sec

[1257/3456] 
=== Starting Regression Test ===
NUM_ROUNDS:  1000000000
NUM_THREADS: 16
Scenario:    decks=1_ss17=False_das=True_sas=3_don=Any_reSplitAces=True_hitSplitAces=False_surr=yes_peek=True_bj-pays=1.2
============================

NOTE: surr=yes + peek=True — using the available surr=2-10 theoretical edge as a comparison baseline; edge assertion skipped.
Cut Card (Penetration: 75%) Theoretical Edge %: 1.4877% Cut Card Empiric Edge %: -1.5093%
CSM (Penetration: 0.0%) Theoretical Edge %: 1.3747% CSM Empiric Edge %: -1.3784%
CSM Error: -0.0036%, Cut Card Error: -0.0216%
CSM Speed: 8660708 hands/sec, Cut Card Speed: 11158846 hands/sec

[1258/3456] 
=== Starting Regression Test ===
NUM_ROUNDS:  1000000000
NUM_THREADS: 16
Scenario:    decks=2_ss17=True_das=False_sas=4_don=10-11_reSplitAces=True_hitSplitAces=False_surr=no_peek=True_bj-pays=1.5
============================

Cut Card (Penetration: 75%) Theoretical Edge %: 0.5510% Cut Card Empiric Edge %: -0.5467%
CSM (Penetration: 0.0%) Theoretical Edge %: 0.4879% CSM Empiric Edge %: -0.4907%
CSM Error: -0.0027%, Cut Card Error: 0.0042%
CSM Speed: 6776904 hands/sec, Cut Card Speed: 10924425 hands/sec

[1259/3456] 
=== Starting Regression Test ===
NUM_ROUNDS:  1000000000
NUM_THREADS: 16
Scenario:    decks=2_ss17=True_das=True_sas=4_don=Any_reSplitAces=False_hitSplitAces=True_surr=yes_peek=True_bj-pays=1.5
============================

NOTE: surr=yes + peek=True — using the available surr=2-10 theoretical edge as a comparison baseline; edge assertion skipped.
Cut Card (Penetration: 75%) Theoretical Edge %: 0.0359% Cut Card Empiric Edge %: -0.0498%
CSM (Penetration: 0.0%) Theoretical Edge %: -0.0271% CSM Empiric Edge %: 0.0246%
CSM Error: -0.0025%, Cut Card Error: -0.0139%
CSM Speed: 6800501 hands/sec, Cut Card Speed: 11377341 hands/sec

[1260/3456] 
=== Starting Regression Test ===
NUM_ROUNDS:  1000000000
NUM_THREADS: 16
Scenario:    decks=1_ss17=True_das=False_sas=3_don=10-11_reSplitAces=False_hitSplitAces=True_surr=yes_peek=True_bj-pays=1.2
============================

NOTE: surr=yes + peek=True — using the available surr=2-10 theoretical edge as a comparison baseline; edge assertion skipped.
Cut Card (Penetration: 75%) Theoretical Edge %: 1.6204% Cut Card Empiric Edge %: -1.6182%
CSM (Penetration: 0.0%) Theoretical Edge %: 1.5074% CSM Empiric Edge %: -1.5114%
CSM Error: -0.0040%, Cut Card Error: 0.0022%
CSM Speed: 8148299 hands/sec, Cut Card Speed: 11329647 hands/sec

[1261/3456] 
=== Starting Regression Test ===
NUM_ROUNDS:  1000000000
NUM_THREADS: 16
Scenario:    decks=2_ss17=False_das=True_sas=3_don=Any_reSplitAces=True_hitSplitAces=True_surr=no_peek=True_bj-pays=1.5
============================

Cut Card (Penetration: 75%) Theoretical Edge %: 0.2562% Cut Card Empiric Edge %: -0.2603%
CSM (Penetration: 0.0%) Theoretical Edge %: 0.1933% CSM Empiric Edge %: -0.1887%
CSM Error: 0.0046%, Cut Card Error: -0.0041%
CSM Speed: 6885677 hands/sec, Cut Card Speed: 11478421 hands/sec

[1262/3456] 
=== Starting Regression Test ===
NUM_ROUNDS:  1000000000
NUM_THREADS: 16
Scenario:    decks=2_ss17=True_das=False_sas=3_don=Any_reSplitAces=True_hitSplitAces=True_surr=yes_peek=True_bj-pays=1.2
============================

NOTE: surr=yes + peek=True — using the available surr=2-10 theoretical edge as a comparison baseline; edge assertion skipped.
Cut Card (Penetration: 75%) Theoretical Edge %: 1.5246% Cut Card Empiric Edge %: -1.5230%
CSM (Penetration: 0.0%) Theoretical Edge %: 1.4616% CSM Empiric Edge %: -1.4660%
CSM Error: -0.0044%, Cut Card Error: 0.0016%
CSM Speed: 6923578 hands/sec, Cut Card Speed: 10857999 hands/sec

[1263/3456] 
=== Starting Regression Test ===
NUM_ROUNDS:  1000000000
NUM_THREADS: 16
Scenario:    decks=2_ss17=True_das=True_sas=2_don=10-11_reSplitAces=False_hitSplitAces=False_surr=no_peek=True_bj-pays=1.5
============================

Cut Card (Penetration: 75%) Theoretical Edge %: 0.5254% Cut Card Empiric Edge %: -0.5175%
CSM (Penetration: 0.0%) Theoretical Edge %: 0.4624% CSM Empiric Edge %: -0.4647%
CSM Error: -0.0023%, Cut Card Error: 0.0079%
CSM Speed: 6872427 hands/sec, Cut Card Speed: 11058277 hands/sec

[1264/3456] 
=== Starting Regression Test ===
NUM_ROUNDS:  1000000000
NUM_THREADS: 16
Scenario:    decks=1_ss17=True_das=False_sas=2_don=10-11_reSplitAces=True_hitSplitAces=False_surr=no_peek=True_bj-pays=1.5
============================

Cut Card (Penetration: 75%) Theoretical Edge %: 0.3954% Cut Card Empiric Edge %: -0.3975%
CSM (Penetration: 0.0%) Theoretical Edge %: 0.2824% CSM Empiric Edge %: -0.2820%
CSM Error: 0.0004%, Cut Card Error: -0.0021%
CSM Speed: 8754114 hands/sec, Cut Card Speed: 11013944 hands/sec

[1265/3456] 
=== Starting Regression Test ===
NUM_ROUNDS:  1000000000
NUM_THREADS: 16
Scenario:    decks=6_ss17=False_das=True_sas=2_don=9-11_reSplitAces=False_hitSplitAces=True_surr=no_peek=True_bj-pays=1.2
============================

Cut Card (Penetration: 75%) Theoretical Edge %: 1.9794% Cut Card Empiric Edge %: -1.9696%
CSM (Penetration: 0.0%) Theoretical Edge %: 1.9594% CSM Empiric Edge %: -1.9644%
CSM Error: -0.0050%, Cut Card Error: 0.0098%
CSM Speed: 3556251 hands/sec, Cut Card Speed: 11251631 hands/sec

[1266/3456] 
=== Starting Regression Test ===
NUM_ROUNDS:  1000000000
NUM_THREADS: 16
Scenario:    decks=2_ss17=False_das=True_sas=2_don=Any_reSplitAces=True_hitSplitAces=False_surr=no_peek=False_bj-pays=1.2
============================

Cut Card (Penetration: 75%) Theoretical Edge %: 1.9863% Cut Card Empiric Edge %: -1.9799%
CSM (Penetration: 0.0%) Theoretical Edge %: 1.9232% CSM Empiric Edge %: -1.9241%
CSM Error: -0.0008%, Cut Card Error: 0.0064%
CSM Speed: 6742179 hands/sec, Cut Card Speed: 11266082 hands/sec

[1267/3456] 
=== Starting Regression Test ===
NUM_ROUNDS:  1000000000
NUM_THREADS: 16
Scenario:    decks=2_ss17=True_das=True_sas=4_don=9-11_reSplitAces=False_hitSplitAces=False_surr=yes_peek=True_bj-pays=1.5
============================

NOTE: surr=yes + peek=True — using the available surr=2-10 theoretical edge as a comparison baseline; edge assertion skipped.
Cut Card (Penetration: 75%) Theoretical Edge %: 0.3165% Cut Card Empiric Edge %: -0.3240%
CSM (Penetration: 0.0%) Theoretical Edge %: 0.2535% CSM Empiric Edge %: -0.2602%
CSM Error: -0.0067%, Cut Card Error: -0.0075%
CSM Speed: 6871105 hands/sec, Cut Card Speed: 11214534 hands/sec

[1268/3456] 
=== Starting Regression Test ===
NUM_ROUNDS:  1000000000
NUM_THREADS: 16
Scenario:    decks=2_ss17=False_das=True_sas=4_don=10-11_reSplitAces=False_hitSplitAces=False_surr=no_peek=True_bj-pays=1.5
============================

Cut Card (Penetration: 75%) Theoretical Edge %: 0.6934% Cut Card Empiric Edge %: -0.6848%
CSM (Penetration: 0.0%) Theoretical Edge %: 0.6304% CSM Empiric Edge %: -0.6316%
CSM Error: -0.0012%, Cut Card Error: 0.0086%
CSM Speed: 6562799 hands/sec, Cut Card Speed: 11268494 hands/sec

[1269/3456] 
=== Starting Regression Test ===
NUM_ROUNDS:  1000000000
NUM_THREADS: 16
Scenario:    decks=1_ss17=False_das=True_sas=4_don=10-11_reSplitAces=False_hitSplitAces=True_surr=yes_peek=True_bj-pays=1.5
============================

NOTE: surr=yes + peek=True — using the available surr=2-10 theoretical edge as a comparison baseline; edge assertion skipped.
Cut Card (Penetration: 75%) Theoretical Edge %: 0.2936% Cut Card Empiric Edge %: -0.2974%
CSM (Penetration: 0.0%) Theoretical Edge %: 0.1806% CSM Empiric Edge %: -0.1815%
CSM Error: -0.0009%, Cut Card Error: -0.0038%
CSM Speed: 8360785 hands/sec, Cut Card Speed: 11054365 hands/sec

[1270/3456] 
=== Starting Regression Test ===
NUM_ROUNDS:  1000000000
NUM_THREADS: 16
Scenario:    decks=1_ss17=True_das=False_sas=2_don=10-11_reSplitAces=True_hitSplitAces=False_surr=2-10_peek=False_bj-pays=1.5
============================

NOTE: surr=2-10 + peek=False — theoretical table may not match implementation; edge assertion skipped.
Cut Card (Penetration: 75%) Theoretical Edge %: 0.4770% Cut Card Empiric Edge %: -0.3525%
CSM (Penetration: 0.0%) Theoretical Edge %: 0.3640% CSM Empiric Edge %: -0.2108%
CSM Error: 0.1531%, Cut Card Error: 0.1245%
CSM Speed: 8316631 hands/sec, Cut Card Speed: 11115310 hands/sec

[1271/3456] 
=== Starting Regression Test ===
NUM_ROUNDS:  1000000000
NUM_THREADS: 16
Scenario:    decks=1_ss17=True_das=True_sas=3_don=10-11_reSplitAces=True_hitSplitAces=True_surr=no_peek=True_bj-pays=1.2
============================

Cut Card (Penetration: 75%) Theoretical Edge %: 1.5023% Cut Card Empiric Edge %: -1.4838%
CSM (Penetration: 0.0%) Theoretical Edge %: 1.3893% CSM Empiric Edge %: -1.3853%
CSM Error: 0.0040%, Cut Card Error: 0.0185%
CSM Speed: 8604963 hands/sec, Cut Card Speed: 11425046 hands/sec

[1272/3456] 
=== Starting Regression Test ===
NUM_ROUNDS:  1000000000
NUM_THREADS: 16
Scenario:    decks=2_ss17=True_das=False_sas=2_don=10-11_reSplitAces=True_hitSplitAces=True_surr=no_peek=True_bj-pays=1.2
============================

Cut Card (Penetration: 75%) Theoretical Edge %: 1.8452% Cut Card Empiric Edge %: -1.8354%
CSM (Penetration: 0.0%) Theoretical Edge %: 1.7822% CSM Empiric Edge %: -1.7828%
CSM Error: -0.0006%, Cut Card Error: 0.0098%
CSM Speed: 6832515 hands/sec, Cut Card Speed: 10864133 hands/sec

[1273/3456] 
=== Starting Regression Test ===
NUM_ROUNDS:  1000000000
NUM_THREADS: 16
Scenario:    decks=6_ss17=False_das=False_sas=3_don=Any_reSplitAces=False_hitSplitAces=False_surr=yes_peek=True_bj-pays=1.2
============================

NOTE: surr=yes + peek=True — using the available surr=2-10 theoretical edge as a comparison baseline; edge assertion skipped.
Cut Card (Penetration: 75%) Theoretical Edge %: 2.0601% Cut Card Empiric Edge %: -2.0615%
CSM (Penetration: 0.0%) Theoretical Edge %: 2.0401% CSM Empiric Edge %: -2.0383%
CSM Error: 0.0018%, Cut Card Error: -0.0014%
CSM Speed: 3578919 hands/sec, Cut Card Speed: 11396401 hands/sec

[1274/3456] 
=== Starting Regression Test ===
NUM_ROUNDS:  1000000000
NUM_THREADS: 16
Scenario:    decks=6_ss17=True_das=False_sas=2_don=10-11_reSplitAces=True_hitSplitAces=True_surr=no_peek=False_bj-pays=1.5
============================

Cut Card (Penetration: 75%) Theoretical Edge %: 0.7109% Cut Card Empiric Edge %: -0.7252%
CSM (Penetration: 0.0%) Theoretical Edge %: 0.6909% CSM Empiric Edge %: -0.6947%
CSM Error: -0.0038%, Cut Card Error: -0.0143%
CSM Speed: 3571416 hands/sec, Cut Card Speed: 10984062 hands/sec

[1275/3456] 
=== Starting Regression Test ===
NUM_ROUNDS:  1000000000
NUM_THREADS: 16
Scenario:    decks=2_ss17=False_das=True_sas=4_don=Any_reSplitAces=True_hitSplitAces=False_surr=2-10_peek=False_bj-pays=1.2
============================

NOTE: surr=2-10 + peek=False — theoretical table may not match implementation; edge assertion skipped.
Cut Card (Penetration: 75%) Theoretical Edge %: 1.8216% Cut Card Empiric Edge %: -1.6786%
CSM (Penetration: 0.0%) Theoretical Edge %: 1.7586% CSM Empiric Edge %: -1.6048%
CSM Error: 0.1538%, Cut Card Error: 0.1430%
CSM Speed: 6785319 hands/sec, Cut Card Speed: 10836349 hands/sec

[1276/3456] 
=== Starting Regression Test ===
NUM_ROUNDS:  1000000000
NUM_THREADS: 16
Scenario:    decks=6_ss17=True_das=True_sas=2_don=10-11_reSplitAces=False_hitSplitAces=False_surr=yes_peek=True_bj-pays=1.2
============================

NOTE: surr=yes + peek=True — using the available surr=2-10 theoretical edge as a comparison baseline; edge assertion skipped.
Cut Card (Penetration: 75%) Theoretical Edge %: 1.9565% Cut Card Empiric Edge %: -1.9561%
CSM (Penetration: 0.0%) Theoretical Edge %: 1.9365% CSM Empiric Edge %: -1.9415%
CSM Error: -0.0050%, Cut Card Error: 0.0004%
CSM Speed: 3541265 hands/sec, Cut Card Speed: 11057177 hands/sec

[1277/3456] 
=== Starting Regression Test ===
NUM_ROUNDS:  1000000000
NUM_THREADS: 16
Scenario:    decks=6_ss17=True_das=False_sas=3_don=9-11_reSplitAces=True_hitSplitAces=False_surr=2-10_peek=False_bj-pays=1.2
============================

NOTE: surr=2-10 + peek=False — theoretical table may not match implementation; edge assertion skipped.
Cut Card (Penetration: 75%) Theoretical Edge %: 1.9994% Cut Card Empiric Edge %: -1.8260%
CSM (Penetration: 0.0%) Theoretical Edge %: 1.9794% CSM Empiric Edge %: -1.8043%
CSM Error: 0.1751%, Cut Card Error: 0.1734%
CSM Speed: 3458508 hands/sec, Cut Card Speed: 10496924 hands/sec

[1278/3456] 
=== Starting Regression Test ===
NUM_ROUNDS:  1000000000
NUM_THREADS: 16
Scenario:    decks=2_ss17=False_das=False_sas=2_don=Any_reSplitAces=True_hitSplitAces=False_surr=no_peek=True_bj-pays=1.5
============================

Cut Card (Penetration: 75%) Theoretical Edge %: 0.6291% Cut Card Empiric Edge %: -0.6245%
CSM (Penetration: 0.0%) Theoretical Edge %: 0.5661% CSM Empiric Edge %: -0.5683%
CSM Error: -0.0022%, Cut Card Error: 0.0045%
CSM Speed: 6846548 hands/sec, Cut Card Speed: 11232674 hands/sec

[1279/3456] 
=== Starting Regression Test ===
NUM_ROUNDS:  1000000000
NUM_THREADS: 16
Scenario:    decks=6_ss17=True_das=True_sas=3_don=10-11_reSplitAces=False_hitSplitAces=True_surr=no_peek=False_bj-pays=1.2
============================

Cut Card (Penetration: 75%) Theoretical Edge %: 1.9247% Cut Card Empiric Edge %: -1.9230%
CSM (Penetration: 0.0%) Theoretical Edge %: 1.9047% CSM Empiric Edge %: -1.9125%
CSM Error: -0.0078%, Cut Card Error: 0.0017%
CSM Speed: 3489707 hands/sec, Cut Card Speed: 10910837 hands/sec

[1280/3456] 
=== Starting Regression Test ===
NUM_ROUNDS:  1000000000
NUM_THREADS: 16
Scenario:    decks=2_ss17=False_das=True_sas=2_don=Any_reSplitAces=False_hitSplitAces=False_surr=no_peek=True_bj-pays=1.5
============================

Cut Card (Penetration: 75%) Theoretical Edge %: 0.5014% Cut Card Empiric Edge %: -0.5116%
CSM (Penetration: 0.0%) Theoretical Edge %: 0.4384% CSM Empiric Edge %: -0.4394%
CSM Error: -0.0010%, Cut Card Error: -0.0102%
CSM Speed: 6872852 hands/sec, Cut Card Speed: 11172186 hands/sec

[1281/3456] 
=== Starting Regression Test ===
NUM_ROUNDS:  1000000000
NUM_THREADS: 16
Scenario:    decks=1_ss17=False_das=False_sas=4_don=9-11_reSplitAces=False_hitSplitAces=False_surr=yes_peek=True_bj-pays=1.2
============================

NOTE: surr=yes + peek=True — using the available surr=2-10 theoretical edge as a comparison baseline; edge assertion skipped.
Cut Card (Penetration: 75%) Theoretical Edge %: 1.8059% Cut Card Empiric Edge %: -1.8064%
CSM (Penetration: 0.0%) Theoretical Edge %: 1.6929% CSM Empiric Edge %: -1.6904%
CSM Error: 0.0025%, Cut Card Error: -0.0005%
CSM Speed: 8787423 hands/sec, Cut Card Speed: 11456853 hands/sec

[1282/3456] 
=== Starting Regression Test ===
NUM_ROUNDS:  1000000000
NUM_THREADS: 16
Scenario:    decks=2_ss17=False_das=False_sas=3_don=9-11_reSplitAces=True_hitSplitAces=False_surr=yes_peek=True_bj-pays=1.2
============================

NOTE: surr=yes + peek=True — using the available surr=2-10 theoretical edge as a comparison baseline; edge assertion skipped.
Cut Card (Penetration: 75%) Theoretical Edge %: 1.9800% Cut Card Empiric Edge %: -1.9795%
CSM (Penetration: 0.0%) Theoretical Edge %: 1.9170% CSM Empiric Edge %: -1.9167%
CSM Error: 0.0004%, Cut Card Error: 0.0005%
CSM Speed: 6565083 hands/sec, Cut Card Speed: 11095700 hands/sec

[1283/3456] 
=== Starting Regression Test ===
NUM_ROUNDS:  1000000000
NUM_THREADS: 16
Scenario:    decks=6_ss17=True_das=True_sas=4_don=10-11_reSplitAces=True_hitSplitAces=True_surr=yes_peek=True_bj-pays=1.5
============================

NOTE: surr=yes + peek=True — using the available surr=2-10 theoretical edge as a comparison baseline; edge assertion skipped.
Cut Card (Penetration: 75%) Theoretical Edge %: 0.3075% Cut Card Empiric Edge %: -0.3131%
CSM (Penetration: 0.0%) Theoretical Edge %: 0.2875% CSM Empiric Edge %: -0.2889%
CSM Error: -0.0014%, Cut Card Error: -0.0056%
CSM Speed: 3545307 hands/sec, Cut Card Speed: 10647700 hands/sec

[1284/3456] 
=== Starting Regression Test ===
NUM_ROUNDS:  1000000000
NUM_THREADS: 16
Scenario:    decks=6_ss17=False_das=False_sas=4_don=Any_reSplitAces=False_hitSplitAces=False_surr=yes_peek=True_bj-pays=1.2
============================

NOTE: surr=yes + peek=True — using the available surr=2-10 theoretical edge as a comparison baseline; edge assertion skipped.
Cut Card (Penetration: 75%) Theoretical Edge %: 2.0547% Cut Card Empiric Edge %: -2.0558%
CSM (Penetration: 0.0%) Theoretical Edge %: 2.0347% CSM Empiric Edge %: -2.0381%
CSM Error: -0.0035%, Cut Card Error: -0.0012%
CSM Speed: 3581765 hands/sec, Cut Card Speed: 11475786 hands/sec

[1285/3456] 
=== Starting Regression Test ===
NUM_ROUNDS:  1000000000
NUM_THREADS: 16
Scenario:    decks=6_ss17=False_das=False_sas=3_don=10-11_reSplitAces=False_hitSplitAces=True_surr=no_peek=True_bj-pays=1.5
============================

Cut Card (Penetration: 75%) Theoretical Edge %: 0.7929% Cut Card Empiric Edge %: -0.7908%
CSM (Penetration: 0.0%) Theoretical Edge %: 0.7729% CSM Empiric Edge %: -0.7740%
CSM Error: -0.0012%, Cut Card Error: 0.0021%
CSM Speed: 3605137 hands/sec, Cut Card Speed: 11391079 hands/sec

[1286/3456] 
=== Starting Regression Test ===
NUM_ROUNDS:  1000000000
NUM_THREADS: 16
Scenario:    decks=1_ss17=False_das=False_sas=3_don=10-11_reSplitAces=True_hitSplitAces=True_surr=no_peek=True_bj-pays=1.5
============================

Cut Card (Penetration: 75%) Theoretical Edge %: 0.4260% Cut Card Empiric Edge %: -0.4173%
CSM (Penetration: 0.0%) Theoretical Edge %: 0.3130% CSM Empiric Edge %: -0.3138%
CSM Error: -0.0009%, Cut Card Error: 0.0087%
CSM Speed: 8592025 hands/sec, Cut Card Speed: 11550278 hands/sec

[1287/3456] 
=== Starting Regression Test ===
NUM_ROUNDS:  1000000000
NUM_THREADS: 16
Scenario:    decks=1_ss17=True_das=False_sas=2_don=9-11_reSplitAces=True_hitSplitAces=False_surr=no_peek=False_bj-pays=1.5
============================

Cut Card (Penetration: 75%) Theoretical Edge %: 0.3685% Cut Card Empiric Edge %: -0.3783%
CSM (Penetration: 0.0%) Theoretical Edge %: 0.2555% CSM Empiric Edge %: -0.2560%
CSM Error: -0.0005%, Cut Card Error: -0.0098%
CSM Speed: 8892841 hands/sec, Cut Card Speed: 11288720 hands/sec

[1288/3456] 
=== Starting Regression Test ===
NUM_ROUNDS:  1000000000
NUM_THREADS: 16
Scenario:    decks=6_ss17=True_das=True_sas=4_don=9-11_reSplitAces=True_hitSplitAces=True_surr=yes_peek=True_bj-pays=1.2
============================

NOTE: surr=yes + peek=True — using the available surr=2-10 theoretical edge as a comparison baseline; edge assertion skipped.
Cut Card (Penetration: 75%) Theoretical Edge %: 1.5712% Cut Card Empiric Edge %: -1.5757%
CSM (Penetration: 0.0%) Theoretical Edge %: 1.5512% CSM Empiric Edge %: -1.5494%
CSM Error: 0.0018%, Cut Card Error: -0.0045%
CSM Speed: 3464235 hands/sec, Cut Card Speed: 11313113 hands/sec

[1289/3456] 
=== Starting Regression Test ===
NUM_ROUNDS:  1000000000
NUM_THREADS: 16
Scenario:    decks=1_ss17=True_das=False_sas=2_don=9-11_reSplitAces=True_hitSplitAces=True_surr=yes_peek=True_bj-pays=1.2
============================

NOTE: surr=yes + peek=True — using the available surr=2-10 theoretical edge as a comparison baseline; edge assertion skipped.
Cut Card (Penetration: 75%) Theoretical Edge %: 1.5046% Cut Card Empiric Edge %: -1.4993%
CSM (Penetration: 0.0%) Theoretical Edge %: 1.3916% CSM Empiric Edge %: -1.4015%
CSM Error: -0.0099%, Cut Card Error: 0.0054%
CSM Speed: 8436469 hands/sec, Cut Card Speed: 11865211 hands/sec

[1290/3456] 
=== Starting Regression Test ===
NUM_ROUNDS:  1000000000
NUM_THREADS: 16
Scenario:    decks=6_ss17=True_das=False_sas=4_don=Any_reSplitAces=False_hitSplitAces=False_surr=no_peek=True_bj-pays=1.5
============================

Cut Card (Penetration: 75%) Theoretical Edge %: 0.5680% Cut Card Empiric Edge %: -0.5719%
CSM (Penetration: 0.0%) Theoretical Edge %: 0.5480% CSM Empiric Edge %: -0.5457%
CSM Error: 0.0023%, Cut Card Error: -0.0039%
CSM Speed: 3616610 hands/sec, Cut Card Speed: 11771076 hands/sec

[1291/3456] 
=== Starting Regression Test ===
NUM_ROUNDS:  1000000000
NUM_THREADS: 16
Scenario:    decks=6_ss17=False_das=True_sas=2_don=10-11_reSplitAces=False_hitSplitAces=False_surr=2-10_peek=False_bj-pays=1.2
============================

NOTE: surr=2-10 + peek=False — theoretical table may not match implementation; edge assertion skipped.
Cut Card (Penetration: 75%) Theoretical Edge %: 2.2649% Cut Card Empiric Edge %: -2.1150%
CSM (Penetration: 0.0%) Theoretical Edge %: 2.2449% CSM Empiric Edge %: -2.0901%
CSM Error: 0.1548%, Cut Card Error: 0.1499%
CSM Speed: 3562510 hands/sec, Cut Card Speed: 10842224 hands/sec

[1292/3456] 
=== Starting Regression Test ===
NUM_ROUNDS:  1000000000
NUM_THREADS: 16
Scenario:    decks=2_ss17=False_das=False_sas=2_don=10-11_reSplitAces=True_hitSplitAces=False_surr=2-10_peek=False_bj-pays=1.2
============================

NOTE: surr=2-10 + peek=False — theoretical table may not match implementation; edge assertion skipped.
Cut Card (Penetration: 75%) Theoretical Edge %: 2.2556% Cut Card Empiric Edge %: -2.1066%
CSM (Penetration: 0.0%) Theoretical Edge %: 2.1926% CSM Empiric Edge %: -2.0383%
CSM Error: 0.1543%, Cut Card Error: 0.1490%
CSM Speed: 6781914 hands/sec, Cut Card Speed: 10978515 hands/sec

[1293/3456] 
=== Starting Regression Test ===
NUM_ROUNDS:  1000000000
NUM_THREADS: 16
Scenario:    decks=2_ss17=True_das=False_sas=4_don=10-11_reSplitAces=False_hitSplitAces=True_surr=no_peek=True_bj-pays=1.2
============================

Cut Card (Penetration: 75%) Theoretical Edge %: 1.8177% Cut Card Empiric Edge %: -1.8047%
CSM (Penetration: 0.0%) Theoretical Edge %: 1.7547% CSM Empiric Edge %: -1.7540%
CSM Error: 0.0008%, Cut Card Error: 0.0131%
CSM Speed: 6749688 hands/sec, Cut Card Speed: 11044964 hands/sec

[1294/3456] 
=== Starting Regression Test ===
NUM_ROUNDS:  1000000000
NUM_THREADS: 16
Scenario:    decks=2_ss17=False_das=True_sas=3_don=Any_reSplitAces=True_hitSplitAces=True_surr=2-10_peek=False_bj-pays=1.5
============================

NOTE: surr=2-10 + peek=False — theoretical table may not match implementation; edge assertion skipped.
Cut Card (Penetration: 75%) Theoretical Edge %: 0.3045% Cut Card Empiric Edge %: -0.1755%
CSM (Penetration: 0.0%) Theoretical Edge %: 0.2415% CSM Empiric Edge %: -0.0855%
CSM Error: 0.1560%, Cut Card Error: 0.1290%
CSM Speed: 6983240 hands/sec, Cut Card Speed: 11131023 hands/sec

[1295/3456] 
=== Starting Regression Test ===
NUM_ROUNDS:  1000000000
NUM_THREADS: 16
Scenario:    decks=1_ss17=False_das=True_sas=3_don=Any_reSplitAces=False_hitSplitAces=True_surr=no_peek=False_bj-pays=1.5
============================

Cut Card (Penetration: 75%) Theoretical Edge %: 0.1366% Cut Card Empiric Edge %: -0.1558%
CSM (Penetration: 0.0%) Theoretical Edge %: 0.0236% CSM Empiric Edge %: -0.0262%
CSM Error: -0.0026%, Cut Card Error: -0.0192%
CSM Speed: 8854573 hands/sec, Cut Card Speed: 11137470 hands/sec

[1296/3456] 
=== Starting Regression Test ===
NUM_ROUNDS:  1000000000
NUM_THREADS: 16
Scenario:    decks=2_ss17=True_das=False_sas=2_don=10-11_reSplitAces=True_hitSplitAces=True_surr=no_peek=False_bj-pays=1.2
============================

Cut Card (Penetration: 75%) Theoretical Edge %: 1.9551% Cut Card Empiric Edge %: -1.9542%
CSM (Penetration: 0.0%) Theoretical Edge %: 1.8921% CSM Empiric Edge %: -1.8968%
CSM Error: -0.0047%, Cut Card Error: 0.0009%
CSM Speed: 6660362 hands/sec, Cut Card Speed: 11341083 hands/sec

[1297/3456] 
=== Starting Regression Test ===
NUM_ROUNDS:  1000000000
NUM_THREADS: 16
Scenario:    decks=6_ss17=True_das=True_sas=2_don=Any_reSplitAces=False_hitSplitAces=False_surr=yes_peek=True_bj-pays=1.2
============================

NOTE: surr=yes + peek=True — using the available surr=2-10 theoretical edge as a comparison baseline; edge assertion skipped.
Cut Card (Penetration: 75%) Theoretical Edge %: 1.7671% Cut Card Empiric Edge %: -1.7649%
CSM (Penetration: 0.0%) Theoretical Edge %: 1.7471% CSM Empiric Edge %: -1.7511%
CSM Error: -0.0040%, Cut Card Error: 0.0022%
CSM Speed: 3611099 hands/sec, Cut Card Speed: 12213144 hands/sec

[1298/3456] 
=== Starting Regression Test ===
NUM_ROUNDS:  1000000000
NUM_THREADS: 16
Scenario:    decks=2_ss17=True_das=False_sas=4_don=10-11_reSplitAces=True_hitSplitAces=True_surr=2-10_peek=False_bj-pays=1.5
============================

NOTE: surr=2-10 + peek=False — theoretical table may not match implementation; edge assertion skipped.
Cut Card (Penetration: 75%) Theoretical Edge %: 0.4581% Cut Card Empiric Edge %: -0.3026%
CSM (Penetration: 0.0%) Theoretical Edge %: 0.3951% CSM Empiric Edge %: -0.2331%
CSM Error: 0.1620%, Cut Card Error: 0.1555%
CSM Speed: 6640018 hands/sec, Cut Card Speed: 10992272 hands/sec

[1299/3456] 
=== Starting Regression Test ===
NUM_ROUNDS:  1000000000
NUM_THREADS: 16
Scenario:    decks=2_ss17=False_das=True_sas=4_don=10-11_reSplitAces=True_hitSplitAces=False_surr=2-10_peek=False_bj-pays=1.5
============================

NOTE: surr=2-10 + peek=False — theoretical table may not match implementation; edge assertion skipped.
Cut Card (Penetration: 75%) Theoretical Edge %: 0.6847% Cut Card Empiric Edge %: -0.5431%
CSM (Penetration: 0.0%) Theoretical Edge %: 0.6217% CSM Empiric Edge %: -0.4688%
CSM Error: 0.1529%, Cut Card Error: 0.1415%
CSM Speed: 6810505 hands/sec, Cut Card Speed: 10980444 hands/sec

[1300/3456] 
=== Starting Regression Test ===
NUM_ROUNDS:  1000000000
NUM_THREADS: 16
Scenario:    decks=1_ss17=True_das=False_sas=3_don=Any_reSplitAces=True_hitSplitAces=True_surr=2-10_peek=False_bj-pays=1.5
============================

NOTE: surr=2-10 + peek=False — theoretical table may not match implementation; edge assertion skipped.
Cut Card (Penetration: 75%) Theoretical Edge %: 0.0408% Cut Card Empiric Edge %: 0.0733%
CSM (Penetration: 0.0%) Theoretical Edge %: -0.0722% CSM Empiric Edge %: 0.2249%
CSM Error: 0.1527%, Cut Card Error: 0.1141%
CSM Speed: 8861556 hands/sec, Cut Card Speed: 10935057 hands/sec

[1301/3456] 
=== Starting Regression Test ===
NUM_ROUNDS:  1000000000
NUM_THREADS: 16
Scenario:    decks=1_ss17=True_das=True_sas=4_don=Any_reSplitAces=True_hitSplitAces=True_surr=no_peek=True_bj-pays=1.2
============================

Cut Card (Penetration: 75%) Theoretical Edge %: 1.1956% Cut Card Empiric Edge %: -1.1944%
CSM (Penetration: 0.0%) Theoretical Edge %: 1.0826% CSM Empiric Edge %: -1.0841%
CSM Error: -0.0015%, Cut Card Error: 0.0012%
CSM Speed: 9014775 hands/sec, Cut Card Speed: 11783560 hands/sec

[1302/3456] 
=== Starting Regression Test ===
NUM_ROUNDS:  1000000000
NUM_THREADS: 16
Scenario:    decks=1_ss17=True_das=False_sas=3_don=10-11_reSplitAces=True_hitSplitAces=True_surr=yes_peek=True_bj-pays=1.2
============================

NOTE: surr=yes + peek=True — using the available surr=2-10 theoretical edge as a comparison baseline; edge assertion skipped.
Cut Card (Penetration: 75%) Theoretical Edge %: 1.5956% Cut Card Empiric Edge %: -1.5945%
CSM (Penetration: 0.0%) Theoretical Edge %: 1.4826% CSM Empiric Edge %: -1.4907%
CSM Error: -0.0081%, Cut Card Error: 0.0011%
CSM Speed: 8501883 hands/sec, Cut Card Speed: 11558021 hands/sec

[1303/3456] 
=== Starting Regression Test ===
NUM_ROUNDS:  1000000000
NUM_THREADS: 16
Scenario:    decks=6_ss17=False_das=False_sas=2_don=Any_reSplitAces=False_hitSplitAces=False_surr=yes_peek=True_bj-pays=1.5
============================

NOTE: surr=yes + peek=True — using the available surr=2-10 theoretical edge as a comparison baseline; edge assertion skipped.
Cut Card (Penetration: 75%) Theoretical Edge %: 0.7280% Cut Card Empiric Edge %: -0.7337%
CSM (Penetration: 0.0%) Theoretical Edge %: 0.7080% CSM Empiric Edge %: -0.7028%
CSM Error: 0.0052%, Cut Card Error: -0.0058%
CSM Speed: 3639209 hands/sec, Cut Card Speed: 11969167 hands/sec

[1304/3456] 
=== Starting Regression Test ===
NUM_ROUNDS:  1000000000
NUM_THREADS: 16
Scenario:    decks=2_ss17=False_das=True_sas=2_don=Any_reSplitAces=True_hitSplitAces=True_surr=no_peek=True_bj-pays=1.2
============================

Cut Card (Penetration: 75%) Theoretical Edge %: 1.7084% Cut Card Empiric Edge %: -1.6971%
CSM (Penetration: 0.0%) Theoretical Edge %: 1.6454% CSM Empiric Edge %: -1.6429%
CSM Error: 0.0025%, Cut Card Error: 0.0114%
CSM Speed: 6863277 hands/sec, Cut Card Speed: 11294841 hands/sec

[1305/3456] 
=== Starting Regression Test ===
NUM_ROUNDS:  1000000000
NUM_THREADS: 16
Scenario:    decks=1_ss17=True_das=True_sas=2_don=10-11_reSplitAces=False_hitSplitAces=True_surr=yes_peek=True_bj-pays=1.5
============================

NOTE: surr=yes + peek=True — using the available surr=2-10 theoretical edge as a comparison baseline; edge assertion skipped.
Cut Card (Penetration: 75%) Theoretical Edge %: 0.1360% Cut Card Empiric Edge %: -0.1365%
CSM (Penetration: 0.0%) Theoretical Edge %: 0.0230% CSM Empiric Edge %: -0.0267%
CSM Error: -0.0037%, Cut Card Error: -0.0005%
CSM Speed: 8618609 hands/sec, Cut Card Speed: 11089671 hands/sec

[1306/3456] 
=== Starting Regression Test ===
NUM_ROUNDS:  1000000000
NUM_THREADS: 16
Scenario:    decks=2_ss17=False_das=False_sas=3_don=Any_reSplitAces=False_hitSplitAces=False_surr=no_peek=False_bj-pays=1.2
============================

Cut Card (Penetration: 75%) Theoretical Edge %: 2.0896% Cut Card Empiric Edge %: -2.0909%
CSM (Penetration: 0.0%) Theoretical Edge %: 2.0266% CSM Empiric Edge %: -2.0221%
CSM Error: 0.0045%, Cut Card Error: -0.0013%
CSM Speed: 6597176 hands/sec, Cut Card Speed: 10644979 hands/sec

[1307/3456] 
=== Starting Regression Test ===
NUM_ROUNDS:  1000000000
NUM_THREADS: 16
Scenario:    decks=2_ss17=False_das=True_sas=4_don=9-11_reSplitAces=False_hitSplitAces=False_surr=2-10_peek=False_bj-pays=1.2
============================

NOTE: surr=2-10 + peek=False — theoretical table may not match implementation; edge assertion skipped.
Cut Card (Penetration: 75%) Theoretical Edge %: 1.9941% Cut Card Empiric Edge %: -1.8519%
CSM (Penetration: 0.0%) Theoretical Edge %: 1.9311% CSM Empiric Edge %: -1.7743%
CSM Error: 0.1568%, Cut Card Error: 0.1422%
CSM Speed: 6512197 hands/sec, Cut Card Speed: 10807423 hands/sec

[1308/3456] 
=== Starting Regression Test ===
NUM_ROUNDS:  1000000000
NUM_THREADS: 16
Scenario:    decks=2_ss17=True_das=False_sas=4_don=9-11_reSplitAces=True_hitSplitAces=False_surr=yes_peek=True_bj-pays=1.2
============================

NOTE: surr=yes + peek=True — using the available surr=2-10 theoretical edge as a comparison baseline; edge assertion skipped.
Cut Card (Penetration: 75%) Theoretical Edge %: 1.7713% Cut Card Empiric Edge %: -1.7718%
CSM (Penetration: 0.0%) Theoretical Edge %: 1.7083% CSM Empiric Edge %: -1.7057%
CSM Error: 0.0026%, Cut Card Error: -0.0005%
CSM Speed: 6545873 hands/sec, Cut Card Speed: 11190940 hands/sec

[1309/3456] 
=== Starting Regression Test ===
NUM_ROUNDS:  1000000000
NUM_THREADS: 16
Scenario:    decks=2_ss17=False_das=False_sas=3_don=Any_reSplitAces=True_hitSplitAces=False_surr=no_peek=False_bj-pays=1.5
============================

Cut Card (Penetration: 75%) Theoretical Edge %: 0.6722% Cut Card Empiric Edge %: -0.6718%
CSM (Penetration: 0.0%) Theoretical Edge %: 0.6092% CSM Empiric Edge %: -0.6065%
CSM Error: 0.0027%, Cut Card Error: 0.0004%
CSM Speed: 6654688 hands/sec, Cut Card Speed: 10771451 hands/sec

[1310/3456] 
=== Starting Regression Test ===
NUM_ROUNDS:  1000000000
NUM_THREADS: 16
Scenario:    decks=2_ss17=False_das=False_sas=3_don=Any_reSplitAces=False_hitSplitAces=True_surr=no_peek=False_bj-pays=1.5
============================

Cut Card (Penetration: 75%) Theoretical Edge %: 0.5633% Cut Card Empiric Edge %: -0.5672%
CSM (Penetration: 0.0%) Theoretical Edge %: 0.5003% CSM Empiric Edge %: -0.5030%
CSM Error: -0.0027%, Cut Card Error: -0.0039%
CSM Speed: 6565471 hands/sec, Cut Card Speed: 10945949 hands/sec

[1311/3456] 
=== Starting Regression Test ===
NUM_ROUNDS:  1000000000
NUM_THREADS: 16
Scenario:    decks=1_ss17=True_das=False_sas=3_don=Any_reSplitAces=True_hitSplitAces=True_surr=no_peek=False_bj-pays=1.2
============================

Cut Card (Penetration: 75%) Theoretical Edge %: 1.4592% Cut Card Empiric Edge %: -1.4591%
CSM (Penetration: 0.0%) Theoretical Edge %: 1.3462% CSM Empiric Edge %: -1.3480%
CSM Error: -0.0018%, Cut Card Error: 0.0001%
CSM Speed: 8187795 hands/sec, Cut Card Speed: 10991547 hands/sec

[1312/3456] 
=== Starting Regression Test ===
NUM_ROUNDS:  1000000000
NUM_THREADS: 16
Scenario:    decks=6_ss17=True_das=True_sas=4_don=10-11_reSplitAces=False_hitSplitAces=True_surr=2-10_peek=False_bj-pays=1.2
============================

NOTE: surr=2-10 + peek=False — theoretical table may not match implementation; edge assertion skipped.
Cut Card (Penetration: 75%) Theoretical Edge %: 1.8381% Cut Card Empiric Edge %: -1.6736%
CSM (Penetration: 0.0%) Theoretical Edge %: 1.8181% CSM Empiric Edge %: -1.6515%
CSM Error: 0.1667%, Cut Card Error: 0.1646%
CSM Speed: 3476350 hands/sec, Cut Card Speed: 10850694 hands/sec

[1313/3456] 
=== Starting Regression Test ===
NUM_ROUNDS:  1000000000
NUM_THREADS: 16
Scenario:    decks=6_ss17=False_das=False_sas=2_don=10-11_reSplitAces=True_hitSplitAces=False_surr=yes_peek=True_bj-pays=1.2
============================

NOTE: surr=yes + peek=True — using the available surr=2-10 theoretical edge as a comparison baseline; edge assertion skipped.
Cut Card (Penetration: 75%) Theoretical Edge %: 2.2690% Cut Card Empiric Edge %: -2.2701%
CSM (Penetration: 0.0%) Theoretical Edge %: 2.2490% CSM Empiric Edge %: -2.2521%
CSM Error: -0.0031%, Cut Card Error: -0.0011%
CSM Speed: 3505033 hands/sec, Cut Card Speed: 10921204 hands/sec

[1314/3456] 
=== Starting Regression Test ===
NUM_ROUNDS:  1000000000
NUM_THREADS: 16
Scenario:    decks=1_ss17=True_das=True_sas=4_don=Any_reSplitAces=False_hitSplitAces=True_surr=no_peek=True_bj-pays=1.2
============================

Cut Card (Penetration: 75%) Theoretical Edge %: 1.2225% Cut Card Empiric Edge %: -1.2190%
CSM (Penetration: 0.0%) Theoretical Edge %: 1.1095% CSM Empiric Edge %: -1.1096%
CSM Error: -0.0001%, Cut Card Error: 0.0035%
CSM Speed: 8464104 hands/sec, Cut Card Speed: 11078123 hands/sec

[1315/3456] 
=== Starting Regression Test ===
NUM_ROUNDS:  1000000000
NUM_THREADS: 16
Scenario:    decks=6_ss17=True_das=True_sas=4_don=10-11_reSplitAces=False_hitSplitAces=True_surr=2-10_peek=False_bj-pays=1.5
============================

NOTE: surr=2-10 + peek=False — theoretical table may not match implementation; edge assertion skipped.
Cut Card (Penetration: 75%) Theoretical Edge %: 0.4785% Cut Card Empiric Edge %: -0.3190%
CSM (Penetration: 0.0%) Theoretical Edge %: 0.4585% CSM Empiric Edge %: -0.2926%
CSM Error: 0.1659%, Cut Card Error: 0.1595%
CSM Speed: 3418207 hands/sec, Cut Card Speed: 10570936 hands/sec

[1316/3456] 
=== Starting Regression Test ===
NUM_ROUNDS:  1000000000
NUM_THREADS: 16
Scenario:    decks=2_ss17=True_das=False_sas=4_don=9-11_reSplitAces=False_hitSplitAces=True_surr=no_peek=True_bj-pays=1.2
============================

Cut Card (Penetration: 75%) Theoretical Edge %: 1.7158% Cut Card Empiric Edge %: -1.7077%
CSM (Penetration: 0.0%) Theoretical Edge %: 1.6527% CSM Empiric Edge %: -1.6518%
CSM Error: 0.0009%, Cut Card Error: 0.0081%
CSM Speed: 6693709 hands/sec, Cut Card Speed: 11179430 hands/sec

[1317/3456] 
=== Starting Regression Test ===
NUM_ROUNDS:  1000000000
NUM_THREADS: 16
Scenario:    decks=2_ss17=False_das=False_sas=3_don=10-11_reSplitAces=False_hitSplitAces=False_surr=no_peek=False_bj-pays=1.2
============================

Cut Card (Penetration: 75%) Theoretical Edge %: 2.3039% Cut Card Empiric Edge %: -2.2887%
CSM (Penetration: 0.0%) Theoretical Edge %: 2.2409% CSM Empiric Edge %: -2.2410%
CSM Error: -0.0000%, Cut Card Error: 0.0153%
CSM Speed: 6386552 hands/sec, Cut Card Speed: 10525097 hands/sec

[1318/3456] 
=== Starting Regression Test ===
NUM_ROUNDS:  1000000000
NUM_THREADS: 16
Scenario:    decks=1_ss17=False_das=False_sas=3_don=Any_reSplitAces=True_hitSplitAces=True_surr=yes_peek=True_bj-pays=1.5
============================

NOTE: surr=yes + peek=True — using the available surr=2-10 theoretical edge as a comparison baseline; edge assertion skipped.
Cut Card (Penetration: 75%) Theoretical Edge %: 0.1116% Cut Card Empiric Edge %: -0.1284%
CSM (Penetration: 0.0%) Theoretical Edge %: -0.0014% CSM Empiric Edge %: -0.0007%
CSM Error: -0.0021%, Cut Card Error: -0.0168%
CSM Speed: 8795229 hands/sec, Cut Card Speed: 10729729 hands/sec

[1319/3456] 
=== Starting Regression Test ===
NUM_ROUNDS:  1000000000
NUM_THREADS: 16
Scenario:    decks=1_ss17=False_das=False_sas=3_don=Any_reSplitAces=False_hitSplitAces=True_surr=2-10_peek=False_bj-pays=1.2
============================

NOTE: surr=2-10 + peek=False — theoretical table may not match implementation; edge assertion skipped.
Cut Card (Penetration: 75%) Theoretical Edge %: 1.6428% Cut Card Empiric Edge %: -1.5329%
CSM (Penetration: 0.0%) Theoretical Edge %: 1.5298% CSM Empiric Edge %: -1.3948%
CSM Error: 0.1351%, Cut Card Error: 0.1100%
CSM Speed: 8515059 hands/sec, Cut Card Speed: 11260374 hands/sec

[1320/3456] 
=== Starting Regression Test ===
NUM_ROUNDS:  1000000000
NUM_THREADS: 16
Scenario:    decks=2_ss17=False_das=True_sas=4_don=10-11_reSplitAces=True_hitSplitAces=False_surr=yes_peek=True_bj-pays=1.5
============================

NOTE: surr=yes + peek=True — using the available surr=2-10 theoretical edge as a comparison baseline; edge assertion skipped.
Cut Card (Penetration: 75%) Theoretical Edge %: 0.5741% Cut Card Empiric Edge %: -0.5783%
CSM (Penetration: 0.0%) Theoretical Edge %: 0.5111% CSM Empiric Edge %: -0.5154%
CSM Error: -0.0043%, Cut Card Error: -0.0042%
CSM Speed: 6411983 hands/sec, Cut Card Speed: 10724321 hands/sec

[1321/3456] 
=== Starting Regression Test ===
NUM_ROUNDS:  1000000000
NUM_THREADS: 16
Scenario:    decks=1_ss17=False_das=False_sas=2_don=Any_reSplitAces=True_hitSplitAces=False_surr=no_peek=True_bj-pays=1.5
============================

Cut Card (Penetration: 75%) Theoretical Edge %: 0.3205% Cut Card Empiric Edge %: -0.3299%
CSM (Penetration: 0.0%) Theoretical Edge %: 0.2075% CSM Empiric Edge %: -0.2053%
CSM Error: 0.0022%, Cut Card Error: -0.0094%
CSM Speed: 8514551 hands/sec, Cut Card Speed: 11074565 hands/sec

[1322/3456] 
=== Starting Regression Test ===
NUM_ROUNDS:  1000000000
NUM_THREADS: 16
Scenario:    decks=1_ss17=False_das=True_sas=4_don=10-11_reSplitAces=False_hitSplitAces=False_surr=2-10_peek=False_bj-pays=1.5
============================

NOTE: surr=2-10 + peek=False — theoretical table may not match implementation; edge assertion skipped.
Cut Card (Penetration: 75%) Theoretical Edge %: 0.5349% Cut Card Empiric Edge %: -0.4311%
CSM (Penetration: 0.0%) Theoretical Edge %: 0.4219% CSM Empiric Edge %: -0.2873%
CSM Error: 0.1346%, Cut Card Error: 0.1038%
CSM Speed: 8396235 hands/sec, Cut Card Speed: 10969483 hands/sec

[1323/3456] 
=== Starting Regression Test ===
NUM_ROUNDS:  1000000000
NUM_THREADS: 16
Scenario:    decks=6_ss17=True_das=True_sas=3_don=9-11_reSplitAces=True_hitSplitAces=False_surr=yes_peek=True_bj-pays=1.5
============================

NOTE: surr=yes + peek=True — using the available surr=2-10 theoretical edge as a comparison baseline; edge assertion skipped.
Cut Card (Penetration: 75%) Theoretical Edge %: 0.4004% Cut Card Empiric Edge %: -0.3990%
CSM (Penetration: 0.0%) Theoretical Edge %: 0.3804% CSM Empiric Edge %: -0.3824%
CSM Error: -0.0020%, Cut Card Error: 0.0014%
CSM Speed: 3518030 hands/sec, Cut Card Speed: 11537219 hands/sec

[1324/3456] 
=== Starting Regression Test ===
NUM_ROUNDS:  1000000000
NUM_THREADS: 16
Scenario:    decks=6_ss17=True_das=False_sas=2_don=Any_reSplitAces=True_hitSplitAces=True_surr=no_peek=False_bj-pays=1.5
============================

Cut Card (Penetration: 75%) Theoretical Edge %: 0.5374% Cut Card Empiric Edge %: -0.5421%
CSM (Penetration: 0.0%) Theoretical Edge %: 0.5174% CSM Empiric Edge %: -0.5266%
CSM Error: -0.0091%, Cut Card Error: -0.0046%
CSM Speed: 3445472 hands/sec, Cut Card Speed: 10874766 hands/sec

[1325/3456] 
=== Starting Regression Test ===
NUM_ROUNDS:  1000000000
NUM_THREADS: 16
Scenario:    decks=6_ss17=True_das=False_sas=3_don=10-11_reSplitAces=False_hitSplitAces=False_surr=2-10_peek=False_bj-pays=1.2
============================

NOTE: surr=2-10 + peek=False — theoretical table may not match implementation; edge assertion skipped.
Cut Card (Penetration: 75%) Theoretical Edge %: 2.1368% Cut Card Empiric Edge %: -1.9696%
CSM (Penetration: 0.0%) Theoretical Edge %: 2.1168% CSM Empiric Edge %: -1.9326%
CSM Error: 0.1842%, Cut Card Error: 0.1672%
CSM Speed: 3411130 hands/sec, Cut Card Speed: 10603329 hands/sec

[1326/3456] 
=== Starting Regression Test ===
NUM_ROUNDS:  1000000000
NUM_THREADS: 16
Scenario:    decks=2_ss17=True_das=False_sas=3_don=10-11_reSplitAces=False_hitSplitAces=False_surr=no_peek=False_bj-pays=1.5
============================

Cut Card (Penetration: 75%) Theoretical Edge %: 0.7132% Cut Card Empiric Edge %: -0.7115%
CSM (Penetration: 0.0%) Theoretical Edge %: 0.6502% CSM Empiric Edge %: -0.6555%
CSM Error: -0.0053%, Cut Card Error: 0.0018%
CSM Speed: 6666400 hands/sec, Cut Card Speed: 10872401 hands/sec

[1327/3456] 
=== Starting Regression Test ===
NUM_ROUNDS:  1000000000
NUM_THREADS: 16
Scenario:    decks=2_ss17=False_das=False_sas=2_don=Any_reSplitAces=True_hitSplitAces=True_surr=2-10_peek=False_bj-pays=1.2
============================

NOTE: surr=2-10 + peek=False — theoretical table may not match implementation; edge assertion skipped.
Cut Card (Penetration: 75%) Theoretical Edge %: 1.8885% Cut Card Empiric Edge %: -1.7550%
CSM (Penetration: 0.0%) Theoretical Edge %: 1.8255% CSM Empiric Edge %: -1.6755%
CSM Error: 0.1499%, Cut Card Error: 0.1335%
CSM Speed: 6684894 hands/sec, Cut Card Speed: 11006307 hands/sec

[1328/3456] 
=== Starting Regression Test ===
NUM_ROUNDS:  1000000000
NUM_THREADS: 16
Scenario:    decks=6_ss17=False_das=True_sas=4_don=9-11_reSplitAces=True_hitSplitAces=True_surr=no_peek=True_bj-pays=1.2
============================

Cut Card (Penetration: 75%) Theoretical Edge %: 1.8698% Cut Card Empiric Edge %: -1.8701%
CSM (Penetration: 0.0%) Theoretical Edge %: 1.8498% CSM Empiric Edge %: -1.8509%
CSM Error: -0.0010%, Cut Card Error: -0.0003%
CSM Speed: 3444309 hands/sec, Cut Card Speed: 10583691 hands/sec

[1329/3456] 
=== Starting Regression Test ===
NUM_ROUNDS:  1000000000
NUM_THREADS: 16
Scenario:    decks=2_ss17=True_das=False_sas=4_don=10-11_reSplitAces=True_hitSplitAces=True_surr=no_peek=False_bj-pays=1.5
============================

Cut Card (Penetration: 75%) Theoretical Edge %: 0.5134% Cut Card Empiric Edge %: -0.5116%
CSM (Penetration: 0.0%) Theoretical Edge %: 0.4504% CSM Empiric Edge %: -0.4595%
CSM Error: -0.0091%, Cut Card Error: 0.0018%
CSM Speed: 6551277 hands/sec, Cut Card Speed: 10746795 hands/sec

[1330/3456] 
=== Starting Regression Test ===
NUM_ROUNDS:  1000000000
NUM_THREADS: 16
Scenario:    decks=6_ss17=True_das=True_sas=3_don=9-11_reSplitAces=True_hitSplitAces=True_surr=no_peek=False_bj-pays=1.2
============================

Cut Card (Penetration: 75%) Theoretical Edge %: 1.7833% Cut Card Empiric Edge %: -1.7828%
CSM (Penetration: 0.0%) Theoretical Edge %: 1.7633% CSM Empiric Edge %: -1.7657%
CSM Error: -0.0024%, Cut Card Error: 0.0005%
CSM Speed: 3394525 hands/sec, Cut Card Speed: 10957583 hands/sec

[1331/3456] 
=== Starting Regression Test ===
NUM_ROUNDS:  1000000000
NUM_THREADS: 16
Scenario:    decks=2_ss17=True_das=False_sas=3_don=Any_reSplitAces=True_hitSplitAces=True_surr=no_peek=False_bj-pays=1.5
============================

Cut Card (Penetration: 75%) Theoretical Edge %: 0.3152% Cut Card Empiric Edge %: -0.3224%
CSM (Penetration: 0.0%) Theoretical Edge %: 0.2522% CSM Empiric Edge %: -0.2587%
CSM Error: -0.0065%, Cut Card Error: -0.0072%
CSM Speed: 6734052 hands/sec, Cut Card Speed: 10400092 hands/sec

[1332/3456] 
=== Starting Regression Test ===
NUM_ROUNDS:  1000000000
NUM_THREADS: 16
Scenario:    decks=6_ss17=True_das=True_sas=2_don=Any_reSplitAces=True_hitSplitAces=True_surr=2-10_peek=False_bj-pays=1.5
============================

NOTE: surr=2-10 + peek=False — theoretical table may not match implementation; edge assertion skipped.
Cut Card (Penetration: 75%) Theoretical Edge %: 0.3314% Cut Card Empiric Edge %: -0.1663%
CSM (Penetration: 0.0%) Theoretical Edge %: 0.3114% CSM Empiric Edge %: -0.1389%
CSM Error: 0.1725%, Cut Card Error: 0.1651%
CSM Speed: 3480888 hands/sec, Cut Card Speed: 11022320 hands/sec

[1333/3456] 
=== Starting Regression Test ===
NUM_ROUNDS:  1000000000
NUM_THREADS: 16
Scenario:    decks=1_ss17=True_das=False_sas=3_don=9-11_reSplitAces=False_hitSplitAces=False_surr=yes_peek=True_bj-pays=1.2
============================

NOTE: surr=yes + peek=True — using the available surr=2-10 theoretical edge as a comparison baseline; edge assertion skipped.
Cut Card (Penetration: 75%) Theoretical Edge %: 1.6198% Cut Card Empiric Edge %: -1.6153%
CSM (Penetration: 0.0%) Theoretical Edge %: 1.5068% CSM Empiric Edge %: -1.5101%
CSM Error: -0.0034%, Cut Card Error: 0.0045%
CSM Speed: 8498415 hands/sec, Cut Card Speed: 10781439 hands/sec

[1334/3456] 
=== Starting Regression Test ===
NUM_ROUNDS:  1000000000
NUM_THREADS: 16
Scenario:    decks=6_ss17=False_das=False_sas=4_don=9-11_reSplitAces=True_hitSplitAces=True_surr=no_peek=False_bj-pays=1.5
============================

Cut Card (Penetration: 75%) Theoretical Edge %: 0.7680% Cut Card Empiric Edge %: -0.7790%
CSM (Penetration: 0.0%) Theoretical Edge %: 0.7480% CSM Empiric Edge %: -0.7572%
CSM Error: -0.0092%, Cut Card Error: -0.0109%
CSM Speed: 3453659 hands/sec, Cut Card Speed: 10630382 hands/sec

[1335/3456] 
=== Starting Regression Test ===
NUM_ROUNDS:  1000000000
NUM_THREADS: 16
Scenario:    decks=1_ss17=False_das=False_sas=2_don=10-11_reSplitAces=False_hitSplitAces=True_surr=2-10_peek=False_bj-pays=1.2
============================

NOTE: surr=2-10 + peek=False — theoretical table may not match implementation; edge assertion skipped.
Cut Card (Penetration: 75%) Theoretical Edge %: 1.9347% Cut Card Empiric Edge %: -1.8232%
CSM (Penetration: 0.0%) Theoretical Edge %: 1.8217% CSM Empiric Edge %: -1.6760%
CSM Error: 0.1457%, Cut Card Error: 0.1115%
CSM Speed: 8446731 hands/sec, Cut Card Speed: 10499018 hands/sec

[1336/3456] 
=== Starting Regression Test ===
NUM_ROUNDS:  1000000000
NUM_THREADS: 16
Scenario:    decks=1_ss17=True_das=False_sas=2_don=Any_reSplitAces=False_hitSplitAces=False_surr=no_peek=True_bj-pays=1.5
============================

Cut Card (Penetration: 75%) Theoretical Edge %: 0.1274% Cut Card Empiric Edge %: -0.1348%
CSM (Penetration: 0.0%) Theoretical Edge %: 0.0144% CSM Empiric Edge %: -0.0162%
CSM Error: -0.0018%, Cut Card Error: -0.0074%
CSM Speed: 8677693 hands/sec, Cut Card Speed: 11243788 hands/sec

[1337/3456] 
=== Starting Regression Test ===
NUM_ROUNDS:  1000000000
NUM_THREADS: 16
Scenario:    decks=6_ss17=False_das=True_sas=2_don=10-11_reSplitAces=False_hitSplitAces=False_surr=yes_peek=True_bj-pays=1.2
============================

NOTE: surr=yes + peek=True — using the available surr=2-10 theoretical edge as a comparison baseline; edge assertion skipped.
Cut Card (Penetration: 75%) Theoretical Edge %: 2.1612% Cut Card Empiric Edge %: -2.1613%
CSM (Penetration: 0.0%) Theoretical Edge %: 2.1412% CSM Empiric Edge %: -2.1358%
CSM Error: 0.0054%, Cut Card Error: -0.0001%
CSM Speed: 3380297 hands/sec, Cut Card Speed: 10778650 hands/sec

[1338/3456] 
=== Starting Regression Test ===
NUM_ROUNDS:  1000000000
NUM_THREADS: 16
Scenario:    decks=1_ss17=False_das=False_sas=3_don=9-11_reSplitAces=True_hitSplitAces=False_surr=no_peek=True_bj-pays=1.2
============================

Cut Card (Penetration: 75%) Theoretical Edge %: 1.8146% Cut Card Empiric Edge %: -1.8095%
CSM (Penetration: 0.0%) Theoretical Edge %: 1.7016% CSM Empiric Edge %: -1.6997%
CSM Error: 0.0019%, Cut Card Error: 0.0051%
CSM Speed: 8303993 hands/sec, Cut Card Speed: 10908099 hands/sec

[1339/3456] 
=== Starting Regression Test ===
NUM_ROUNDS:  1000000000
NUM_THREADS: 16
Scenario:    decks=1_ss17=True_das=True_sas=3_don=Any_reSplitAces=True_hitSplitAces=True_surr=no_peek=True_bj-pays=1.2
============================

Cut Card (Penetration: 75%) Theoretical Edge %: 1.1989% Cut Card Empiric Edge %: -1.1882%
CSM (Penetration: 0.0%) Theoretical Edge %: 1.0859% CSM Empiric Edge %: -1.0845%
CSM Error: 0.0014%, Cut Card Error: 0.0107%
CSM Speed: 8320298 hands/sec, Cut Card Speed: 11546944 hands/sec

[1340/3456] 
=== Starting Regression Test ===
NUM_ROUNDS:  1000000000
NUM_THREADS: 16
Scenario:    decks=6_ss17=True_das=False_sas=3_don=9-11_reSplitAces=False_hitSplitAces=True_surr=no_peek=True_bj-pays=1.5
============================

Cut Card (Penetration: 75%) Theoretical Edge %: 0.4824% Cut Card Empiric Edge %: -0.4798%
CSM (Penetration: 0.0%) Theoretical Edge %: 0.4624% CSM Empiric Edge %: -0.4634%
CSM Error: -0.0011%, Cut Card Error: 0.0025%
CSM Speed: 3483702 hands/sec, Cut Card Speed: 11069049 hands/sec

[1341/3456] 
=== Starting Regression Test ===
NUM_ROUNDS:  1000000000
NUM_THREADS: 16
Scenario:    decks=2_ss17=True_das=True_sas=3_don=Any_reSplitAces=True_hitSplitAces=True_surr=2-10_peek=False_bj-pays=1.5
============================

NOTE: surr=2-10 + peek=False — theoretical table may not match implementation; edge assertion skipped.
Cut Card (Penetration: 75%) Theoretical Edge %: 0.1122% Cut Card Empiric Edge %: 0.0315%
CSM (Penetration: 0.0%) Theoretical Edge %: 0.0492% CSM Empiric Edge %: 0.1135%
CSM Error: 0.1627%, Cut Card Error: 0.1437%
CSM Speed: 6564178 hands/sec, Cut Card Speed: 10686615 hands/sec

[1342/3456] 
=== Starting Regression Test ===
NUM_ROUNDS:  1000000000
NUM_THREADS: 16
Scenario:    decks=6_ss17=True_das=False_sas=3_don=Any_reSplitAces=False_hitSplitAces=True_surr=yes_peek=True_bj-pays=1.5
============================

NOTE: surr=yes + peek=True — using the available surr=2-10 theoretical edge as a comparison baseline; edge assertion skipped.
Cut Card (Penetration: 75%) Theoretical Edge %: 0.3205% Cut Card Empiric Edge %: -0.3239%
CSM (Penetration: 0.0%) Theoretical Edge %: 0.3004% CSM Empiric Edge %: -0.2969%
CSM Error: 0.0035%, Cut Card Error: -0.0035%
CSM Speed: 3413097 hands/sec, Cut Card Speed: 11237470 hands/sec

[1343/3456] 
=== Starting Regression Test ===
NUM_ROUNDS:  1000000000
NUM_THREADS: 16
Scenario:    decks=1_ss17=False_das=True_sas=4_don=Any_reSplitAces=True_hitSplitAces=False_surr=no_peek=False_bj-pays=1.5
============================

Cut Card (Penetration: 75%) Theoretical Edge %: 0.2414% Cut Card Empiric Edge %: -0.2578%
CSM (Penetration: 0.0%) Theoretical Edge %: 0.1284% CSM Empiric Edge %: -0.1340%
CSM Error: -0.0055%, Cut Card Error: -0.0163%
CSM Speed: 8476372 hands/sec, Cut Card Speed: 11298414 hands/sec

[1344/3456] 
=== Starting Regression Test ===
NUM_ROUNDS:  1000000000
NUM_THREADS: 16
Scenario:    decks=1_ss17=True_das=False_sas=3_don=9-11_reSplitAces=False_hitSplitAces=True_surr=yes_peek=True_bj-pays=1.5
============================

NOTE: surr=yes + peek=True — using the available surr=2-10 theoretical edge as a comparison baseline; edge assertion skipped.
Cut Card (Penetration: 75%) Theoretical Edge %: 0.0936% Cut Card Empiric Edge %: -0.1114%
CSM (Penetration: 0.0%) Theoretical Edge %: -0.0194% CSM Empiric Edge %: 0.0151%
CSM Error: -0.0043%, Cut Card Error: -0.0179%
CSM Speed: 8335834 hands/sec, Cut Card Speed: 10940321 hands/sec

[1345/3456] 
=== Starting Regression Test ===
NUM_ROUNDS:  1000000000
NUM_THREADS: 16
Scenario:    decks=1_ss17=True_das=False_sas=3_don=9-11_reSplitAces=False_hitSplitAces=True_surr=yes_peek=True_bj-pays=1.2
============================

NOTE: surr=yes + peek=True — using the available surr=2-10 theoretical edge as a comparison baseline; edge assertion skipped.
Cut Card (Penetration: 75%) Theoretical Edge %: 1.4884% Cut Card Empiric Edge %: -1.4904%
CSM (Penetration: 0.0%) Theoretical Edge %: 1.3754% CSM Empiric Edge %: -1.3824%
CSM Error: -0.0070%, Cut Card Error: -0.0020%
CSM Speed: 8301166 hands/sec, Cut Card Speed: 11319900 hands/sec

[1346/3456] 
=== Starting Regression Test ===
NUM_ROUNDS:  1000000000
NUM_THREADS: 16
Scenario:    decks=6_ss17=True_das=False_sas=2_don=Any_reSplitAces=True_hitSplitAces=False_surr=2-10_peek=False_bj-pays=1.5
============================

NOTE: surr=2-10 + peek=False — theoretical table may not match implementation; edge assertion skipped.
Cut Card (Penetration: 75%) Theoretical Edge %: 0.6308% Cut Card Empiric Edge %: -0.4685%
CSM (Penetration: 0.0%) Theoretical Edge %: 0.6108% CSM Empiric Edge %: -0.4409%
CSM Error: 0.1699%, Cut Card Error: 0.1623%
CSM Speed: 3421283 hands/sec, Cut Card Speed: 11173184 hands/sec

[1347/3456] 
=== Starting Regression Test ===
NUM_ROUNDS:  1000000000
NUM_THREADS: 16
Scenario:    decks=6_ss17=False_das=False_sas=4_don=10-11_reSplitAces=False_hitSplitAces=False_surr=no_peek=False_bj-pays=1.5
============================

Cut Card (Penetration: 75%) Theoretical Edge %: 1.0742% Cut Card Empiric Edge %: -1.0726%
CSM (Penetration: 0.0%) Theoretical Edge %: 1.0542% CSM Empiric Edge %: -1.0461%
CSM Error: 0.0081%, Cut Card Error: 0.0017%
CSM Speed: 3357631 hands/sec, Cut Card Speed: 10241914 hands/sec

[1348/3456] 
=== Starting Regression Test ===
NUM_ROUNDS:  1000000000
NUM_THREADS: 16
Scenario:    decks=6_ss17=True_das=False_sas=2_don=10-11_reSplitAces=True_hitSplitAces=False_surr=yes_peek=True_bj-pays=1.2
============================

NOTE: surr=yes + peek=True — using the available surr=2-10 theoretical edge as a comparison baseline; edge assertion skipped.
Cut Card (Penetration: 75%) Theoretical Edge %: 2.0625% Cut Card Empiric Edge %: -2.0651%
CSM (Penetration: 0.0%) Theoretical Edge %: 2.0425% CSM Empiric Edge %: -2.0425%
CSM Error: -0.0001%, Cut Card Error: -0.0026%
CSM Speed: 3421108 hands/sec, Cut Card Speed: 10911789 hands/sec

[1349/3456] 
=== Starting Regression Test ===
NUM_ROUNDS:  1000000000
NUM_THREADS: 16
Scenario:    decks=6_ss17=True_das=False_sas=2_don=10-11_reSplitAces=True_hitSplitAces=False_surr=no_peek=True_bj-pays=1.2
============================

Cut Card (Penetration: 75%) Theoretical Edge %: 2.1351% Cut Card Empiric Edge %: -2.1299%
CSM (Penetration: 0.0%) Theoretical Edge %: 2.1151% CSM Empiric Edge %: -2.1171%
CSM Error: -0.0020%, Cut Card Error: 0.0051%
CSM Speed: 3403827 hands/sec, Cut Card Speed: 11053754 hands/sec

[1350/3456] 
=== Starting Regression Test ===
NUM_ROUNDS:  1000000000
NUM_THREADS: 16
Scenario:    decks=6_ss17=True_das=False_sas=3_don=9-11_reSplitAces=False_hitSplitAces=False_surr=no_peek=False_bj-pays=1.2
============================

Cut Card (Penetration: 75%) Theoretical Edge %: 2.1314% Cut Card Empiric Edge %: -2.1373%
CSM (Penetration: 0.0%) Theoretical Edge %: 2.1114% CSM Empiric Edge %: -2.1112%
CSM Error: 0.0003%, Cut Card Error: -0.0058%
CSM Speed: 3370737 hands/sec, Cut Card Speed: 10886013 hands/sec

[1351/3456] 
=== Starting Regression Test ===
NUM_ROUNDS:  1000000000
NUM_THREADS: 16
Scenario:    decks=6_ss17=True_das=True_sas=2_don=Any_reSplitAces=False_hitSplitAces=True_surr=no_peek=True_bj-pays=1.5
============================

Cut Card (Penetration: 75%) Theoretical Edge %: 0.2926% Cut Card Empiric Edge %: -0.2942%
CSM (Penetration: 0.0%) Theoretical Edge %: 0.2726% CSM Empiric Edge %: -0.2745%
CSM Error: -0.0019%, Cut Card Error: -0.0016%
CSM Speed: 3360893 hands/sec, Cut Card Speed: 11384206 hands/sec

[1352/3456] 
=== Starting Regression Test ===
NUM_ROUNDS:  1000000000
NUM_THREADS: 16
Scenario:    decks=1_ss17=False_das=False_sas=2_don=Any_reSplitAces=False_hitSplitAces=True_surr=no_peek=False_bj-pays=1.5
============================

Cut Card (Penetration: 75%) Theoretical Edge %: 0.3036% Cut Card Empiric Edge %: -0.3172%
CSM (Penetration: 0.0%) Theoretical Edge %: 0.1906% CSM Empiric Edge %: -0.1892%
CSM Error: 0.0015%, Cut Card Error: -0.0136%
CSM Speed: 8300408 hands/sec, Cut Card Speed: 10724666 hands/sec

[1353/3456] 
=== Starting Regression Test ===
NUM_ROUNDS:  1000000000
NUM_THREADS: 16
Scenario:    decks=6_ss17=True_das=False_sas=3_don=9-11_reSplitAces=False_hitSplitAces=False_surr=2-10_peek=False_bj-pays=1.5
============================

NOTE: surr=2-10 + peek=False — theoretical table may not match implementation; edge assertion skipped.
Cut Card (Penetration: 75%) Theoretical Edge %: 0.6930% Cut Card Empiric Edge %: -0.5307%
CSM (Penetration: 0.0%) Theoretical Edge %: 0.6730% CSM Empiric Edge %: -0.4948%
CSM Error: 0.1782%, Cut Card Error: 0.1623%
CSM Speed: 3361232 hands/sec, Cut Card Speed: 10931949 hands/sec

[1354/3456] 
=== Starting Regression Test ===
NUM_ROUNDS:  1000000000
NUM_THREADS: 16
Scenario:    decks=1_ss17=False_das=True_sas=2_don=Any_reSplitAces=False_hitSplitAces=True_surr=2-10_peek=False_bj-pays=1.2
============================

NOTE: surr=2-10 + peek=False — theoretical table may not match implementation; edge assertion skipped.
Cut Card (Penetration: 75%) Theoretical Edge %: 1.5186% Cut Card Empiric Edge %: -1.4141%
CSM (Penetration: 0.0%) Theoretical Edge %: 1.4056% CSM Empiric Edge %: -1.2708%
CSM Error: 0.1347%, Cut Card Error: 0.1045%
CSM Speed: 8503040 hands/sec, Cut Card Speed: 11115681 hands/sec

[1355/3456] 
=== Starting Regression Test ===
NUM_ROUNDS:  1000000000
NUM_THREADS: 16
Scenario:    decks=1_ss17=True_das=True_sas=3_don=Any_reSplitAces=False_hitSplitAces=False_surr=yes_peek=True_bj-pays=1.2
============================

NOTE: surr=yes + peek=True — using the available surr=2-10 theoretical edge as a comparison baseline; edge assertion skipped.
Cut Card (Penetration: 75%) Theoretical Edge %: 1.3433% Cut Card Empiric Edge %: -1.3557%
CSM (Penetration: 0.0%) Theoretical Edge %: 1.2303% CSM Empiric Edge %: -1.2365%
CSM Error: -0.0061%, Cut Card Error: -0.0124%
CSM Speed: 8670245 hands/sec, Cut Card Speed: 11355894 hands/sec

[1356/3456] 
=== Starting Regression Test ===
NUM_ROUNDS:  1000000000
NUM_THREADS: 16
Scenario:    decks=1_ss17=False_das=False_sas=3_don=10-11_reSplitAces=False_hitSplitAces=True_surr=2-10_peek=False_bj-pays=1.2
============================

NOTE: surr=2-10 + peek=False — theoretical table may not match implementation; edge assertion skipped.
Cut Card (Penetration: 75%) Theoretical Edge %: 1.9192% Cut Card Empiric Edge %: -1.7989%
CSM (Penetration: 0.0%) Theoretical Edge %: 1.8062% CSM Empiric Edge %: -1.6725%
CSM Error: 0.1337%, Cut Card Error: 0.1203%
CSM Speed: 8355126 hands/sec, Cut Card Speed: 10861537 hands/sec

[1357/3456] 
=== Starting Regression Test ===
NUM_ROUNDS:  1000000000
NUM_THREADS: 16
Scenario:    decks=1_ss17=True_das=False_sas=2_don=9-11_reSplitAces=True_hitSplitAces=True_surr=2-10_peek=False_bj-pays=1.5
============================

NOTE: surr=2-10 + peek=False — theoretical table may not match implementation; edge assertion skipped.
Cut Card (Penetration: 75%) Theoretical Edge %: 0.2163% Cut Card Empiric Edge %: -0.0876%
CSM (Penetration: 0.0%) Theoretical Edge %: 0.1033% CSM Empiric Edge %: 0.0486%
CSM Error: 0.1519%, Cut Card Error: 0.1287%
CSM Speed: 8485723 hands/sec, Cut Card Speed: 10418403 hands/sec

[1358/3456] 
=== Starting Regression Test ===
NUM_ROUNDS:  1000000000
NUM_THREADS: 16
Scenario:    decks=2_ss17=False_das=True_sas=3_don=9-11_reSplitAces=False_hitSplitAces=False_surr=2-10_peek=False_bj-pays=1.2
============================

NOTE: surr=2-10 + peek=False — theoretical table may not match implementation; edge assertion skipped.
Cut Card (Penetration: 75%) Theoretical Edge %: 1.9994% Cut Card Empiric Edge %: -1.8606%
CSM (Penetration: 0.0%) Theoretical Edge %: 1.9364% CSM Empiric Edge %: -1.7849%
CSM Error: 0.1515%, Cut Card Error: 0.1387%
CSM Speed: 6579813 hands/sec, Cut Card Speed: 10464411 hands/sec

[1359/3456] 
=== Starting Regression Test ===
NUM_ROUNDS:  1000000000
NUM_THREADS: 16
Scenario:    decks=1_ss17=True_das=False_sas=2_don=Any_reSplitAces=True_hitSplitAces=True_surr=no_peek=False_bj-pays=1.5
============================

Cut Card (Penetration: 75%) Theoretical Edge %: 0.1040% Cut Card Empiric Edge %: -0.1145%
CSM (Penetration: 0.0%) Theoretical Edge %: -0.0090% CSM Empiric Edge %: 0.0034%
CSM Error: -0.0056%, Cut Card Error: -0.0105%
CSM Speed: 8712471 hands/sec, Cut Card Speed: 11306845 hands/sec

[1360/3456] 
=== Starting Regression Test ===
NUM_ROUNDS:  1000000000
NUM_THREADS: 16
Scenario:    decks=2_ss17=True_das=True_sas=4_don=9-11_reSplitAces=True_hitSplitAces=False_surr=2-10_peek=False_bj-pays=1.5
============================

NOTE: surr=2-10 + peek=False — theoretical table may not match implementation; edge assertion skipped.
Cut Card (Penetration: 75%) Theoretical Edge %: 0.3691% Cut Card Empiric Edge %: -0.2150%
CSM (Penetration: 0.0%) Theoretical Edge %: 0.3061% CSM Empiric Edge %: -0.1400%
CSM Error: 0.1661%, Cut Card Error: 0.1541%
CSM Speed: 6533215 hands/sec, Cut Card Speed: 10592659 hands/sec

[1361/3456] 
=== Starting Regression Test ===
NUM_ROUNDS:  1000000000
NUM_THREADS: 16
Scenario:    decks=1_ss17=True_das=False_sas=2_don=Any_reSplitAces=False_hitSplitAces=False_surr=no_peek=True_bj-pays=1.2
============================

Cut Card (Penetration: 75%) Theoretical Edge %: 1.5222% Cut Card Empiric Edge %: -1.5235%
CSM (Penetration: 0.0%) Theoretical Edge %: 1.4092% CSM Empiric Edge %: -1.4050%
CSM Error: 0.0042%, Cut Card Error: -0.0013%
CSM Speed: 8676112 hands/sec, Cut Card Speed: 11784254 hands/sec

[1362/3456] 
=== Starting Regression Test ===
NUM_ROUNDS:  1000000000
NUM_THREADS: 16
Scenario:    decks=2_ss17=True_das=True_sas=2_don=9-11_reSplitAces=True_hitSplitAces=True_surr=2-10_peek=False_bj-pays=1.5
============================

NOTE: surr=2-10 + peek=False — theoretical table may not match implementation; edge assertion skipped.
Cut Card (Penetration: 75%) Theoretical Edge %: 0.3073% Cut Card Empiric Edge %: -0.1609%
CSM (Penetration: 0.0%) Theoretical Edge %: 0.2443% CSM Empiric Edge %: -0.0845%
CSM Error: 0.1598%, Cut Card Error: 0.1464%
CSM Speed: 6467761 hands/sec, Cut Card Speed: 10711340 hands/sec

[1363/3456] 
=== Starting Regression Test ===
NUM_ROUNDS:  1000000000
NUM_THREADS: 16
Scenario:    decks=1_ss17=True_das=True_sas=4_don=Any_reSplitAces=True_hitSplitAces=False_surr=no_peek=True_bj-pays=1.2
============================

Cut Card (Penetration: 75%) Theoretical Edge %: 1.3313% Cut Card Empiric Edge %: -1.3364%
CSM (Penetration: 0.0%) Theoretical Edge %: 1.2183% CSM Empiric Edge %: -1.2226%
CSM Error: -0.0042%, Cut Card Error: -0.0051%
CSM Speed: 8597565 hands/sec, Cut Card Speed: 11392766 hands/sec

[1364/3456] 
=== Starting Regression Test ===
NUM_ROUNDS:  1000000000
NUM_THREADS: 16
Scenario:    decks=6_ss17=True_das=True_sas=3_don=Any_reSplitAces=True_hitSplitAces=False_surr=2-10_peek=False_bj-pays=1.2
============================

NOTE: surr=2-10 + peek=False — theoretical table may not match implementation; edge assertion skipped.
Cut Card (Penetration: 75%) Theoretical Edge %: 1.7731% Cut Card Empiric Edge %: -1.6082%
CSM (Penetration: 0.0%) Theoretical Edge %: 1.7531% CSM Empiric Edge %: -1.5805%
CSM Error: 0.1726%, Cut Card Error: 0.1649%
CSM Speed: 3383476 hands/sec, Cut Card Speed: 10815254 hands/sec

[1365/3456] 
=== Starting Regression Test ===
NUM_ROUNDS:  1000000000
NUM_THREADS: 16
Scenario:    decks=1_ss17=False_das=False_sas=3_don=10-11_reSplitAces=True_hitSplitAces=True_surr=2-10_peek=False_bj-pays=1.2
============================

NOTE: surr=2-10 + peek=False — theoretical table may not match implementation; edge assertion skipped.
Cut Card (Penetration: 75%) Theoretical Edge %: 1.8952% Cut Card Empiric Edge %: -1.7795%
CSM (Penetration: 0.0%) Theoretical Edge %: 1.7822% CSM Empiric Edge %: -1.6451%
CSM Error: 0.1370%, Cut Card Error: 0.1157%
CSM Speed: 8333125 hands/sec, Cut Card Speed: 10575967 hands/sec

[1366/3456] 
=== Starting Regression Test ===
NUM_ROUNDS:  1000000000
NUM_THREADS: 16
Scenario:    decks=2_ss17=False_das=True_sas=4_don=9-11_reSplitAces=True_hitSplitAces=False_surr=no_peek=True_bj-pays=1.2
============================

Cut Card (Penetration: 75%) Theoretical Edge %: 1.8995% Cut Card Empiric Edge %: -1.8921%
CSM (Penetration: 0.0%) Theoretical Edge %: 1.8365% CSM Empiric Edge %: -1.8385%
CSM Error: -0.0020%, Cut Card Error: 0.0074%
CSM Speed: 6605063 hands/sec, Cut Card Speed: 10749914 hands/sec

[1367/3456] 
=== Starting Regression Test ===
NUM_ROUNDS:  1000000000
NUM_THREADS: 16
Scenario:    decks=1_ss17=True_das=True_sas=3_don=Any_reSplitAces=False_hitSplitAces=True_surr=yes_peek=True_bj-pays=1.5
============================

NOTE: surr=yes + peek=True — using the available surr=2-10 theoretical edge as a comparison baseline; edge assertion skipped.
Cut Card (Penetration: 75%) Theoretical Edge %: -0.1925% Cut Card Empiric Edge %: 0.1742%
CSM (Penetration: 0.0%) Theoretical Edge %: -0.3055% CSM Empiric Edge %: 0.2932%
CSM Error: -0.0123%, Cut Card Error: -0.0183%
CSM Speed: 8514116 hands/sec, Cut Card Speed: 11084508 hands/sec

[1368/3456] 
=== Starting Regression Test ===
NUM_ROUNDS:  1000000000
NUM_THREADS: 16
Scenario:    decks=1_ss17=True_das=True_sas=2_don=10-11_reSplitAces=False_hitSplitAces=False_surr=yes_peek=True_bj-pays=1.2
============================

NOTE: surr=yes + peek=True — using the available surr=2-10 theoretical edge as a comparison baseline; edge assertion skipped.
Cut Card (Penetration: 75%) Theoretical Edge %: 1.6622% Cut Card Empiric Edge %: -1.6674%
CSM (Penetration: 0.0%) Theoretical Edge %: 1.5492% CSM Empiric Edge %: -1.5526%
CSM Error: -0.0034%, Cut Card Error: -0.0052%
CSM Speed: 8384197 hands/sec, Cut Card Speed: 11212648 hands/sec

[1369/3456] 
=== Starting Regression Test ===
NUM_ROUNDS:  1000000000
NUM_THREADS: 16
Scenario:    decks=1_ss17=False_das=False_sas=4_don=Any_reSplitAces=True_hitSplitAces=False_surr=2-10_peek=False_bj-pays=1.5
============================

NOTE: surr=2-10 + peek=False — theoretical table may not match implementation; edge assertion skipped.
Cut Card (Penetration: 75%) Theoretical Edge %: 0.3435% Cut Card Empiric Edge %: -0.2419%
CSM (Penetration: 0.0%) Theoretical Edge %: 0.2305% CSM Empiric Edge %: -0.0958%
CSM Error: 0.1347%, Cut Card Error: 0.1016%
CSM Speed: 8458376 hands/sec, Cut Card Speed: 11185682 hands/sec

[1370/3456] 
=== Starting Regression Test ===
NUM_ROUNDS:  1000000000
NUM_THREADS: 16
Scenario:    decks=1_ss17=True_das=True_sas=2_don=10-11_reSplitAces=True_hitSplitAces=True_surr=no_peek=True_bj-pays=1.5
============================

Cut Card (Penetration: 75%) Theoretical Edge %: 0.1581% Cut Card Empiric Edge %: -0.1508%
CSM (Penetration: 0.0%) Theoretical Edge %: 0.0451% CSM Empiric Edge %: -0.0437%
CSM Error: 0.0013%, Cut Card Error: 0.0072%
CSM Speed: 8600153 hands/sec, Cut Card Speed: 10838229 hands/sec

[1371/3456] 
=== Starting Regression Test ===
NUM_ROUNDS:  1000000000
NUM_THREADS: 16
Scenario:    decks=1_ss17=False_das=True_sas=3_don=Any_reSplitAces=True_hitSplitAces=False_surr=no_peek=False_bj-pays=1.2
============================

Cut Card (Penetration: 75%) Theoretical Edge %: 1.6398% Cut Card Empiric Edge %: -1.6505%
CSM (Penetration: 0.0%) Theoretical Edge %: 1.5268% CSM Empiric Edge %: -1.5288%
CSM Error: -0.0019%, Cut Card Error: -0.0106%
CSM Speed: 8314280 hands/sec, Cut Card Speed: 10793192 hands/sec

[1372/3456] 
=== Starting Regression Test ===
NUM_ROUNDS:  1000000000
NUM_THREADS: 16
Scenario:    decks=1_ss17=False_das=True_sas=2_don=10-11_reSplitAces=True_hitSplitAces=False_surr=no_peek=False_bj-pays=1.2
============================

Cut Card (Penetration: 75%) Theoretical Edge %: 1.9963% Cut Card Empiric Edge %: -1.9816%
CSM (Penetration: 0.0%) Theoretical Edge %: 1.8833% CSM Empiric Edge %: -1.8830%
CSM Error: 0.0002%, Cut Card Error: 0.0146%
CSM Speed: 8092776 hands/sec, Cut Card Speed: 10443428 hands/sec

[1373/3456] 
=== Starting Regression Test ===
NUM_ROUNDS:  1000000000
NUM_THREADS: 16
Scenario:    decks=6_ss17=True_das=False_sas=2_don=Any_reSplitAces=False_hitSplitAces=True_surr=2-10_peek=False_bj-pays=1.5
============================

NOTE: surr=2-10 + peek=False — theoretical table may not match implementation; edge assertion skipped.
Cut Card (Penetration: 75%) Theoretical Edge %: 0.4587% Cut Card Empiric Edge %: -0.2974%
CSM (Penetration: 0.0%) Theoretical Edge %: 0.4387% CSM Empiric Edge %: -0.2691%
CSM Error: 0.1696%, Cut Card Error: 0.1613%
CSM Speed: 3396128 hands/sec, Cut Card Speed: 11242903 hands/sec

[1374/3456] 
=== Starting Regression Test ===
NUM_ROUNDS:  1000000000
NUM_THREADS: 16
Scenario:    decks=2_ss17=True_das=True_sas=4_don=10-11_reSplitAces=False_hitSplitAces=True_surr=no_peek=False_bj-pays=1.5
============================

Cut Card (Penetration: 75%) Theoretical Edge %: 0.4360% Cut Card Empiric Edge %: -0.4378%
CSM (Penetration: 0.0%) Theoretical Edge %: 0.3730% CSM Empiric Edge %: -0.3837%
CSM Error: -0.0107%, Cut Card Error: -0.0018%
CSM Speed: 6471235 hands/sec, Cut Card Speed: 10777488 hands/sec

[1375/3456] 
=== Starting Regression Test ===
NUM_ROUNDS:  1000000000
NUM_THREADS: 16
Scenario:    decks=1_ss17=True_das=True_sas=3_don=9-11_reSplitAces=True_hitSplitAces=False_surr=yes_peek=True_bj-pays=1.5
============================

NOTE: surr=yes + peek=True — using the available surr=2-10 theoretical edge as a comparison baseline; edge assertion skipped.
Cut Card (Penetration: 75%) Theoretical Edge %: 0.0633% Cut Card Empiric Edge %: -0.0772%
CSM (Penetration: 0.0%) Theoretical Edge %: -0.0497% CSM Empiric Edge %: 0.0411%
CSM Error: -0.0086%, Cut Card Error: -0.0139%
CSM Speed: 8341745 hands/sec, Cut Card Speed: 11383169 hands/sec

[1376/3456] 
=== Starting Regression Test ===
NUM_ROUNDS:  1000000000
NUM_THREADS: 16
Scenario:    decks=2_ss17=False_das=False_sas=4_don=10-11_reSplitAces=True_hitSplitAces=False_surr=no_peek=False_bj-pays=1.2
============================

Cut Card (Penetration: 75%) Theoretical Edge %: 2.2505% Cut Card Empiric Edge %: -2.2465%
CSM (Penetration: 0.0%) Theoretical Edge %: 2.1875% CSM Empiric Edge %: -2.1876%
CSM Error: -0.0001%, Cut Card Error: 0.0039%
CSM Speed: 6424877 hands/sec, Cut Card Speed: 11084877 hands/sec

[1377/3456] 
=== Starting Regression Test ===
NUM_ROUNDS:  1000000000
NUM_THREADS: 16
Scenario:    decks=2_ss17=True_das=False_sas=3_don=10-11_reSplitAces=False_hitSplitAces=True_surr=no_peek=False_bj-pays=1.5
============================

Cut Card (Penetration: 75%) Theoretical Edge %: 0.5588% Cut Card Empiric Edge %: -0.5571%
CSM (Penetration: 0.0%) Theoretical Edge %: 0.4958% CSM Empiric Edge %: -0.5019%
CSM Error: -0.0061%, Cut Card Error: 0.0017%
CSM Speed: 6537871 hands/sec, Cut Card Speed: 10397172 hands/sec

[1378/3456] 
=== Starting Regression Test ===
NUM_ROUNDS:  1000000000
NUM_THREADS: 16
Scenario:    decks=2_ss17=True_das=False_sas=4_don=9-11_reSplitAces=False_hitSplitAces=False_surr=no_peek=True_bj-pays=1.2
============================

Cut Card (Penetration: 75%) Theoretical Edge %: 1.8760% Cut Card Empiric Edge %: -1.8672%
CSM (Penetration: 0.0%) Theoretical Edge %: 1.8130% CSM Empiric Edge %: -1.8112%
CSM Error: 0.0017%, Cut Card Error: 0.0088%
CSM Speed: 6668534 hands/sec, Cut Card Speed: 11078859 hands/sec

[1379/3456] 
=== Starting Regression Test ===
NUM_ROUNDS:  1000000000
NUM_THREADS: 16
Scenario:    decks=1_ss17=False_das=False_sas=4_don=10-11_reSplitAces=True_hitSplitAces=False_surr=yes_peek=True_bj-pays=1.5
============================

NOTE: surr=yes + peek=True — using the available surr=2-10 theoretical edge as a comparison baseline; edge assertion skipped.
Cut Card (Penetration: 75%) Theoretical Edge %: 0.5097% Cut Card Empiric Edge %: -0.5258%
CSM (Penetration: 0.0%) Theoretical Edge %: 0.3967% CSM Empiric Edge %: -0.3951%
CSM Error: 0.0016%, Cut Card Error: -0.0161%
CSM Speed: 8430139 hands/sec, Cut Card Speed: 11179430 hands/sec

[1380/3456] 
=== Starting Regression Test ===
NUM_ROUNDS:  1000000000
NUM_THREADS: 16
Scenario:    decks=6_ss17=False_das=True_sas=4_don=Any_reSplitAces=False_hitSplitAces=True_surr=yes_peek=True_bj-pays=1.2
============================

NOTE: surr=yes + peek=True — using the available surr=2-10 theoretical edge as a comparison baseline; edge assertion skipped.
Cut Card (Penetration: 75%) Theoretical Edge %: 1.7253% Cut Card Empiric Edge %: -1.7287%
CSM (Penetration: 0.0%) Theoretical Edge %: 1.7053% CSM Empiric Edge %: -1.7070%
CSM Error: -0.0016%, Cut Card Error: -0.0034%
CSM Speed: 3452741 hands/sec, Cut Card Speed: 10803336 hands/sec

[1381/3456] 
=== Starting Regression Test ===
NUM_ROUNDS:  1000000000
NUM_THREADS: 16
Scenario:    decks=2_ss17=True_das=False_sas=4_don=9-11_reSplitAces=True_hitSplitAces=True_surr=2-10_peek=False_bj-pays=1.2
============================

NOTE: surr=2-10 + peek=False — theoretical table may not match implementation; edge assertion skipped.
Cut Card (Penetration: 75%) Theoretical Edge %: 1.7296% Cut Card Empiric Edge %: -1.5829%
CSM (Penetration: 0.0%) Theoretical Edge %: 1.6666% CSM Empiric Edge %: -1.4974%
CSM Error: 0.1692%, Cut Card Error: 0.1467%
CSM Speed: 6701964 hands/sec, Cut Card Speed: 10422203 hands/sec

[1382/3456] 
=== Starting Regression Test ===
NUM_ROUNDS:  1000000000
NUM_THREADS: 16
Scenario:    decks=1_ss17=False_das=True_sas=3_don=9-11_reSplitAces=True_hitSplitAces=True_surr=no_peek=True_bj-pays=1.2
============================

Cut Card (Penetration: 75%) Theoretical Edge %: 1.5568% Cut Card Empiric Edge %: -1.5397%
CSM (Penetration: 0.0%) Theoretical Edge %: 1.4438% CSM Empiric Edge %: -1.4363%
CSM Error: 0.0075%, Cut Card Error: 0.0171%
CSM Speed: 8399338 hands/sec, Cut Card Speed: 11160465 hands/sec

[1383/3456] 
=== Starting Regression Test ===
NUM_ROUNDS:  1000000000
NUM_THREADS: 16
Scenario:    decks=6_ss17=False_das=True_sas=4_don=9-11_reSplitAces=False_hitSplitAces=False_surr=yes_peek=True_bj-pays=1.2
============================

NOTE: surr=yes + peek=True — using the available surr=2-10 theoretical edge as a comparison baseline; edge assertion skipped.
Cut Card (Penetration: 75%) Theoretical Edge %: 2.0162% Cut Card Empiric Edge %: -2.0135%
CSM (Penetration: 0.0%) Theoretical Edge %: 1.9962% CSM Empiric Edge %: -1.9930%
CSM Error: 0.0032%, Cut Card Error: 0.0027%
CSM Speed: 3440209 hands/sec, Cut Card Speed: 11189938 hands/sec

[1384/3456] 
=== Starting Regression Test ===
NUM_ROUNDS:  1000000000
NUM_THREADS: 16
Scenario:    decks=1_ss17=True_das=True_sas=2_don=Any_reSplitAces=False_hitSplitAces=False_surr=2-10_peek=False_bj-pays=1.2
============================

NOTE: surr=2-10 + peek=False — theoretical table may not match implementation; edge assertion skipped.
Cut Card (Penetration: 75%) Theoretical Edge %: 1.4764% Cut Card Empiric Edge %: -1.3530%
CSM (Penetration: 0.0%) Theoretical Edge %: 1.3634% CSM Empiric Edge %: -1.2085%
CSM Error: 0.1550%, Cut Card Error: 0.1234%
CSM Speed: 8496321 hands/sec, Cut Card Speed: 10812330 hands/sec

[1385/3456] 
=== Starting Regression Test ===
NUM_ROUNDS:  1000000000
NUM_THREADS: 16
Scenario:    decks=1_ss17=False_das=False_sas=2_don=10-11_reSplitAces=True_hitSplitAces=False_surr=no_peek=True_bj-pays=1.2
============================

Cut Card (Penetration: 75%) Theoretical Edge %: 1.9916% Cut Card Empiric Edge %: -1.9820%
CSM (Penetration: 0.0%) Theoretical Edge %: 1.8786% CSM Empiric Edge %: -1.8713%
CSM Error: 0.0073%, Cut Card Error: 0.0096%
CSM Speed: 8545110 hands/sec, Cut Card Speed: 11228890 hands/sec

[1386/3456] 
=== Starting Regression Test ===
NUM_ROUNDS:  1000000000
NUM_THREADS: 16
Scenario:    decks=6_ss17=False_das=True_sas=3_don=10-11_reSplitAces=True_hitSplitAces=True_surr=no_peek=True_bj-pays=1.5
============================

Cut Card (Penetration: 75%) Theoretical Edge %: 0.6215% Cut Card Empiric Edge %: -0.6174%
CSM (Penetration: 0.0%) Theoretical Edge %: 0.6015% CSM Empiric Edge %: -0.5949%
CSM Error: 0.0066%, Cut Card Error: 0.0041%
CSM Speed: 3437785 hands/sec, Cut Card Speed: 11054610 hands/sec

[1387/3456] 
=== Starting Regression Test ===
NUM_ROUNDS:  1000000000
NUM_THREADS: 16
Scenario:    decks=1_ss17=False_das=False_sas=3_don=9-11_reSplitAces=True_hitSplitAces=True_surr=no_peek=False_bj-pays=1.2
============================

Cut Card (Penetration: 75%) Theoretical Edge %: 1.8045% Cut Card Empiric Edge %: -1.8032%
CSM (Penetration: 0.0%) Theoretical Edge %: 1.6915% CSM Empiric Edge %: -1.6953%
CSM Error: -0.0037%, Cut Card Error: 0.0013%
CSM Speed: 8394262 hands/sec, Cut Card Speed: 11201093 hands/sec

[1388/3456] 
=== Starting Regression Test ===
NUM_ROUNDS:  1000000000
NUM_THREADS: 16
Scenario:    decks=2_ss17=True_das=True_sas=3_don=9-11_reSplitAces=False_hitSplitAces=True_surr=yes_peek=True_bj-pays=1.2
============================

NOTE: surr=yes + peek=True — using the available surr=2-10 theoretical edge as a comparison baseline; edge assertion skipped.
Cut Card (Penetration: 75%) Theoretical Edge %: 1.5354% Cut Card Empiric Edge %: -1.5412%
CSM (Penetration: 0.0%) Theoretical Edge %: 1.4724% CSM Empiric Edge %: -1.4767%
CSM Error: -0.0043%, Cut Card Error: -0.0058%
CSM Speed: 6510629 hands/sec, Cut Card Speed: 10969844 hands/sec

[1389/3456] 
=== Starting Regression Test ===
NUM_ROUNDS:  1000000000
NUM_THREADS: 16
Scenario:    decks=1_ss17=True_das=True_sas=4_don=10-11_reSplitAces=False_hitSplitAces=True_surr=no_peek=False_bj-pays=1.2
============================

Cut Card (Penetration: 75%) Theoretical Edge %: 1.6359% Cut Card Empiric Edge %: -1.6277%
CSM (Penetration: 0.0%) Theoretical Edge %: 1.5229% CSM Empiric Edge %: -1.5280%
CSM Error: -0.0052%, Cut Card Error: 0.0081%
CSM Speed: 8182235 hands/sec, Cut Card Speed: 11117782 hands/sec

[1390/3456] 
=== Starting Regression Test ===
NUM_ROUNDS:  1000000000
NUM_THREADS: 16
Scenario:    decks=6_ss17=False_das=False_sas=2_don=10-11_reSplitAces=False_hitSplitAces=False_surr=yes_peek=True_bj-pays=1.5
============================

NOTE: surr=yes + peek=True — using the available surr=2-10 theoretical edge as a comparison baseline; edge assertion skipped.
Cut Card (Penetration: 75%) Theoretical Edge %: 0.9093% Cut Card Empiric Edge %: -0.9160%
CSM (Penetration: 0.0%) Theoretical Edge %: 0.8893% CSM Empiric Edge %: -0.8878%
CSM Error: 0.0016%, Cut Card Error: -0.0067%
CSM Speed: 3425056 hands/sec, Cut Card Speed: 11055221 hands/sec

[1391/3456] 
=== Starting Regression Test ===
NUM_ROUNDS:  1000000000
NUM_THREADS: 16
Scenario:    decks=2_ss17=False_das=False_sas=4_don=9-11_reSplitAces=False_hitSplitAces=True_surr=yes_peek=True_bj-pays=1.5
============================

NOTE: surr=yes + peek=True — using the available surr=2-10 theoretical edge as a comparison baseline; edge assertion skipped.
Cut Card (Penetration: 75%) Theoretical Edge %: 0.4918% Cut Card Empiric Edge %: -0.5026%
CSM (Penetration: 0.0%) Theoretical Edge %: 0.4288% CSM Empiric Edge %: -0.4286%
CSM Error: 0.0003%, Cut Card Error: -0.0108%
CSM Speed: 6462996 hands/sec, Cut Card Speed: 10814201 hands/sec

[1392/3456] 
=== Starting Regression Test ===
NUM_ROUNDS:  1000000000
NUM_THREADS: 16
Scenario:    decks=1_ss17=True_das=True_sas=3_don=9-11_reSplitAces=True_hitSplitAces=True_surr=no_peek=True_bj-pays=1.5
============================

Cut Card (Penetration: 75%) Theoretical Edge %: -0.0405% Cut Card Empiric Edge %: 0.0455%
CSM (Penetration: 0.0%) Theoretical Edge %: -0.1535% CSM Empiric Edge %: 0.1510%
CSM Error: -0.0025%, Cut Card Error: 0.0050%
CSM Speed: 8642669 hands/sec, Cut Card Speed: 11067701 hands/sec

[1393/3456] 
=== Starting Regression Test ===
NUM_ROUNDS:  1000000000
NUM_THREADS: 16
Scenario:    decks=2_ss17=True_das=False_sas=3_don=10-11_reSplitAces=False_hitSplitAces=False_surr=2-10_peek=False_bj-pays=1.5
============================

NOTE: surr=2-10 + peek=False — theoretical table may not match implementation; edge assertion skipped.
Cut Card (Penetration: 75%) Theoretical Edge %: 0.6579% Cut Card Empiric Edge %: -0.5042%
CSM (Penetration: 0.0%) Theoretical Edge %: 0.5949% CSM Empiric Edge %: -0.4279%
CSM Error: 0.1670%, Cut Card Error: 0.1537%
CSM Speed: 6475510 hands/sec, Cut Card Speed: 10652010 hands/sec

[1394/3456] 
=== Starting Regression Test ===
NUM_ROUNDS:  1000000000
NUM_THREADS: 16
Scenario:    decks=2_ss17=True_das=True_sas=3_don=9-11_reSplitAces=False_hitSplitAces=True_surr=2-10_peek=False_bj-pays=1.2
============================

NOTE: surr=2-10 + peek=False — theoretical table may not match implementation; edge assertion skipped.
Cut Card (Penetration: 75%) Theoretical Edge %: 1.6439% Cut Card Empiric Edge %: -1.4928%
CSM (Penetration: 0.0%) Theoretical Edge %: 1.5809% CSM Empiric Edge %: -1.4107%
CSM Error: 0.1702%, Cut Card Error: 0.1511%
CSM Speed: 6234725 hands/sec, Cut Card Speed: 10201896 hands/sec

[1395/3456] 
=== Starting Regression Test ===
NUM_ROUNDS:  1000000000
NUM_THREADS: 16
Scenario:    decks=6_ss17=False_das=True_sas=4_don=Any_reSplitAces=True_hitSplitAces=True_surr=no_peek=True_bj-pays=1.2
============================

Cut Card (Penetration: 75%) Theoretical Edge %: 1.7551% Cut Card Empiric Edge %: -1.7513%
CSM (Penetration: 0.0%) Theoretical Edge %: 1.7351% CSM Empiric Edge %: -1.7304%
CSM Error: 0.0047%, Cut Card Error: 0.0038%
CSM Speed: 3362577 hands/sec, Cut Card Speed: 11220070 hands/sec

[1396/3456] 
=== Starting Regression Test ===
NUM_ROUNDS:  1000000000
NUM_THREADS: 16
Scenario:    decks=1_ss17=True_das=True_sas=4_don=Any_reSplitAces=False_hitSplitAces=True_surr=no_peek=False_bj-pays=1.2
============================

Cut Card (Penetration: 75%) Theoretical Edge %: 1.3329% Cut Card Empiric Edge %: -1.3354%
CSM (Penetration: 0.0%) Theoretical Edge %: 1.2199% CSM Empiric Edge %: -1.2239%
CSM Error: -0.0039%, Cut Card Error: -0.0024%
CSM Speed: 8202638 hands/sec, Cut Card Speed: 10538963 hands/sec

[1397/3456] 
=== Starting Regression Test ===
NUM_ROUNDS:  1000000000
NUM_THREADS: 16
Scenario:    decks=2_ss17=True_das=True_sas=3_don=9-11_reSplitAces=True_hitSplitAces=False_surr=yes_peek=True_bj-pays=1.2
============================

NOTE: surr=yes + peek=True — using the available surr=2-10 theoretical edge as a comparison baseline; edge assertion skipped.
Cut Card (Penetration: 75%) Theoretical Edge %: 1.6487% Cut Card Empiric Edge %: -1.6488%
CSM (Penetration: 0.0%) Theoretical Edge %: 1.5857% CSM Empiric Edge %: -1.5853%
CSM Error: 0.0004%, Cut Card Error: -0.0000%
CSM Speed: 6269907 hands/sec, Cut Card Speed: 10357650 hands/sec

[1398/3456] 
=== Starting Regression Test ===
NUM_ROUNDS:  1000000000
NUM_THREADS: 16
Scenario:    decks=2_ss17=False_das=False_sas=3_don=Any_reSplitAces=True_hitSplitAces=True_surr=no_peek=False_bj-pays=1.5
============================

Cut Card (Penetration: 75%) Theoretical Edge %: 0.5264% Cut Card Empiric Edge %: -0.5328%
CSM (Penetration: 0.0%) Theoretical Edge %: 0.4634% CSM Empiric Edge %: -0.4691%
CSM Error: -0.0057%, Cut Card Error: -0.0064%
CSM Speed: 6331358 hands/sec, Cut Card Speed: 10801352 hands/sec

[1399/3456] 
=== Starting Regression Test ===
NUM_ROUNDS:  1000000000
NUM_THREADS: 16
Scenario:    decks=1_ss17=True_das=True_sas=2_don=Any_reSplitAces=True_hitSplitAces=True_surr=2-10_peek=False_bj-pays=1.5
============================

NOTE: surr=2-10 + peek=False — theoretical table may not match implementation; edge assertion skipped.
Cut Card (Penetration: 75%) Theoretical Edge %: -0.0566% Cut Card Empiric Edge %: 0.1731%
CSM (Penetration: 0.0%) Theoretical Edge %: -0.1696% CSM Empiric Edge %: 0.3192%
CSM Error: 0.1496%, Cut Card Error: 0.1165%
CSM Speed: 8464749 hands/sec, Cut Card Speed: 10641128 hands/sec

[1400/3456] 
=== Starting Regression Test ===
NUM_ROUNDS:  1000000000
NUM_THREADS: 16
Scenario:    decks=6_ss17=False_das=True_sas=3_don=Any_reSplitAces=False_hitSplitAces=True_surr=no_peek=True_bj-pays=1.2
============================

Cut Card (Penetration: 75%) Theoretical Edge %: 1.8221% Cut Card Empiric Edge %: -1.8187%
CSM (Penetration: 0.0%) Theoretical Edge %: 1.8021% CSM Empiric Edge %: -1.8032%
CSM Error: -0.0010%, Cut Card Error: 0.0034%
CSM Speed: 3360712 hands/sec, Cut Card Speed: 10515800 hands/sec

[1401/3456] 
=== Starting Regression Test ===
NUM_ROUNDS:  1000000000
NUM_THREADS: 16
Scenario:    decks=2_ss17=True_das=False_sas=2_don=Any_reSplitAces=True_hitSplitAces=False_surr=2-10_peek=False_bj-pays=1.5
============================

NOTE: surr=2-10 + peek=False — theoretical table may not match implementation; edge assertion skipped.
Cut Card (Penetration: 75%) Theoretical Edge %: 0.4743% Cut Card Empiric Edge %: -0.3269%
CSM (Penetration: 0.0%) Theoretical Edge %: 0.4113% CSM Empiric Edge %: -0.2451%
CSM Error: 0.1662%, Cut Card Error: 0.1475%
CSM Speed: 6610434 hands/sec, Cut Card Speed: 10939483 hands/sec

[1402/3456] 
=== Starting Regression Test ===
NUM_ROUNDS:  1000000000
NUM_THREADS: 16
Scenario:    decks=1_ss17=False_das=False_sas=4_don=Any_reSplitAces=True_hitSplitAces=True_surr=no_peek=False_bj-pays=1.2
============================

Cut Card (Penetration: 75%) Theoretical Edge %: 1.6565% Cut Card Empiric Edge %: -1.6634%
CSM (Penetration: 0.0%) Theoretical Edge %: 1.5435% CSM Empiric Edge %: -1.5432%
CSM Error: 0.0003%, Cut Card Error: -0.0069%
CSM Speed: 8570376 hands/sec, Cut Card Speed: 11133750 hands/sec

[1403/3456] 
=== Starting Regression Test ===
NUM_ROUNDS:  1000000000
NUM_THREADS: 16
Scenario:    decks=6_ss17=True_das=True_sas=2_don=Any_reSplitAces=False_hitSplitAces=False_surr=yes_peek=True_bj-pays=1.5
============================

NOTE: surr=yes + peek=True — using the available surr=2-10 theoretical edge as a comparison baseline; edge assertion skipped.
Cut Card (Penetration: 75%) Theoretical Edge %: 0.4074% Cut Card Empiric Edge %: -0.4101%
CSM (Penetration: 0.0%) Theoretical Edge %: 0.3874% CSM Empiric Edge %: -0.3882%
CSM Error: -0.0008%, Cut Card Error: -0.0027%
CSM Speed: 3414671 hands/sec, Cut Card Speed: 10784811 hands/sec

[1404/3456] 
=== Starting Regression Test ===
NUM_ROUNDS:  1000000000
NUM_THREADS: 16
Scenario:    decks=1_ss17=True_das=False_sas=4_don=Any_reSplitAces=True_hitSplitAces=True_surr=2-10_peek=False_bj-pays=1.5
============================

NOTE: surr=2-10 + peek=False — theoretical table may not match implementation; edge assertion skipped.
Cut Card (Penetration: 75%) Theoretical Edge %: 0.0384% Cut Card Empiric Edge %: 0.0781%
CSM (Penetration: 0.0%) Theoretical Edge %: -0.0746% CSM Empiric Edge %: 0.2279%
CSM Error: 0.1533%, Cut Card Error: 0.1165%
CSM Speed: 8477091 hands/sec, Cut Card Speed: 11405630 hands/sec

[1405/3456] 
=== Starting Regression Test ===
NUM_ROUNDS:  1000000000
NUM_THREADS: 16
Scenario:    decks=6_ss17=True_das=True_sas=4_don=Any_reSplitAces=False_hitSplitAces=True_surr=yes_peek=True_bj-pays=1.5
============================

NOTE: surr=yes + peek=True — using the available surr=2-10 theoretical edge as a comparison baseline; edge assertion skipped.
Cut Card (Penetration: 75%) Theoretical Edge %: 0.1662% Cut Card Empiric Edge %: -0.1742%
CSM (Penetration: 0.0%) Theoretical Edge %: 0.1462% CSM Empiric Edge %: -0.1430%
CSM Error: 0.0032%, Cut Card Error: -0.0080%
CSM Speed: 3416339 hands/sec, Cut Card Speed: 11076650 hands/sec

[1406/3456] 
=== Starting Regression Test ===
NUM_ROUNDS:  1000000000
NUM_THREADS: 16
Scenario:    decks=1_ss17=True_das=False_sas=3_don=Any_reSplitAces=False_hitSplitAces=False_surr=no_peek=True_bj-pays=1.5
============================

Cut Card (Penetration: 75%) Theoretical Edge %: 0.1111% Cut Card Empiric Edge %: -0.1144%
CSM (Penetration: 0.0%) Theoretical Edge %: -0.0019% CSM Empiric Edge %: 0.0013%
CSM Error: -0.0006%, Cut Card Error: -0.0033%
CSM Speed: 8546935 hands/sec, Cut Card Speed: 10818296 hands/sec

[1407/3456] 
=== Starting Regression Test ===
NUM_ROUNDS:  1000000000
NUM_THREADS: 16
Scenario:    decks=6_ss17=True_das=True_sas=4_don=9-11_reSplitAces=False_hitSplitAces=True_surr=no_peek=False_bj-pays=1.2
============================

Cut Card (Penetration: 75%) Theoretical Edge %: 1.8209% Cut Card Empiric Edge %: -1.8298%
CSM (Penetration: 0.0%) Theoretical Edge %: 1.8009% CSM Empiric Edge %: -1.8086%
CSM Error: -0.0077%, Cut Card Error: -0.0089%
CSM Speed: 3371840 hands/sec, Cut Card Speed: 10556875 hands/sec

[1408/3456] 
=== Starting Regression Test ===
NUM_ROUNDS:  1000000000
NUM_THREADS: 16
Scenario:    decks=1_ss17=True_das=True_sas=4_don=Any_reSplitAces=False_hitSplitAces=False_surr=yes_peek=True_bj-pays=1.2
============================

NOTE: surr=yes + peek=True — using the available surr=2-10 theoretical edge as a comparison baseline; edge assertion skipped.
Cut Card (Penetration: 75%) Theoretical Edge %: 1.3415% Cut Card Empiric Edge %: -1.3448%
CSM (Penetration: 0.0%) Theoretical Edge %: 1.2285% CSM Empiric Edge %: -1.2368%
CSM Error: -0.0082%, Cut Card Error: -0.0033%
CSM Speed: 8609779 hands/sec, Cut Card Speed: 10812798 hands/sec

[1409/3456] 
=== Starting Regression Test ===
NUM_ROUNDS:  1000000000
NUM_THREADS: 16
Scenario:    decks=1_ss17=False_das=False_sas=4_don=10-11_reSplitAces=False_hitSplitAces=False_surr=no_peek=True_bj-pays=1.5
============================

Cut Card (Penetration: 75%) Theoretical Edge %: 0.5798% Cut Card Empiric Edge %: -0.5819%
CSM (Penetration: 0.0%) Theoretical Edge %: 0.4668% CSM Empiric Edge %: -0.4617%
CSM Error: 0.0052%, Cut Card Error: -0.0021%
CSM Speed: 8318222 hands/sec, Cut Card Speed: 11252011 hands/sec

[1410/3456] 
=== Starting Regression Test ===
NUM_ROUNDS:  1000000000
NUM_THREADS: 16
Scenario:    decks=6_ss17=False_das=False_sas=3_don=Any_reSplitAces=True_hitSplitAces=False_surr=no_peek=True_bj-pays=1.2
============================

Cut Card (Penetration: 75%) Theoretical Edge %: 2.0911% Cut Card Empiric Edge %: -2.0911%
CSM (Penetration: 0.0%) Theoretical Edge %: 2.0711% CSM Empiric Edge %: -2.0661%
CSM Error: 0.0050%, Cut Card Error: 0.0001%
CSM Speed: 3434137 hands/sec, Cut Card Speed: 11175557 hands/sec

[1411/3456] 
=== Starting Regression Test ===
NUM_ROUNDS:  1000000000
NUM_THREADS: 16
Scenario:    decks=1_ss17=True_das=False_sas=4_don=10-11_reSplitAces=False_hitSplitAces=False_surr=2-10_peek=False_bj-pays=1.2
============================

NOTE: surr=2-10 + peek=False — theoretical table may not match implementation; edge assertion skipped.
Cut Card (Penetration: 75%) Theoretical Edge %: 1.8552% Cut Card Empiric Edge %: -1.7205%
CSM (Penetration: 0.0%) Theoretical Edge %: 1.7422% CSM Empiric Edge %: -1.5831%
CSM Error: 0.1591%, Cut Card Error: 0.1347%
CSM Speed: 8298411 hands/sec, Cut Card Speed: 10885302 hands/sec

[1412/3456] 
=== Starting Regression Test ===
NUM_ROUNDS:  1000000000
NUM_THREADS: 16
Scenario:    decks=1_ss17=False_das=True_sas=4_don=10-11_reSplitAces=True_hitSplitAces=False_surr=2-10_peek=False_bj-pays=1.5
============================

NOTE: surr=2-10 + peek=False — theoretical table may not match implementation; edge assertion skipped.
Cut Card (Penetration: 75%) Theoretical Edge %: 0.5036% Cut Card Empiric Edge %: -0.3991%
CSM (Penetration: 0.0%) Theoretical Edge %: 0.3906% CSM Empiric Edge %: -0.2534%
CSM Error: 0.1372%, Cut Card Error: 0.1045%
CSM Speed: 8121498 hands/sec, Cut Card Speed: 10735604 hands/sec

[1413/3456] 
=== Starting Regression Test ===
NUM_ROUNDS:  1000000000
NUM_THREADS: 16
Scenario:    decks=1_ss17=False_das=True_sas=3_don=10-11_reSplitAces=True_hitSplitAces=True_surr=yes_peek=True_bj-pays=1.2
============================

NOTE: surr=yes + peek=True — using the available surr=2-10 theoretical edge as a comparison baseline; edge assertion skipped.
Cut Card (Penetration: 75%) Theoretical Edge %: 1.6652% Cut Card Empiric Edge %: -1.6696%
CSM (Penetration: 0.0%) Theoretical Edge %: 1.5522% CSM Empiric Edge %: -1.5562%
CSM Error: -0.0040%, Cut Card Error: -0.0044%
CSM Speed: 7980082 hands/sec, Cut Card Speed: 10467697 hands/sec

[1414/3456] 
=== Starting Regression Test ===
NUM_ROUNDS:  1000000000
NUM_THREADS: 16
Scenario:    decks=1_ss17=True_das=True_sas=2_don=Any_reSplitAces=True_hitSplitAces=False_surr=no_peek=True_bj-pays=1.5
============================

Cut Card (Penetration: 75%) Theoretical Edge %: -0.0014% Cut Card Empiric Edge %: -0.0050%
CSM (Penetration: 0.0%) Theoretical Edge %: -0.1144% CSM Empiric Edge %: 0.1164%
CSM Error: 0.0020%, Cut Card Error: -0.0064%
CSM Speed: 8495888 hands/sec, Cut Card Speed: 11669156 hands/sec

[1415/3456] 
=== Starting Regression Test ===
NUM_ROUNDS:  1000000000
NUM_THREADS: 16
Scenario:    decks=2_ss17=True_das=True_sas=4_don=10-11_reSplitAces=False_hitSplitAces=False_surr=no_peek=True_bj-pays=1.5
============================

Cut Card (Penetration: 75%) Theoretical Edge %: 0.4834% Cut Card Empiric Edge %: -0.4834%
CSM (Penetration: 0.0%) Theoretical Edge %: 0.4204% CSM Empiric Edge %: -0.4193%
CSM Error: 0.0011%, Cut Card Error: 0.0000%
CSM Speed: 6514149 hands/sec, Cut Card Speed: 10555649 hands/sec

[1416/3456] 
=== Starting Regression Test ===
NUM_ROUNDS:  1000000000
NUM_THREADS: 16
Scenario:    decks=1_ss17=False_das=True_sas=3_don=10-11_reSplitAces=False_hitSplitAces=False_surr=no_peek=False_bj-pays=1.5
============================

Cut Card (Penetration: 75%) Theoretical Edge %: 0.5765% Cut Card Empiric Edge %: -0.5786%
CSM (Penetration: 0.0%) Theoretical Edge %: 0.4635% CSM Empiric Edge %: -0.4592%
CSM Error: 0.0043%, Cut Card Error: -0.0021%
CSM Speed: 8330765 hands/sec, Cut Card Speed: 10389502 hands/sec

[1417/3456] 
=== Starting Regression Test ===
NUM_ROUNDS:  1000000000
NUM_THREADS: 16
Scenario:    decks=2_ss17=True_das=True_sas=4_don=Any_reSplitAces=False_hitSplitAces=True_surr=yes_peek=True_bj-pays=1.2
============================

NOTE: surr=yes + peek=True — using the available surr=2-10 theoretical edge as a comparison baseline; edge assertion skipped.
Cut Card (Penetration: 75%) Theoretical Edge %: 1.4094% Cut Card Empiric Edge %: -1.4135%
CSM (Penetration: 0.0%) Theoretical Edge %: 1.3464% CSM Empiric Edge %: -1.3496%
CSM Error: -0.0032%, Cut Card Error: -0.0041%
CSM Speed: 6618572 hands/sec, Cut Card Speed: 10443101 hands/sec

[1418/3456] 
=== Starting Regression Test ===
NUM_ROUNDS:  1000000000
NUM_THREADS: 16
Scenario:    decks=2_ss17=False_das=True_sas=4_don=Any_reSplitAces=False_hitSplitAces=True_surr=no_peek=True_bj-pays=1.2
============================

Cut Card (Penetration: 75%) Theoretical Edge %: 1.6639% Cut Card Empiric Edge %: -1.6497%
CSM (Penetration: 0.0%) Theoretical Edge %: 1.6009% CSM Empiric Edge %: -1.6018%
CSM Error: -0.0010%, Cut Card Error: 0.0142%
CSM Speed: 6657834 hands/sec, Cut Card Speed: 11286936 hands/sec

[1419/3456] 
=== Starting Regression Test ===
NUM_ROUNDS:  1000000000
NUM_THREADS: 16
Scenario:    decks=1_ss17=False_das=True_sas=3_don=9-11_reSplitAces=True_hitSplitAces=True_surr=yes_peek=True_bj-pays=1.2
============================

NOTE: surr=yes + peek=True — using the available surr=2-10 theoretical edge as a comparison baseline; edge assertion skipped.
Cut Card (Penetration: 75%) Theoretical Edge %: 1.5188% Cut Card Empiric Edge %: -1.5234%
CSM (Penetration: 0.0%) Theoretical Edge %: 1.4058% CSM Empiric Edge %: -1.4109%
CSM Error: -0.0052%, Cut Card Error: -0.0046%
CSM Speed: 8137557 hands/sec, Cut Card Speed: 11233305 hands/sec

[1420/3456] 
=== Starting Regression Test ===
NUM_ROUNDS:  1000000000
NUM_THREADS: 16
Scenario:    decks=6_ss17=True_das=False_sas=4_don=9-11_reSplitAces=False_hitSplitAces=True_surr=no_peek=False_bj-pays=1.2
============================

Cut Card (Penetration: 75%) Theoretical Edge %: 1.9542% Cut Card Empiric Edge %: -1.9564%
CSM (Penetration: 0.0%) Theoretical Edge %: 1.9342% CSM Empiric Edge %: -1.9436%
CSM Error: -0.0095%, Cut Card Error: -0.0022%
CSM Speed: 3349433 hands/sec, Cut Card Speed: 10555204 hands/sec

[1421/3456] 
=== Starting Regression Test ===
NUM_ROUNDS:  1000000000
NUM_THREADS: 16
Scenario:    decks=6_ss17=True_das=False_sas=2_don=10-11_reSplitAces=True_hitSplitAces=True_surr=no_peek=False_bj-pays=1.2
============================

Cut Card (Penetration: 75%) Theoretical Edge %: 2.0706% Cut Card Empiric Edge %: -2.0737%
CSM (Penetration: 0.0%) Theoretical Edge %: 2.0506% CSM Empiric Edge %: -2.0508%
CSM Error: -0.0002%, Cut Card Error: -0.0031%
CSM Speed: 3349332 hands/sec, Cut Card Speed: 10776094 hands/sec

[1422/3456] 
=== Starting Regression Test ===
NUM_ROUNDS:  1000000000
NUM_THREADS: 16
Scenario:    decks=6_ss17=True_das=True_sas=4_don=9-11_reSplitAces=True_hitSplitAces=True_surr=no_peek=True_bj-pays=1.2
============================

Cut Card (Penetration: 75%) Theoretical Edge %: 1.6438% Cut Card Empiric Edge %: -1.6399%
CSM (Penetration: 0.0%) Theoretical Edge %: 1.6238% CSM Empiric Edge %: -1.6222%
CSM Error: 0.0016%, Cut Card Error: 0.0039%
CSM Speed: 3346810 hands/sec, Cut Card Speed: 10810811 hands/sec

[1423/3456] 
=== Starting Regression Test ===
NUM_ROUNDS:  1000000000
NUM_THREADS: 16
Scenario:    decks=2_ss17=False_das=True_sas=4_don=9-11_reSplitAces=False_hitSplitAces=True_surr=yes_peek=True_bj-pays=1.5
============================

NOTE: surr=yes + peek=True — using the available surr=2-10 theoretical edge as a comparison baseline; edge assertion skipped.
Cut Card (Penetration: 75%) Theoretical Edge %: 0.3551% Cut Card Empiric Edge %: -0.3720%
CSM (Penetration: 0.0%) Theoretical Edge %: 0.2921% CSM Empiric Edge %: -0.2915%
CSM Error: 0.0007%, Cut Card Error: -0.0169%
CSM Speed: 6520137 hands/sec, Cut Card Speed: 10982253 hands/sec

[1424/3456] 
=== Starting Regression Test ===
NUM_ROUNDS:  1000000000
NUM_THREADS: 16
Scenario:    decks=6_ss17=False_das=False_sas=3_don=10-11_reSplitAces=True_hitSplitAces=True_surr=no_peek=False_bj-pays=1.5
============================

Cut Card (Penetration: 75%) Theoretical Edge %: 0.8641% Cut Card Empiric Edge %: -0.8695%
CSM (Penetration: 0.0%) Theoretical Edge %: 0.8441% CSM Empiric Edge %: -0.8434%
CSM Error: 0.0007%, Cut Card Error: -0.0054%
CSM Speed: 3366278 hands/sec, Cut Card Speed: 10648607 hands/sec

[1425/3456] 
=== Starting Regression Test ===
NUM_ROUNDS:  1000000000
NUM_THREADS: 16
Scenario:    decks=1_ss17=False_das=True_sas=2_don=9-11_reSplitAces=True_hitSplitAces=True_surr=yes_peek=True_bj-pays=1.5
============================

NOTE: surr=yes + peek=True — using the available surr=2-10 theoretical edge as a comparison baseline; edge assertion skipped.
Cut Card (Penetration: 75%) Theoretical Edge %: 0.1758% Cut Card Empiric Edge %: -0.1908%
CSM (Penetration: 0.0%) Theoretical Edge %: 0.0628% CSM Empiric Edge %: -0.0643%
CSM Error: -0.0015%, Cut Card Error: -0.0150%
CSM Speed: 8330487 hands/sec, Cut Card Speed: 11141068 hands/sec

[1426/3456] 
=== Starting Regression Test ===
NUM_ROUNDS:  1000000000
NUM_THREADS: 16
Scenario:    decks=2_ss17=False_das=True_sas=4_don=10-11_reSplitAces=False_hitSplitAces=True_surr=no_peek=True_bj-pays=1.2
============================

Cut Card (Penetration: 75%) Theoretical Edge %: 1.9091% Cut Card Empiric Edge %: -1.8943%
CSM (Penetration: 0.0%) Theoretical Edge %: 1.8461% CSM Empiric Edge %: -1.8412%
CSM Error: 0.0049%, Cut Card Error: 0.0148%
CSM Speed: 6601314 hands/sec, Cut Card Speed: 10997350 hands/sec

[1427/3456] 
=== Starting Regression Test ===
NUM_ROUNDS:  1000000000
NUM_THREADS: 16
Scenario:    decks=6_ss17=True_das=True_sas=4_don=10-11_reSplitAces=False_hitSplitAces=False_surr=2-10_peek=False_bj-pays=1.2
============================

NOTE: surr=2-10 + peek=False — theoretical table may not match implementation; edge assertion skipped.
Cut Card (Penetration: 75%) Theoretical Edge %: 2.0103% Cut Card Empiric Edge %: -1.8446%
CSM (Penetration: 0.0%) Theoretical Edge %: 1.9903% CSM Empiric Edge %: -1.8174%
CSM Error: 0.1728%, Cut Card Error: 0.1656%
CSM Speed: 3430132 hands/sec, Cut Card Speed: 10749452 hands/sec

[1428/3456] 
=== Starting Regression Test ===
NUM_ROUNDS:  1000000000
NUM_THREADS: 16
Scenario:    decks=6_ss17=False_das=True_sas=3_don=9-11_reSplitAces=True_hitSplitAces=False_surr=yes_peek=True_bj-pays=1.5
============================

NOTE: surr=yes + peek=True — using the available surr=2-10 theoretical edge as a comparison baseline; edge assertion skipped.
Cut Card (Penetration: 75%) Theoretical Edge %: 0.6076% Cut Card Empiric Edge %: -0.6158%
CSM (Penetration: 0.0%) Theoretical Edge %: 0.5876% CSM Empiric Edge %: -0.5836%
CSM Error: 0.0040%, Cut Card Error: -0.0082%
CSM Speed: 3381017 hands/sec, Cut Card Speed: 10867321 hands/sec

[1429/3456] 
=== Starting Regression Test ===
NUM_ROUNDS:  1000000000
NUM_THREADS: 16
Scenario:    decks=2_ss17=False_das=True_sas=3_don=Any_reSplitAces=False_hitSplitAces=True_surr=2-10_peek=False_bj-pays=1.2
============================

NOTE: surr=2-10 + peek=False — theoretical table may not match implementation; edge assertion skipped.
Cut Card (Penetration: 75%) Theoretical Edge %: 1.7158% Cut Card Empiric Edge %: -1.5834%
CSM (Penetration: 0.0%) Theoretical Edge %: 1.6528% CSM Empiric Edge %: -1.5026%
CSM Error: 0.1502%, Cut Card Error: 0.1325%
CSM Speed: 6566980 hands/sec, Cut Card Speed: 10847163 hands/sec

[1430/3456] 
=== Starting Regression Test ===
NUM_ROUNDS:  1000000000
NUM_THREADS: 16
Scenario:    decks=6_ss17=False_das=True_sas=3_don=Any_reSplitAces=True_hitSplitAces=False_surr=no_peek=False_bj-pays=1.2
============================

Cut Card (Penetration: 75%) Theoretical Edge %: 2.0650% Cut Card Empiric Edge %: -2.0681%
CSM (Penetration: 0.0%) Theoretical Edge %: 2.0450% CSM Empiric Edge %: -2.0440%
CSM Error: 0.0011%, Cut Card Error: -0.0031%
CSM Speed: 3390739 hands/sec, Cut Card Speed: 10863779 hands/sec

[1431/3456] 
=== Starting Regression Test ===
NUM_ROUNDS:  1000000000
NUM_THREADS: 16
Scenario:    decks=2_ss17=False_das=False_sas=2_don=9-11_reSplitAces=True_hitSplitAces=False_surr=2-10_peek=False_bj-pays=1.5
============================

NOTE: surr=2-10 + peek=False — theoretical table may not match implementation; edge assertion skipped.
Cut Card (Penetration: 75%) Theoretical Edge %: 0.7814% Cut Card Empiric Edge %: -0.6477%
CSM (Penetration: 0.0%) Theoretical Edge %: 0.7184% CSM Empiric Edge %: -0.5575%
CSM Error: 0.1608%, Cut Card Error: 0.1336%
CSM Speed: 6379260 hands/sec, Cut Card Speed: 10583915 hands/sec

[1432/3456] 
=== Starting Regression Test ===
NUM_ROUNDS:  1000000000
NUM_THREADS: 16
Scenario:    decks=2_ss17=False_das=False_sas=2_don=9-11_reSplitAces=True_hitSplitAces=False_surr=yes_peek=True_bj-pays=1.5
============================

NOTE: surr=yes + peek=True — using the available surr=2-10 theoretical edge as a comparison baseline; edge assertion skipped.
Cut Card (Penetration: 75%) Theoretical Edge %: 0.6763% Cut Card Empiric Edge %: -0.6814%
CSM (Penetration: 0.0%) Theoretical Edge %: 0.6133% CSM Empiric Edge %: -0.6141%
CSM Error: -0.0008%, Cut Card Error: -0.0050%
CSM Speed: 6617170 hands/sec, Cut Card Speed: 11177930 hands/sec

[1433/3456] 
=== Starting Regression Test ===
NUM_ROUNDS:  1000000000
NUM_THREADS: 16
Scenario:    decks=2_ss17=False_das=False_sas=3_don=10-11_reSplitAces=True_hitSplitAces=False_surr=no_peek=True_bj-pays=1.2
============================

Cut Card (Penetration: 75%) Theoretical Edge %: 2.1470% Cut Card Empiric Edge %: -2.1248%
CSM (Penetration: 0.0%) Theoretical Edge %: 2.0840% CSM Empiric Edge %: -2.0767%
CSM Error: 0.0073%, Cut Card Error: 0.0221%
CSM Speed: 6610609 hands/sec, Cut Card Speed: 10287642 hands/sec

[1434/3456] 
=== Starting Regression Test ===
NUM_ROUNDS:  1000000000
NUM_THREADS: 16
Scenario:    decks=1_ss17=True_das=True_sas=3_don=10-11_reSplitAces=True_hitSplitAces=False_surr=yes_peek=True_bj-pays=1.2
============================

NOTE: surr=yes + peek=True — using the available surr=2-10 theoretical edge as a comparison baseline; edge assertion skipped.
Cut Card (Penetration: 75%) Theoretical Edge %: 1.6061% Cut Card Empiric Edge %: -1.6070%
CSM (Penetration: 0.0%) Theoretical Edge %: 1.4931% CSM Empiric Edge %: -1.5001%
CSM Error: -0.0070%, Cut Card Error: -0.0010%
CSM Speed: 8454086 hands/sec, Cut Card Speed: 10448011 hands/sec

[1435/3456] 
=== Starting Regression Test ===
NUM_ROUNDS:  1000000000
NUM_THREADS: 16
Scenario:    decks=2_ss17=False_das=True_sas=3_don=9-11_reSplitAces=True_hitSplitAces=False_surr=no_peek=True_bj-pays=1.2
============================

Cut Card (Penetration: 75%) Theoretical Edge %: 1.9116% Cut Card Empiric Edge %: -1.9069%
CSM (Penetration: 0.0%) Theoretical Edge %: 1.8486% CSM Empiric Edge %: -1.8459%
CSM Error: 0.0027%, Cut Card Error: 0.0047%
CSM Speed: 6554755 hands/sec, Cut Card Speed: 10455002 hands/sec

[1436/3456] 
=== Starting Regression Test ===
NUM_ROUNDS:  1000000000
NUM_THREADS: 16
Scenario:    decks=2_ss17=False_das=True_sas=3_don=Any_reSplitAces=False_hitSplitAces=True_surr=no_peek=False_bj-pays=1.5
============================

Cut Card (Penetration: 75%) Theoretical Edge %: 0.4133% Cut Card Empiric Edge %: -0.4221%
CSM (Penetration: 0.0%) Theoretical Edge %: 0.3503% CSM Empiric Edge %: -0.3565%
CSM Error: -0.0062%, Cut Card Error: -0.0088%
CSM Speed: 6489251 hands/sec, Cut Card Speed: 10696560 hands/sec

[1437/3456] 
=== Starting Regression Test ===
NUM_ROUNDS:  1000000000
NUM_THREADS: 16
Scenario:    decks=2_ss17=False_das=False_sas=4_don=Any_reSplitAces=False_hitSplitAces=True_surr=yes_peek=True_bj-pays=1.2
============================

NOTE: surr=yes + peek=True — using the available surr=2-10 theoretical edge as a comparison baseline; edge assertion skipped.
Cut Card (Penetration: 75%) Theoretical Edge %: 1.7517% Cut Card Empiric Edge %: -1.7564%
CSM (Penetration: 0.0%) Theoretical Edge %: 1.6887% CSM Empiric Edge %: -1.6907%
CSM Error: -0.0019%, Cut Card Error: -0.0046%
CSM Speed: 6406027 hands/sec, Cut Card Speed: 11166198 hands/sec

[1438/3456] 
=== Starting Regression Test ===
NUM_ROUNDS:  1000000000
NUM_THREADS: 16
Scenario:    decks=6_ss17=True_das=False_sas=2_don=10-11_reSplitAces=True_hitSplitAces=False_surr=yes_peek=True_bj-pays=1.5
============================

NOTE: surr=yes + peek=True — using the available surr=2-10 theoretical edge as a comparison baseline; edge assertion skipped.
Cut Card (Penetration: 75%) Theoretical Edge %: 0.7028% Cut Card Empiric Edge %: -0.7064%
CSM (Penetration: 0.0%) Theoretical Edge %: 0.6828% CSM Empiric Edge %: -0.6842%
CSM Error: -0.0014%, Cut Card Error: -0.0036%
CSM Speed: 3346048 hands/sec, Cut Card Speed: 10717654 hands/sec

[1439/3456] 
=== Starting Regression Test ===
NUM_ROUNDS:  1000000000
NUM_THREADS: 16
Scenario:    decks=2_ss17=False_das=True_sas=4_don=Any_reSplitAces=False_hitSplitAces=True_surr=yes_peek=True_bj-pays=1.5
============================

NOTE: surr=yes + peek=True — using the available surr=2-10 theoretical edge as a comparison baseline; edge assertion skipped.
Cut Card (Penetration: 75%) Theoretical Edge %: 0.2242% Cut Card Empiric Edge %: -0.2313%
CSM (Penetration: 0.0%) Theoretical Edge %: 0.1612% CSM Empiric Edge %: -0.1545%
CSM Error: 0.0067%, Cut Card Error: -0.0071%
CSM Speed: 6425373 hands/sec, Cut Card Speed: 11154116 hands/sec

[1440/3456] 
=== Starting Regression Test ===
NUM_ROUNDS:  1000000000
NUM_THREADS: 16
Scenario:    decks=2_ss17=True_das=True_sas=3_don=10-11_reSplitAces=True_hitSplitAces=True_surr=no_peek=False_bj-pays=1.5
============================

Cut Card (Penetration: 75%) Theoretical Edge %: 0.4041% Cut Card Empiric Edge %: -0.4019%
CSM (Penetration: 0.0%) Theoretical Edge %: 0.3411% CSM Empiric Edge %: -0.3455%
CSM Error: -0.0044%, Cut Card Error: 0.0022%
CSM Speed: 6366629 hands/sec, Cut Card Speed: 10727657 hands/sec

[1441/3456] 
=== Starting Regression Test ===
NUM_ROUNDS:  1000000000
NUM_THREADS: 16
Scenario:    decks=6_ss17=False_das=False_sas=4_don=Any_reSplitAces=False_hitSplitAces=False_surr=no_peek=True_bj-pays=1.5
============================

Cut Card (Penetration: 75%) Theoretical Edge %: 0.7833% Cut Card Empiric Edge %: -0.7857%
CSM (Penetration: 0.0%) Theoretical Edge %: 0.7633% CSM Empiric Edge %: -0.7587%
CSM Error: 0.0045%, Cut Card Error: -0.0024%
CSM Speed: 3386845 hands/sec, Cut Card Speed: 10690842 hands/sec

[1442/3456] 
=== Starting Regression Test ===
NUM_ROUNDS:  1000000000
NUM_THREADS: 16
Scenario:    decks=6_ss17=False_das=False_sas=2_don=10-11_reSplitAces=False_hitSplitAces=True_surr=no_peek=False_bj-pays=1.5
============================

Cut Card (Penetration: 75%) Theoretical Edge %: 0.9364% Cut Card Empiric Edge %: -0.9401%
CSM (Penetration: 0.0%) Theoretical Edge %: 0.9164% CSM Empiric Edge %: -0.9135%
CSM Error: 0.0028%, Cut Card Error: -0.0038%
CSM Speed: 3358195 hands/sec, Cut Card Speed: 10299085 hands/sec

[1443/3456] 
=== Starting Regression Test ===
NUM_ROUNDS:  1000000000
NUM_THREADS: 16
Scenario:    decks=2_ss17=True_das=True_sas=4_don=9-11_reSplitAces=False_hitSplitAces=True_surr=no_peek=False_bj-pays=1.5
============================

Cut Card (Penetration: 75%) Theoretical Edge %: 0.3203% Cut Card Empiric Edge %: -0.3344%
CSM (Penetration: 0.0%) Theoretical Edge %: 0.2573% CSM Empiric Edge %: -0.2637%
CSM Error: -0.0064%, Cut Card Error: -0.0141%
CSM Speed: 6476055 hands/sec, Cut Card Speed: 10364305 hands/sec

[1444/3456] 
=== Starting Regression Test ===
NUM_ROUNDS:  1000000000
NUM_THREADS: 16
Scenario:    decks=1_ss17=True_das=True_sas=3_don=9-11_reSplitAces=False_hitSplitAces=False_surr=yes_peek=True_bj-pays=1.2
============================

NOTE: surr=yes + peek=True — using the available surr=2-10 theoretical edge as a comparison baseline; edge assertion skipped.
Cut Card (Penetration: 75%) Theoretical Edge %: 1.4885% Cut Card Empiric Edge %: -1.4917%
CSM (Penetration: 0.0%) Theoretical Edge %: 1.3755% CSM Empiric Edge %: -1.3780%
CSM Error: -0.0025%, Cut Card Error: -0.0033%
CSM Speed: 8408520 hands/sec, Cut Card Speed: 10773308 hands/sec

[1445/3456] 
=== Starting Regression Test ===
NUM_ROUNDS:  1000000000
NUM_THREADS: 16
Scenario:    decks=1_ss17=False_das=False_sas=4_don=9-11_reSplitAces=True_hitSplitAces=False_surr=yes_peek=True_bj-pays=1.2
============================

NOTE: surr=yes + peek=True — using the available surr=2-10 theoretical edge as a comparison baseline; edge assertion skipped.
Cut Card (Penetration: 75%) Theoretical Edge %: 1.7737% Cut Card Empiric Edge %: -1.7839%
CSM (Penetration: 0.0%) Theoretical Edge %: 1.6607% CSM Empiric Edge %: -1.6673%
CSM Error: -0.0066%, Cut Card Error: -0.0102%
CSM Speed: 8393487 hands/sec, Cut Card Speed: 11541480 hands/sec

[1446/3456] 
=== Starting Regression Test ===
NUM_ROUNDS:  1000000000
NUM_THREADS: 16
Scenario:    decks=6_ss17=False_das=False_sas=4_don=Any_reSplitAces=False_hitSplitAces=True_surr=yes_peek=True_bj-pays=1.2
============================

NOTE: surr=yes + peek=True — using the available surr=2-10 theoretical edge as a comparison baseline; edge assertion skipped.
Cut Card (Penetration: 75%) Theoretical Edge %: 1.8774% Cut Card Empiric Edge %: -1.8840%
CSM (Penetration: 0.0%) Theoretical Edge %: 1.8574% CSM Empiric Edge %: -1.8583%
CSM Error: -0.0009%, Cut Card Error: -0.0066%
CSM Speed: 3495562 hands/sec, Cut Card Speed: 10741254 hands/sec

[1447/3456] 
=== Starting Regression Test ===
NUM_ROUNDS:  1000000000
NUM_THREADS: 16
Scenario:    decks=1_ss17=False_das=False_sas=4_don=10-11_reSplitAces=True_hitSplitAces=True_surr=yes_peek=True_bj-pays=1.5
============================

NOTE: surr=yes + peek=True — using the available surr=2-10 theoretical edge as a comparison baseline; edge assertion skipped.
Cut Card (Penetration: 75%) Theoretical Edge %: 0.3855% Cut Card Empiric Edge %: -0.3969%
CSM (Penetration: 0.0%) Theoretical Edge %: 0.2725% CSM Empiric Edge %: -0.2718%
CSM Error: 0.0007%, Cut Card Error: -0.0114%
CSM Speed: 8523623 hands/sec, Cut Card Speed: 10630269 hands/sec

[1448/3456] 
=== Starting Regression Test ===
NUM_ROUNDS:  1000000000
NUM_THREADS: 16
Scenario:    decks=2_ss17=True_das=False_sas=4_don=Any_reSplitAces=True_hitSplitAces=False_surr=yes_peek=True_bj-pays=1.5
============================

NOTE: surr=yes + peek=True — using the available surr=2-10 theoretical edge as a comparison baseline; edge assertion skipped.
Cut Card (Penetration: 75%) Theoretical Edge %: 0.2933% Cut Card Empiric Edge %: -0.3079%
CSM (Penetration: 0.0%) Theoretical Edge %: 0.2303% CSM Empiric Edge %: -0.2377%
CSM Error: -0.0073%, Cut Card Error: -0.0146%
CSM Speed: 6777042 hands/sec, Cut Card Speed: 10889569 hands/sec

[1449/3456] 
=== Starting Regression Test ===
NUM_ROUNDS:  1000000000
NUM_THREADS: 16
Scenario:    decks=6_ss17=False_das=True_sas=3_don=10-11_reSplitAces=False_hitSplitAces=True_surr=no_peek=True_bj-pays=1.2
============================

Cut Card (Penetration: 75%) Theoretical Edge %: 2.0299% Cut Card Empiric Edge %: -2.0304%
CSM (Penetration: 0.0%) Theoretical Edge %: 2.0099% CSM Empiric Edge %: -2.0097%
CSM Error: 0.0002%, Cut Card Error: -0.0005%
CSM Speed: 3483774 hands/sec, Cut Card Speed: 11202850 hands/sec

[1450/3456] 
=== Starting Regression Test ===
NUM_ROUNDS:  1000000000
NUM_THREADS: 16
Scenario:    decks=2_ss17=False_das=False_sas=4_don=9-11_reSplitAces=False_hitSplitAces=False_surr=2-10_peek=False_bj-pays=1.5
============================

NOTE: surr=2-10 + peek=False — theoretical table may not match implementation; edge assertion skipped.
Cut Card (Penetration: 75%) Theoretical Edge %: 0.7554% Cut Card Empiric Edge %: -0.6200%
CSM (Penetration: 0.0%) Theoretical Edge %: 0.6924% CSM Empiric Edge %: -0.5419%
CSM Error: 0.1505%, Cut Card Error: 0.1355%
CSM Speed: 6515464 hands/sec, Cut Card Speed: 10827901 hands/sec

[1451/3456] 
=== Starting Regression Test ===
NUM_ROUNDS:  1000000000
NUM_THREADS: 16
Scenario:    decks=2_ss17=True_das=True_sas=3_don=10-11_reSplitAces=False_hitSplitAces=False_surr=yes_peek=True_bj-pays=1.2
============================

NOTE: surr=yes + peek=True — using the available surr=2-10 theoretical edge as a comparison baseline; edge assertion skipped.
Cut Card (Penetration: 75%) Theoretical Edge %: 1.8111% Cut Card Empiric Edge %: -1.8122%
CSM (Penetration: 0.0%) Theoretical Edge %: 1.7481% CSM Empiric Edge %: -1.7519%
CSM Error: -0.0038%, Cut Card Error: -0.0011%
CSM Speed: 6765168 hands/sec, Cut Card Speed: 10977069 hands/sec

[1452/3456] 
=== Starting Regression Test ===
NUM_ROUNDS:  1000000000
NUM_THREADS: 16
Scenario:    decks=1_ss17=False_das=False_sas=3_don=Any_reSplitAces=True_hitSplitAces=True_surr=2-10_peek=False_bj-pays=1.5
============================

NOTE: surr=2-10 + peek=False — theoretical table may not match implementation; edge assertion skipped.
Cut Card (Penetration: 75%) Theoretical Edge %: 0.2240% Cut Card Empiric Edge %: -0.1249%
CSM (Penetration: 0.0%) Theoretical Edge %: 0.1110% CSM Empiric Edge %: 0.0319%
CSM Error: 0.1429%, Cut Card Error: 0.0991%
CSM Speed: 8669568 hands/sec, Cut Card Speed: 11098656 hands/sec

[1453/3456] 
=== Starting Regression Test ===
NUM_ROUNDS:  1000000000
NUM_THREADS: 16
Scenario:    decks=6_ss17=True_das=True_sas=2_don=9-11_reSplitAces=True_hitSplitAces=True_surr=no_peek=True_bj-pays=1.5
============================

Cut Card (Penetration: 75%) Theoretical Edge %: 0.3946% Cut Card Empiric Edge %: -0.3965%
CSM (Penetration: 0.0%) Theoretical Edge %: 0.3746% CSM Empiric Edge %: -0.3727%
CSM Error: 0.0019%, Cut Card Error: -0.0019%
CSM Speed: 3588809 hands/sec, Cut Card Speed: 10880327 hands/sec

[1454/3456] 
=== Starting Regression Test ===
NUM_ROUNDS:  1000000000
NUM_THREADS: 16
Scenario:    decks=2_ss17=False_das=True_sas=3_don=9-11_reSplitAces=True_hitSplitAces=False_surr=2-10_peek=False_bj-pays=1.5
============================

NOTE: surr=2-10 + peek=False — theoretical table may not match implementation; edge assertion skipped.
Cut Card (Penetration: 75%) Theoretical Edge %: 0.5820% Cut Card Empiric Edge %: -0.4493%
CSM (Penetration: 0.0%) Theoretical Edge %: 0.5190% CSM Empiric Edge %: -0.3652%
CSM Error: 0.1537%, Cut Card Error: 0.1326%
CSM Speed: 6597786 hands/sec, Cut Card Speed: 10857881 hands/sec

[1455/3456] 
=== Starting Regression Test ===
NUM_ROUNDS:  1000000000
NUM_THREADS: 16
Scenario:    decks=6_ss17=True_das=True_sas=3_don=10-11_reSplitAces=True_hitSplitAces=True_surr=no_peek=True_bj-pays=1.5
============================

Cut Card (Penetration: 75%) Theoretical Edge %: 0.3970% Cut Card Empiric Edge %: -0.3918%
CSM (Penetration: 0.0%) Theoretical Edge %: 0.3770% CSM Empiric Edge %: -0.3787%
CSM Error: -0.0017%, Cut Card Error: 0.0052%
CSM Speed: 3596682 hands/sec, Cut Card Speed: 10727772 hands/sec

[1456/3456] 
=== Starting Regression Test ===
NUM_ROUNDS:  1000000000
NUM_THREADS: 16
Scenario:    decks=2_ss17=True_das=False_sas=3_don=10-11_reSplitAces=True_hitSplitAces=False_surr=no_peek=True_bj-pays=1.5
============================

Cut Card (Penetration: 75%) Theoretical Edge %: 0.5611% Cut Card Empiric Edge %: -0.5544%
CSM (Penetration: 0.0%) Theoretical Edge %: 0.4981% CSM Empiric Edge %: -0.4978%
CSM Error: 0.0003%, Cut Card Error: 0.0068%
CSM Speed: 7014049 hands/sec, Cut Card Speed: 10964311 hands/sec

[1457/3456] 
=== Starting Regression Test ===
NUM_ROUNDS:  1000000000
NUM_THREADS: 16
Scenario:    decks=1_ss17=False_das=False_sas=3_don=10-11_reSplitAces=False_hitSplitAces=True_surr=no_peek=True_bj-pays=1.2
============================

Cut Card (Penetration: 75%) Theoretical Edge %: 1.8455% Cut Card Empiric Edge %: -1.8373%
CSM (Penetration: 0.0%) Theoretical Edge %: 1.7325% CSM Empiric Edge %: -1.7346%
CSM Error: -0.0020%, Cut Card Error: 0.0082%
CSM Speed: 8814067 hands/sec, Cut Card Speed: 11547744 hands/sec

[1458/3456] 
=== Starting Regression Test ===
NUM_ROUNDS:  1000000000
NUM_THREADS: 16
Scenario:    decks=6_ss17=False_das=True_sas=3_don=9-11_reSplitAces=True_hitSplitAces=False_surr=yes_peek=True_bj-pays=1.2
============================

NOTE: surr=yes + peek=True — using the available surr=2-10 theoretical edge as a comparison baseline; edge assertion skipped.
Cut Card (Penetration: 75%) Theoretical Edge %: 1.9673% Cut Card Empiric Edge %: -1.9690%
CSM (Penetration: 0.0%) Theoretical Edge %: 1.9473% CSM Empiric Edge %: -1.9463%
CSM Error: 0.0009%, Cut Card Error: -0.0018%
CSM Speed: 3520222 hands/sec, Cut Card Speed: 11288720 hands/sec

[1459/3456] 
=== Starting Regression Test ===
NUM_ROUNDS:  1000000000
NUM_THREADS: 16
Scenario:    decks=1_ss17=True_das=True_sas=4_don=9-11_reSplitAces=False_hitSplitAces=True_surr=no_peek=True_bj-pays=1.2
============================

Cut Card (Penetration: 75%) Theoretical Edge %: 1.3773% Cut Card Empiric Edge %: -1.3605%
CSM (Penetration: 0.0%) Theoretical Edge %: 1.2643% CSM Empiric Edge %: -1.2613%
CSM Error: 0.0031%, Cut Card Error: 0.0168%
CSM Speed: 9031302 hands/sec, Cut Card Speed: 11317466 hands/sec

[1460/3456] 
=== Starting Regression Test ===
NUM_ROUNDS:  1000000000
NUM_THREADS: 16
Scenario:    decks=1_ss17=True_das=False_sas=2_don=9-11_reSplitAces=False_hitSplitAces=False_surr=no_peek=True_bj-pays=1.2
============================

Cut Card (Penetration: 75%) Theoretical Edge %: 1.6581% Cut Card Empiric Edge %: -1.6457%
CSM (Penetration: 0.0%) Theoretical Edge %: 1.5451% CSM Empiric Edge %: -1.5449%
CSM Error: 0.0002%, Cut Card Error: 0.0124%
CSM Speed: 8571478 hands/sec, Cut Card Speed: 11772600 hands/sec

[1461/3456] 
=== Starting Regression Test ===
NUM_ROUNDS:  1000000000
NUM_THREADS: 16
Scenario:    decks=6_ss17=False_das=False_sas=3_don=9-11_reSplitAces=True_hitSplitAces=False_surr=no_peek=False_bj-pays=1.2
============================

Cut Card (Penetration: 75%) Theoretical Edge %: 2.3031% Cut Card Empiric Edge %: -2.2954%
CSM (Penetration: 0.0%) Theoretical Edge %: 2.2831% CSM Empiric Edge %: -2.2829%
CSM Error: 0.0002%, Cut Card Error: 0.0077%
CSM Speed: 3525807 hands/sec, Cut Card Speed: 11511321 hands/sec

[1462/3456] 
=== Starting Regression Test ===
NUM_ROUNDS:  1000000000
NUM_THREADS: 16
Scenario:    decks=1_ss17=False_das=True_sas=4_don=10-11_reSplitAces=False_hitSplitAces=False_surr=2-10_peek=False_bj-pays=1.2
============================

NOTE: surr=2-10 + peek=False — theoretical table may not match implementation; edge assertion skipped.
Cut Card (Penetration: 75%) Theoretical Edge %: 1.9296% Cut Card Empiric Edge %: -1.8102%
CSM (Penetration: 0.0%) Theoretical Edge %: 1.8166% CSM Empiric Edge %: -1.6743%
CSM Error: 0.1423%, Cut Card Error: 0.1194%
CSM Speed: 8375209 hands/sec, Cut Card Speed: 10922516 hands/sec

[1463/3456] 
=== Starting Regression Test ===
NUM_ROUNDS:  1000000000
NUM_THREADS: 16
Scenario:    decks=1_ss17=False_das=True_sas=2_don=9-11_reSplitAces=False_hitSplitAces=True_surr=2-10_peek=False_bj-pays=1.5
============================

NOTE: surr=2-10 + peek=False — theoretical table may not match implementation; edge assertion skipped.
Cut Card (Penetration: 75%) Theoretical Edge %: 0.2887% Cut Card Empiric Edge %: -0.1808%
CSM (Penetration: 0.0%) Theoretical Edge %: 0.1757% CSM Empiric Edge %: -0.0377%
CSM Error: 0.1380%, Cut Card Error: 0.1078%
CSM Speed: 8558054 hands/sec, Cut Card Speed: 10847752 hands/sec

[1464/3456] 
=== Starting Regression Test ===
NUM_ROUNDS:  1000000000
NUM_THREADS: 16
Scenario:    decks=1_ss17=True_das=True_sas=4_don=9-11_reSplitAces=True_hitSplitAces=False_surr=yes_peek=True_bj-pays=1.2
============================

NOTE: surr=yes + peek=True — using the available surr=2-10 theoretical edge as a comparison baseline; edge assertion skipped.
Cut Card (Penetration: 75%) Theoretical Edge %: 1.4545% Cut Card Empiric Edge %: -1.4642%
CSM (Penetration: 0.0%) Theoretical Edge %: 1.3415% CSM Empiric Edge %: -1.3461%
CSM Error: -0.0047%, Cut Card Error: -0.0097%
CSM Speed: 8903927 hands/sec, Cut Card Speed: 11390170 hands/sec

[1465/3456] 
=== Starting Regression Test ===
NUM_ROUNDS:  1000000000
NUM_THREADS: 16
Scenario:    decks=2_ss17=False_das=True_sas=2_don=9-11_reSplitAces=True_hitSplitAces=True_surr=2-10_peek=False_bj-pays=1.5
============================

NOTE: surr=2-10 + peek=False — theoretical table may not match implementation; edge assertion skipped.
Cut Card (Penetration: 75%) Theoretical Edge %: 0.5100% Cut Card Empiric Edge %: -0.3754%
CSM (Penetration: 0.0%) Theoretical Edge %: 0.4470% CSM Empiric Edge %: -0.3074%
CSM Error: 0.1396%, Cut Card Error: 0.1346%
CSM Speed: 6862994 hands/sec, Cut Card Speed: 10821808 hands/sec

[1466/3456] 
=== Starting Regression Test ===
NUM_ROUNDS:  1000000000
NUM_THREADS: 16
Scenario:    decks=2_ss17=True_das=True_sas=2_don=Any_reSplitAces=False_hitSplitAces=False_surr=yes_peek=True_bj-pays=1.2
============================

NOTE: surr=yes + peek=True — using the available surr=2-10 theoretical edge as a comparison baseline; edge assertion skipped.
Cut Card (Penetration: 75%) Theoretical Edge %: 1.6225% Cut Card Empiric Edge %: -1.6303%
CSM (Penetration: 0.0%) Theoretical Edge %: 1.5595% CSM Empiric Edge %: -1.5549%
CSM Error: 0.0046%, Cut Card Error: -0.0078%
CSM Speed: 7113489 hands/sec, Cut Card Speed: 11527643 hands/sec

[1467/3456] 
=== Starting Regression Test ===
NUM_ROUNDS:  1000000000
NUM_THREADS: 16
Scenario:    decks=1_ss17=False_das=True_sas=3_don=10-11_reSplitAces=True_hitSplitAces=False_surr=yes_peek=True_bj-pays=1.5
============================

NOTE: surr=yes + peek=True — using the available surr=2-10 theoretical edge as a comparison baseline; edge assertion skipped.
Cut Card (Penetration: 75%) Theoretical Edge %: 0.3951% Cut Card Empiric Edge %: -0.4106%
CSM (Penetration: 0.0%) Theoretical Edge %: 0.2821% CSM Empiric Edge %: -0.2880%
CSM Error: -0.0059%, Cut Card Error: -0.0155%
CSM Speed: 8491776 hands/sec, Cut Card Speed: 10729844 hands/sec

[1468/3456] 
=== Starting Regression Test ===
NUM_ROUNDS:  1000000000
NUM_THREADS: 16
Scenario:    decks=6_ss17=True_das=True_sas=2_don=9-11_reSplitAces=False_hitSplitAces=False_surr=no_peek=False_bj-pays=1.5
============================

Cut Card (Penetration: 75%) Theoretical Edge %: 0.6843% Cut Card Empiric Edge %: -0.6831%
CSM (Penetration: 0.0%) Theoretical Edge %: 0.6643% CSM Empiric Edge %: -0.6677%
CSM Error: -0.0035%, Cut Card Error: 0.0012%
CSM Speed: 3540826 hands/sec, Cut Card Speed: 10908932 hands/sec

[1469/3456] 
=== Starting Regression Test ===
NUM_ROUNDS:  1000000000
NUM_THREADS: 16
Scenario:    decks=1_ss17=False_das=False_sas=3_don=9-11_reSplitAces=True_hitSplitAces=False_surr=yes_peek=True_bj-pays=1.2
============================

NOTE: surr=yes + peek=True — using the available surr=2-10 theoretical edge as a comparison baseline; edge assertion skipped.
Cut Card (Penetration: 75%) Theoretical Edge %: 1.7766% Cut Card Empiric Edge %: -1.7806%
CSM (Penetration: 0.0%) Theoretical Edge %: 1.6636% CSM Empiric Edge %: -1.6665%
CSM Error: -0.0029%, Cut Card Error: -0.0040%
CSM Speed: 8715812 hands/sec, Cut Card Speed: 11414874 hands/sec

[1470/3456] 
=== Starting Regression Test ===
NUM_ROUNDS:  1000000000
NUM_THREADS: 16
Scenario:    decks=2_ss17=True_das=False_sas=2_don=10-11_reSplitAces=True_hitSplitAces=True_surr=yes_peek=True_bj-pays=1.2
============================

NOTE: surr=yes + peek=True — using the available surr=2-10 theoretical edge as a comparison baseline; edge assertion skipped.
Cut Card (Penetration: 75%) Theoretical Edge %: 1.7940% Cut Card Empiric Edge %: -1.7928%
CSM (Penetration: 0.0%) Theoretical Edge %: 1.7310% CSM Empiric Edge %: -1.7304%
CSM Error: 0.0007%, Cut Card Error: 0.0012%
CSM Speed: 6779799 hands/sec, Cut Card Speed: 11305695 hands/sec

[1471/3456] 
=== Starting Regression Test ===
NUM_ROUNDS:  1000000000
NUM_THREADS: 16
Scenario:    decks=2_ss17=True_das=True_sas=3_don=Any_reSplitAces=False_hitSplitAces=False_surr=no_peek=True_bj-pays=1.5
============================

Cut Card (Penetration: 75%) Theoretical Edge %: 0.2611% Cut Card Empiric Edge %: -0.2589%
CSM (Penetration: 0.0%) Theoretical Edge %: 0.1981% CSM Empiric Edge %: -0.2012%
CSM Error: -0.0031%, Cut Card Error: 0.0022%
CSM Speed: 6801657 hands/sec, Cut Card Speed: 11653110 hands/sec

[1472/3456] 
=== Starting Regression Test ===
NUM_ROUNDS:  1000000000
NUM_THREADS: 16
Scenario:    decks=2_ss17=True_das=False_sas=4_don=9-11_reSplitAces=False_hitSplitAces=False_surr=yes_peek=True_bj-pays=1.2
============================

NOTE: surr=yes + peek=True — using the available surr=2-10 theoretical edge as a comparison baseline; edge assertion skipped.
Cut Card (Penetration: 75%) Theoretical Edge %: 1.8248% Cut Card Empiric Edge %: -1.8320%
CSM (Penetration: 0.0%) Theoretical Edge %: 1.7618% CSM Empiric Edge %: -1.7612%
CSM Error: 0.0006%, Cut Card Error: -0.0072%
CSM Speed: 6738726 hands/sec, Cut Card Speed: 11260374 hands/sec

[1473/3456] 
=== Starting Regression Test ===
NUM_ROUNDS:  1000000000
NUM_THREADS: 16
Scenario:    decks=1_ss17=False_das=True_sas=3_don=10-11_reSplitAces=False_hitSplitAces=False_surr=2-10_peek=False_bj-pays=1.5
============================

NOTE: surr=2-10 + peek=False — theoretical table may not match implementation; edge assertion skipped.
Cut Card (Penetration: 75%) Theoretical Edge %: 0.5365% Cut Card Empiric Edge %: -0.4335%
CSM (Penetration: 0.0%) Theoretical Edge %: 0.4235% CSM Empiric Edge %: -0.2833%
CSM Error: 0.1402%, Cut Card Error: 0.1029%
CSM Speed: 8487956 hands/sec, Cut Card Speed: 11285281 hands/sec

[1474/3456] 
=== Starting Regression Test ===
NUM_ROUNDS:  1000000000
NUM_THREADS: 16
Scenario:    decks=1_ss17=False_das=False_sas=2_don=9-11_reSplitAces=False_hitSplitAces=True_surr=no_peek=True_bj-pays=1.2
============================

Cut Card (Penetration: 75%) Theoretical Edge %: 1.7308% Cut Card Empiric Edge %: -1.7164%
CSM (Penetration: 0.0%) Theoretical Edge %: 1.6178% CSM Empiric Edge %: -1.6147%
CSM Error: 0.0031%, Cut Card Error: 0.0144%
CSM Speed: 8781096 hands/sec, Cut Card Speed: 11710150 hands/sec

[1475/3456] 
=== Starting Regression Test ===
NUM_ROUNDS:  1000000000
NUM_THREADS: 16
Scenario:    decks=1_ss17=False_das=False_sas=4_don=Any_reSplitAces=True_hitSplitAces=False_surr=yes_peek=True_bj-pays=1.5
============================

NOTE: surr=yes + peek=True — using the available surr=2-10 theoretical edge as a comparison baseline; edge assertion skipped.
Cut Card (Penetration: 75%) Theoretical Edge %: 0.2333% Cut Card Empiric Edge %: -0.2546%
CSM (Penetration: 0.0%) Theoretical Edge %: 0.1203% CSM Empiric Edge %: -0.1240%
CSM Error: -0.0038%, Cut Card Error: -0.0213%
CSM Speed: 9007062 hands/sec, Cut Card Speed: 11799271 hands/sec

[1476/3456] 
=== Starting Regression Test ===
NUM_ROUNDS:  1000000000
NUM_THREADS: 16
Scenario:    decks=6_ss17=True_das=False_sas=3_don=Any_reSplitAces=False_hitSplitAces=False_surr=no_peek=True_bj-pays=1.2
============================

Cut Card (Penetration: 75%) Theoretical Edge %: 1.9333% Cut Card Empiric Edge %: -1.9327%
CSM (Penetration: 0.0%) Theoretical Edge %: 1.9133% CSM Empiric Edge %: -1.9085%
CSM Error: 0.0048%, Cut Card Error: 0.0005%
CSM Speed: 3555138 hands/sec, Cut Card Speed: 11714952 hands/sec

[1477/3456] 
=== Starting Regression Test ===
NUM_ROUNDS:  1000000000
NUM_THREADS: 16
Scenario:    decks=6_ss17=False_das=False_sas=3_don=Any_reSplitAces=False_hitSplitAces=True_surr=yes_peek=True_bj-pays=1.5
============================

NOTE: surr=yes + peek=True — using the available surr=2-10 theoretical edge as a comparison baseline; edge assertion skipped.
Cut Card (Penetration: 75%) Theoretical Edge %: 0.5232% Cut Card Empiric Edge %: -0.5213%
CSM (Penetration: 0.0%) Theoretical Edge %: 0.5032% CSM Empiric Edge %: -0.5078%
CSM Error: -0.0046%, Cut Card Error: 0.0019%
CSM Speed: 3619150 hands/sec, Cut Card Speed: 11024751 hands/sec

[1478/3456] 
=== Starting Regression Test ===
NUM_ROUNDS:  1000000000
NUM_THREADS: 16
Scenario:    decks=2_ss17=True_das=False_sas=2_don=10-11_reSplitAces=False_hitSplitAces=True_surr=no_peek=True_bj-pays=1.2
============================

Cut Card (Penetration: 75%) Theoretical Edge %: 1.8452% Cut Card Empiric Edge %: -1.8345%
CSM (Penetration: 0.0%) Theoretical Edge %: 1.7822% CSM Empiric Edge %: -1.7856%
CSM Error: -0.0035%, Cut Card Error: 0.0107%
CSM Speed: 6931352 hands/sec, Cut Card Speed: 10954222 hands/sec

[1479/3456] 
=== Starting Regression Test ===
NUM_ROUNDS:  1000000000
NUM_THREADS: 16
Scenario:    decks=1_ss17=True_das=False_sas=2_don=10-11_reSplitAces=True_hitSplitAces=True_surr=no_peek=True_bj-pays=1.2
============================

Cut Card (Penetration: 75%) Theoretical Edge %: 1.6587% Cut Card Empiric Edge %: -1.6362%
CSM (Penetration: 0.0%) Theoretical Edge %: 1.5457% CSM Empiric Edge %: -1.5499%
CSM Error: -0.0042%, Cut Card Error: 0.0226%
CSM Speed: 8821220 hands/sec, Cut Card Speed: 11582922 hands/sec

[1480/3456] 
=== Starting Regression Test ===
NUM_ROUNDS:  1000000000
NUM_THREADS: 16
Scenario:    decks=1_ss17=True_das=False_sas=3_don=9-11_reSplitAces=True_hitSplitAces=True_surr=2-10_peek=False_bj-pays=1.5
============================

NOTE: surr=2-10 + peek=False — theoretical table may not match implementation; edge assertion skipped.
Cut Card (Penetration: 75%) Theoretical Edge %: 0.1767% Cut Card Empiric Edge %: -0.0499%
CSM (Penetration: 0.0%) Theoretical Edge %: 0.0637% CSM Empiric Edge %: 0.0842%
CSM Error: 0.1479%, Cut Card Error: 0.1268%
CSM Speed: 8617792 hands/sec, Cut Card Speed: 11353702 hands/sec

[1481/3456] 
=== Starting Regression Test ===
NUM_ROUNDS:  1000000000
NUM_THREADS: 16
Scenario:    decks=2_ss17=True_das=True_sas=4_don=9-11_reSplitAces=True_hitSplitAces=False_surr=no_peek=True_bj-pays=1.2
============================

Cut Card (Penetration: 75%) Theoretical Edge %: 1.6877% Cut Card Empiric Edge %: -1.6814%
CSM (Penetration: 0.0%) Theoretical Edge %: 1.6247% CSM Empiric Edge %: -1.6245%
CSM Error: 0.0002%, Cut Card Error: 0.0063%
CSM Speed: 6800454 hands/sec, Cut Card Speed: 11262530 hands/sec

[1482/3456] 
=== Starting Regression Test ===
NUM_ROUNDS:  1000000000
NUM_THREADS: 16
Scenario:    decks=1_ss17=True_das=False_sas=2_don=Any_reSplitAces=False_hitSplitAces=True_surr=no_peek=False_bj-pays=1.2
============================

Cut Card (Penetration: 75%) Theoretical Edge %: 1.4988% Cut Card Empiric Edge %: -1.5014%
CSM (Penetration: 0.0%) Theoretical Edge %: 1.3858% CSM Empiric Edge %: -1.3866%
CSM Error: -0.0008%, Cut Card Error: -0.0026%
CSM Speed: 8649322 hands/sec, Cut Card Speed: 11647545 hands/sec

[1483/3456] 
=== Starting Regression Test ===
NUM_ROUNDS:  1000000000
NUM_THREADS: 16
Scenario:    decks=1_ss17=True_das=False_sas=4_don=Any_reSplitAces=False_hitSplitAces=False_surr=no_peek=True_bj-pays=1.2
============================

Cut Card (Penetration: 75%) Theoretical Edge %: 1.5049% Cut Card Empiric Edge %: -1.4989%
CSM (Penetration: 0.0%) Theoretical Edge %: 1.3919% CSM Empiric Edge %: -1.3856%
CSM Error: 0.0062%, Cut Card Error: 0.0059%
CSM Speed: 8869652 hands/sec, Cut Card Speed: 11757928 hands/sec

[1484/3456] 
=== Starting Regression Test ===
NUM_ROUNDS:  1000000000
NUM_THREADS: 16
Scenario:    decks=1_ss17=False_das=False_sas=3_don=9-11_reSplitAces=True_hitSplitAces=False_surr=no_peek=False_bj-pays=1.5
============================

Cut Card (Penetration: 75%) Theoretical Edge %: 0.5321% Cut Card Empiric Edge %: -0.5378%
CSM (Penetration: 0.0%) Theoretical Edge %: 0.4191% CSM Empiric Edge %: -0.4209%
CSM Error: -0.0019%, Cut Card Error: -0.0057%
CSM Speed: 8668140 hands/sec, Cut Card Speed: 11469074 hands/sec

[1485/3456] 
=== Starting Regression Test ===
NUM_ROUNDS:  1000000000
NUM_THREADS: 16
Scenario:    decks=6_ss17=True_das=True_sas=2_don=9-11_reSplitAces=False_hitSplitAces=False_surr=no_peek=True_bj-pays=1.5
============================

Cut Card (Penetration: 75%) Theoretical Edge %: 0.5751% Cut Card Empiric Edge %: -0.5752%
CSM (Penetration: 0.0%) Theoretical Edge %: 0.5551% CSM Empiric Edge %: -0.5504%
CSM Error: 0.0047%, Cut Card Error: -0.0001%
CSM Speed: 3544176 hands/sec, Cut Card Speed: 11711522 hands/sec

[1486/3456] 
=== Starting Regression Test ===
NUM_ROUNDS:  1000000000
NUM_THREADS: 16
Scenario:    decks=6_ss17=True_das=False_sas=4_don=Any_reSplitAces=False_hitSplitAces=False_surr=yes_peek=True_bj-pays=1.5
============================

NOTE: surr=yes + peek=True — using the available surr=2-10 theoretical edge as a comparison baseline; edge assertion skipped.
Cut Card (Penetration: 75%) Theoretical Edge %: 0.4954% Cut Card Empiric Edge %: -0.4950%
CSM (Penetration: 0.0%) Theoretical Edge %: 0.4754% CSM Empiric Edge %: -0.4718%
CSM Error: 0.0036%, Cut Card Error: 0.0004%
CSM Speed: 3460854 hands/sec, Cut Card Speed: 11282607 hands/sec

[1487/3456] 
=== Starting Regression Test ===
NUM_ROUNDS:  1000000000
NUM_THREADS: 16
Scenario:    decks=2_ss17=True_das=False_sas=3_don=Any_reSplitAces=False_hitSplitAces=True_surr=yes_peek=True_bj-pays=1.5
============================

NOTE: surr=yes + peek=True — using the available surr=2-10 theoretical edge as a comparison baseline; edge assertion skipped.
Cut Card (Penetration: 75%) Theoretical Edge %: 0.1902% Cut Card Empiric Edge %: -0.2044%
CSM (Penetration: 0.0%) Theoretical Edge %: 0.1272% CSM Empiric Edge %: -0.1241%
CSM Error: 0.0031%, Cut Card Error: -0.0142%
CSM Speed: 6843831 hands/sec, Cut Card Speed: 11254291 hands/sec

[1488/3456] 
=== Starting Regression Test ===
NUM_ROUNDS:  1000000000
NUM_THREADS: 16
Scenario:    decks=2_ss17=True_das=False_sas=4_don=10-11_reSplitAces=True_hitSplitAces=False_surr=no_peek=True_bj-pays=1.2
============================

Cut Card (Penetration: 75%) Theoretical Edge %: 1.9244% Cut Card Empiric Edge %: -1.9153%
CSM (Penetration: 0.0%) Theoretical Edge %: 1.8615% CSM Empiric Edge %: -1.8578%
CSM Error: 0.0037%, Cut Card Error: 0.0092%
CSM Speed: 6721017 hands/sec, Cut Card Speed: 11093239 hands/sec

[1489/3456] 
=== Starting Regression Test ===
NUM_ROUNDS:  1000000000
NUM_THREADS: 16
Scenario:    decks=2_ss17=False_das=False_sas=4_don=10-11_reSplitAces=False_hitSplitAces=True_surr=no_peek=False_bj-pays=1.2
============================

Cut Card (Penetration: 75%) Theoretical Edge %: 2.1478% Cut Card Empiric Edge %: -2.1430%
CSM (Penetration: 0.0%) Theoretical Edge %: 2.0848% CSM Empiric Edge %: -2.0854%
CSM Error: -0.0005%, Cut Card Error: 0.0048%
CSM Speed: 6428057 hands/sec, Cut Card Speed: 10451614 hands/sec

[1490/3456] 
=== Starting Regression Test ===
NUM_ROUNDS:  1000000000
NUM_THREADS: 16
Scenario:    decks=1_ss17=False_das=True_sas=2_don=10-11_reSplitAces=True_hitSplitAces=True_surr=yes_peek=True_bj-pays=1.5
============================

NOTE: surr=yes + peek=True — using the available surr=2-10 theoretical edge as a comparison baseline; edge assertion skipped.
Cut Card (Penetration: 75%) Theoretical Edge %: 0.3209% Cut Card Empiric Edge %: -0.3347%
CSM (Penetration: 0.0%) Theoretical Edge %: 0.2079% CSM Empiric Edge %: -0.2136%
CSM Error: -0.0057%, Cut Card Error: -0.0138%
CSM Speed: 8363022 hands/sec, Cut Card Speed: 11388614 hands/sec

[1491/3456] 
=== Starting Regression Test ===
NUM_ROUNDS:  1000000000
NUM_THREADS: 16
Scenario:    decks=2_ss17=False_das=False_sas=3_don=9-11_reSplitAces=True_hitSplitAces=True_surr=2-10_peek=False_bj-pays=1.2
============================

NOTE: surr=2-10 + peek=False — theoretical table may not match implementation; edge assertion skipped.
Cut Card (Penetration: 75%) Theoretical Edge %: 1.9425% Cut Card Empiric Edge %: -1.8003%
CSM (Penetration: 0.0%) Theoretical Edge %: 1.8795% CSM Empiric Edge %: -1.7344%
CSM Error: 0.1451%, Cut Card Error: 0.1422%
CSM Speed: 6702997 hands/sec, Cut Card Speed: 10223694 hands/sec

[1492/3456] 
=== Starting Regression Test ===
NUM_ROUNDS:  1000000000
NUM_THREADS: 16
Scenario:    decks=2_ss17=True_das=False_sas=4_don=Any_reSplitAces=True_hitSplitAces=False_surr=no_peek=True_bj-pays=1.2
============================

Cut Card (Penetration: 75%) Theoretical Edge %: 1.7180% Cut Card Empiric Edge %: -1.7042%
CSM (Penetration: 0.0%) Theoretical Edge %: 1.6550% CSM Empiric Edge %: -1.6586%
CSM Error: -0.0036%, Cut Card Error: 0.0138%
CSM Speed: 6673518 hands/sec, Cut Card Speed: 10729844 hands/sec

[1493/3456] 
=== Starting Regression Test ===
NUM_ROUNDS:  1000000000
NUM_THREADS: 16
Scenario:    decks=2_ss17=True_das=True_sas=3_don=Any_reSplitAces=False_hitSplitAces=False_surr=2-10_peek=False_bj-pays=1.2
============================

NOTE: surr=2-10 + peek=False — theoretical table may not match implementation; edge assertion skipped.
Cut Card (Penetration: 75%) Theoretical Edge %: 1.6861% Cut Card Empiric Edge %: -1.5305%
CSM (Penetration: 0.0%) Theoretical Edge %: 1.6231% CSM Empiric Edge %: -1.4593%
CSM Error: 0.1638%, Cut Card Error: 0.1556%
CSM Speed: 6668400 hands/sec, Cut Card Speed: 11183055 hands/sec

[1494/3456] 
=== Starting Regression Test ===
NUM_ROUNDS:  1000000000
NUM_THREADS: 16
Scenario:    decks=2_ss17=True_das=True_sas=4_don=10-11_reSplitAces=True_hitSplitAces=True_surr=no_peek=False_bj-pays=1.5
============================

Cut Card (Penetration: 75%) Theoretical Edge %: 0.3939% Cut Card Empiric Edge %: -0.3923%
CSM (Penetration: 0.0%) Theoretical Edge %: 0.3309% CSM Empiric Edge %: -0.3295%
CSM Error: 0.0014%, Cut Card Error: 0.0016%
CSM Speed: 6500598 hands/sec, Cut Card Speed: 10870274 hands/sec

[1495/3456] 
=== Starting Regression Test ===
NUM_ROUNDS:  1000000000
NUM_THREADS: 16
Scenario:    decks=2_ss17=True_das=True_sas=2_don=9-11_reSplitAces=True_hitSplitAces=True_surr=no_peek=True_bj-pays=1.5
============================

Cut Card (Penetration: 75%) Theoretical Edge %: 0.2512% Cut Card Empiric Edge %: -0.2537%
CSM (Penetration: 0.0%) Theoretical Edge %: 0.1882% CSM Empiric Edge %: -0.1873%
CSM Error: 0.0010%, Cut Card Error: -0.0024%
CSM Speed: 6808418 hands/sec, Cut Card Speed: 10790047 hands/sec

[1496/3456] 
=== Starting Regression Test ===
NUM_ROUNDS:  1000000000
NUM_THREADS: 16
Scenario:    decks=6_ss17=False_das=False_sas=2_don=10-11_reSplitAces=True_hitSplitAces=False_surr=no_peek=True_bj-pays=1.2
============================

Cut Card (Penetration: 75%) Theoretical Edge %: 2.3574% Cut Card Empiric Edge %: -2.3507%
CSM (Penetration: 0.0%) Theoretical Edge %: 2.3374% CSM Empiric Edge %: -2.3356%
CSM Error: 0.0018%, Cut Card Error: 0.0067%
CSM Speed: 3511039 hands/sec, Cut Card Speed: 11362603 hands/sec

[1497/3456] 
=== Starting Regression Test ===
NUM_ROUNDS:  1000000000
NUM_THREADS: 16
Scenario:    decks=6_ss17=False_das=False_sas=3_don=10-11_reSplitAces=True_hitSplitAces=False_surr=no_peek=False_bj-pays=1.5
============================

Cut Card (Penetration: 75%) Theoretical Edge %: 1.0264% Cut Card Empiric Edge %: -1.0230%
CSM (Penetration: 0.0%) Theoretical Edge %: 1.0064% CSM Empiric Edge %: -1.0049%
CSM Error: 0.0014%, Cut Card Error: 0.0034%
CSM Speed: 3460950 hands/sec, Cut Card Speed: 10799952 hands/sec

[1498/3456] 
=== Starting Regression Test ===
NUM_ROUNDS:  1000000000
NUM_THREADS: 16
Scenario:    decks=1_ss17=False_das=False_sas=4_don=9-11_reSplitAces=True_hitSplitAces=False_surr=2-10_peek=False_bj-pays=1.5
============================

NOTE: surr=2-10 + peek=False — theoretical table may not match implementation; edge assertion skipped.
Cut Card (Penetration: 75%) Theoretical Edge %: 0.4892% Cut Card Empiric Edge %: -0.3846%
CSM (Penetration: 0.0%) Theoretical Edge %: 0.3762% CSM Empiric Edge %: -0.2355%
CSM Error: 0.1406%, Cut Card Error: 0.1046%
CSM Speed: 8289812 hands/sec, Cut Card Speed: 10793658 hands/sec

[1499/3456] 
=== Starting Regression Test ===
NUM_ROUNDS:  1000000000
NUM_THREADS: 16
Scenario:    decks=6_ss17=False_das=False_sas=2_don=9-11_reSplitAces=False_hitSplitAces=False_surr=2-10_peek=False_bj-pays=1.5
============================

NOTE: surr=2-10 + peek=False — theoretical table may not match implementation; edge assertion skipped.
Cut Card (Penetration: 75%) Theoretical Edge %: 0.9286% Cut Card Empiric Edge %: -0.7765%
CSM (Penetration: 0.0%) Theoretical Edge %: 0.9086% CSM Empiric Edge %: -0.7516%
CSM Error: 0.1570%, Cut Card Error: 0.1521%
CSM Speed: 3482100 hands/sec, Cut Card Speed: 10641015 hands/sec

[1500/3456] 
=== Starting Regression Test ===
NUM_ROUNDS:  1000000000
NUM_THREADS: 16
Scenario:    decks=1_ss17=True_das=True_sas=2_don=10-11_reSplitAces=True_hitSplitAces=True_surr=yes_peek=True_bj-pays=1.2
============================

NOTE: surr=yes + peek=True — using the available surr=2-10 theoretical edge as a comparison baseline; edge assertion skipped.
Cut Card (Penetration: 75%) Theoretical Edge %: 1.5308% Cut Card Empiric Edge %: -1.5335%
CSM (Penetration: 0.0%) Theoretical Edge %: 1.4178% CSM Empiric Edge %: -1.4197%
CSM Error: -0.0020%, Cut Card Error: -0.0027%
CSM Speed: 8298617 hands/sec, Cut Card Speed: 10660185 hands/sec

[1501/3456] 
=== Starting Regression Test ===
NUM_ROUNDS:  1000000000
NUM_THREADS: 16
Scenario:    decks=6_ss17=True_das=False_sas=3_don=10-11_reSplitAces=True_hitSplitAces=False_surr=no_peek=False_bj-pays=1.2
============================

Cut Card (Penetration: 75%) Theoretical Edge %: 2.1623% Cut Card Empiric Edge %: -2.1587%
CSM (Penetration: 0.0%) Theoretical Edge %: 2.1423% CSM Empiric Edge %: -2.1398%
CSM Error: 0.0025%, Cut Card Error: 0.0037%
CSM Speed: 3512827 hands/sec, Cut Card Speed: 10469669 hands/sec

[1502/3456] 
=== Starting Regression Test ===
NUM_ROUNDS:  1000000000
NUM_THREADS: 16
Scenario:    decks=2_ss17=False_das=False_sas=2_don=10-11_reSplitAces=True_hitSplitAces=True_surr=2-10_peek=False_bj-pays=1.5
============================

NOTE: surr=2-10 + peek=False — theoretical table may not match implementation; edge assertion skipped.
Cut Card (Penetration: 75%) Theoretical Edge %: 0.7293% Cut Card Empiric Edge %: -0.5946%
CSM (Penetration: 0.0%) Theoretical Edge %: 0.6663% CSM Empiric Edge %: -0.5176%
CSM Error: 0.1486%, Cut Card Error: 0.1347%
CSM Speed: 6701335 hands/sec, Cut Card Speed: 10758820 hands/sec

[1503/3456] 
=== Starting Regression Test ===
NUM_ROUNDS:  1000000000
NUM_THREADS: 16
Scenario:    decks=1_ss17=False_das=False_sas=3_don=10-11_reSplitAces=False_hitSplitAces=False_surr=no_peek=False_bj-pays=1.2
============================

Cut Card (Penetration: 75%) Theoretical Edge %: 2.0870% Cut Card Empiric Edge %: -2.0821%
CSM (Penetration: 0.0%) Theoretical Edge %: 1.9740% CSM Empiric Edge %: -1.9755%
CSM Error: -0.0015%, Cut Card Error: 0.0049%
CSM Speed: 8346479 hands/sec, Cut Card Speed: 10820988 hands/sec

[1504/3456] 
=== Starting Regression Test ===
NUM_ROUNDS:  1000000000
NUM_THREADS: 16
Scenario:    decks=6_ss17=False_das=False_sas=3_don=9-11_reSplitAces=True_hitSplitAces=False_surr=no_peek=False_bj-pays=1.5
============================

Cut Card (Penetration: 75%) Theoretical Edge %: 0.9434% Cut Card Empiric Edge %: -0.9400%
CSM (Penetration: 0.0%) Theoretical Edge %: 0.9234% CSM Empiric Edge %: -0.9219%
CSM Error: 0.0015%, Cut Card Error: 0.0034%
CSM Speed: 3484102 hands/sec, Cut Card Speed: 11006549 hands/sec

[1505/3456] 
=== Starting Regression Test ===
NUM_ROUNDS:  1000000000
NUM_THREADS: 16
Scenario:    decks=2_ss17=True_das=False_sas=3_don=9-11_reSplitAces=False_hitSplitAces=False_surr=yes_peek=True_bj-pays=1.5
============================

NOTE: surr=yes + peek=True — using the available surr=2-10 theoretical edge as a comparison baseline; edge assertion skipped.
Cut Card (Penetration: 75%) Theoretical Edge %: 0.4549% Cut Card Empiric Edge %: -0.4607%
CSM (Penetration: 0.0%) Theoretical Edge %: 0.3919% CSM Empiric Edge %: -0.3919%
CSM Error: -0.0001%, Cut Card Error: -0.0058%
CSM Speed: 6808140 hands/sec, Cut Card Speed: 11176181 hands/sec

[1506/3456] 
=== Starting Regression Test ===
NUM_ROUNDS:  1000000000
NUM_THREADS: 16
Scenario:    decks=6_ss17=False_das=True_sas=2_don=10-11_reSplitAces=False_hitSplitAces=False_surr=no_peek=False_bj-pays=1.2
============================

Cut Card (Penetration: 75%) Theoretical Edge %: 2.3596% Cut Card Empiric Edge %: -2.3685%
CSM (Penetration: 0.0%) Theoretical Edge %: 2.3396% CSM Empiric Edge %: -2.3353%
CSM Error: 0.0043%, Cut Card Error: -0.0089%
CSM Speed: 3491779 hands/sec, Cut Card Speed: 11279044 hands/sec

[1507/3456] 
=== Starting Regression Test ===
NUM_ROUNDS:  1000000000
NUM_THREADS: 16
Scenario:    decks=6_ss17=False_das=True_sas=4_don=10-11_reSplitAces=True_hitSplitAces=False_surr=2-10_peek=False_bj-pays=1.2
============================

NOTE: surr=2-10 + peek=False — theoretical table may not match implementation; edge assertion skipped.
Cut Card (Penetration: 75%) Theoretical Edge %: 2.1528% Cut Card Empiric Edge %: -2.0014%
CSM (Penetration: 0.0%) Theoretical Edge %: 2.1328% CSM Empiric Edge %: -1.9719%
CSM Error: 0.1609%, Cut Card Error: 0.1514%
CSM Speed: 3519045 hands/sec, Cut Card Speed: 10841166 hands/sec

[1508/3456] 
=== Starting Regression Test ===
NUM_ROUNDS:  1000000000
NUM_THREADS: 16
Scenario:    decks=6_ss17=True_das=True_sas=3_don=Any_reSplitAces=True_hitSplitAces=True_surr=2-10_peek=False_bj-pays=1.5
============================

NOTE: surr=2-10 + peek=False — theoretical table may not match implementation; edge assertion skipped.
Cut Card (Penetration: 75%) Theoretical Edge %: 0.2411% Cut Card Empiric Edge %: -0.0746%
CSM (Penetration: 0.0%) Theoretical Edge %: 0.2211% CSM Empiric Edge %: -0.0575%
CSM Error: 0.1636%, Cut Card Error: 0.1665%
CSM Speed: 3516224 hands/sec, Cut Card Speed: 11139207 hands/sec

[1509/3456] 
=== Starting Regression Test ===
NUM_ROUNDS:  1000000000
NUM_THREADS: 16
Scenario:    decks=6_ss17=True_das=False_sas=2_don=10-11_reSplitAces=False_hitSplitAces=False_surr=2-10_peek=False_bj-pays=1.5
============================

NOTE: surr=2-10 + peek=False — theoretical table may not match implementation; edge assertion skipped.
Cut Card (Penetration: 75%) Theoretical Edge %: 0.8043% Cut Card Empiric Edge %: -0.6409%
CSM (Penetration: 0.0%) Theoretical Edge %: 0.7843% CSM Empiric Edge %: -0.6163%
CSM Error: 0.1680%, Cut Card Error: 0.1634%
CSM Speed: 3647492 hands/sec, Cut Card Speed: 11202348 hands/sec

[1510/3456] 
=== Starting Regression Test ===
NUM_ROUNDS:  1000000000
NUM_THREADS: 16
Scenario:    decks=2_ss17=False_das=True_sas=4_don=9-11_reSplitAces=False_hitSplitAces=True_surr=no_peek=True_bj-pays=1.5
============================

Cut Card (Penetration: 75%) Theoretical Edge %: 0.4213% Cut Card Empiric Edge %: -0.4142%
CSM (Penetration: 0.0%) Theoretical Edge %: 0.3583% CSM Empiric Edge %: -0.3550%
CSM Error: 0.0033%, Cut Card Error: 0.0071%
CSM Speed: 6802490 hands/sec, Cut Card Speed: 11490555 hands/sec

[1511/3456] 
=== Starting Regression Test ===
NUM_ROUNDS:  1000000000
NUM_THREADS: 16
Scenario:    decks=6_ss17=False_das=False_sas=4_don=10-11_reSplitAces=False_hitSplitAces=False_surr=no_peek=True_bj-pays=1.5
============================

